634,3,66,117,39,42,26,71,64,40
634,4,87,64,80,2,88,91,106,54
634,5,70,48,62,32,6,29,15,105
634,6,45,121,118,43,120,29,109,10
634,7,24,21,119,66,82,98,52,5
634,8,39,10,43,26,135,70,109,117
634,9,0,32,116,97,108,129,69,60
634,10,115,77,133,21,40,45,89,24
634,11,104,49,111,121,58,112,72,135
634,12,95,56,119,84,7,24,48,93
634,13,6,15,38,30,134,33,122,78
634,14,3,138,85,57,47,100,40,108
634,15,38,89,65,87,1,133,46,102
634,16,112,40,125,82,84,91,110,133
634,17,25,34,93,138,85,128,129,12
634,18,122,100,34,69,140,81,115,36
634,19,12,21,42,34,33,22,73,142
634,20,73,31,37,64,79,135,1,39
634,21,91,63,39,132,27,42,122,124
634,22,41,142,59,109,98,78,43,34
634,23,6,3,60,70,4,18,69,140
634,24,28,16,104,56,140,27,103,13
634,25,66,139,60,141,6,91,107,10
634,26,79,21,141,37,44,15,36,13
634,27,46,135,138,31,63,14,82,5
634,28,91,64,51,76,112,18,73,2
634,29,51,111,125,77,65,6,32,128
634,30,99,13,52,70,86,3,76,4
634,31,80,64,77,24,39,19,51,78
634,32,3,112,92,39,138,36,110,27
634,33,98,67,34,121,38,68,55,19
634,34,20,92,38,42,125,23,136,47
634,35,70,120,60,127,12,72,80,65
634,36,108,97,128,79,76,138,29,9
634,37,99,81,72,40,114,127,75,135
634,38,33,108,42,100,120,54,68,20
634,39,73,46,4,102,84,2,53,119
634,40,90,24,137,29,17,122,26,79
634,41,51,67,142,2,58,66,108,54
634,42,21,47,30,7,120,32,96,110
634,43,83,63,10,108,91,132,101,93
634,44,57,45,81,86,83,135,0,5
635,3,42,15,91,142,34,100,39,26
635,4,108,64,139,141,65,91,51,104
635,5,7,2,12,21,46,83,54,15
635,6,66,142,42,109,121,87,45,20
635,7,24,29,19,106,71,66,21,119
635,8,135,102,4,46,40,39,10,26
635,9,133,129,118,116,75,128,87,32
635,10,136,79,33,133,90,89,5,130
635,11,104,49,46,121,117,23,42,29
635,12,119,95,89,56,84,93,41,22
635,13,6,15,19,35,13,98,101,38
635,14,40,138,36,85,117,32,20,18
635,15,38,87,93,44,39,1,25,89
635,16,112,46,40,43,89,71,18,91
635,17,93,138,34,94,85,109,6,68
635,18,115,122,9,140,70,34,69,77
635,19,136,71,140,78,73,32,39,33
635,20,79,67,62,73,1,55,95,135
635,21,39,110,91,63,132,38,128,98
635,22,98,78,139,79,70,41,65,12
635,23,72,32,3,6,2,133,101,89
635,24,99,134,22,28,56,27,104,68
635,25,66,139,60,34,117,6,91,24
635,26,141,37,13,21,44,77,54,36
635,27,5,46,27,78,135,31,118,74
635,28,76,29,142,64,51,20,99,96
635,29,111,77,137,51,125,57,108,30
635,30,52,13,99,57,4,42,70,72
635,31,80,39,69,10,85,24,77,94
635,32,112,92,39,131,0,127,142,24
635,33,106,67,121,98,1,72,129,42
635,34,38,42,23,20,25,47,125,103
635,35,127,60,70,120,65,79,12,67
635,36,108,100,73,15,29,106,79,97
635,37,99,81,72,114,75,76,95,40
635,38,108,33,68,20,54,42,140,135
635,39,73,86,84,28,46,119,102,4
635,40,24,137,29,90,17,66,14,49
635,41,51,2,142,58,66,54,65,26
635,42,21,30,47,7,110,107,26,4
635,43,63,10,108,87,91,52,93,59
635,44,0,81,86,42,135,22,55,73
636,3,133,13,32,142,39,42,87,127
636,4,26,105,84,106,95,125,14,86
636,5,134,89,88,139,115,64,11,95
636,6,89,77,81,60,61,87,96,73
636,7,125,86,52,71,36,114,29,106
636,8,99,10,46,98,39,72,117,35
636,9,83,34,58,126,0,71,121,137
636,10,37,133,98,19,85,89,24,18
636,11,49,104,121,76,26,30,23,27
636,12,99,119,95,89,37,29,42,49
636,13,128,101,6,15,106,134,86,126
636,14,36,40,99,117,67,18,108,82
636,15,121,38,39,87,129,93,94,133
636,16,112,79,32,91,138,71,67,128
636,17,34,88,43,58,55,92,25,128
636,18,34,122,140,70,69,86,100,77
636,19,73,140,33,71,136,42,119,78
636,20,73,63,1,135,45,132,90,79
636,21,39,91,63,87,132,128,130,124
636,22,98,70,78,65,59,138,41,77
636,23,89,130,6,131,3,32,140,56
636,24,104,68,28,134,99,27,91,56
636,25,66,139,60,91,22,6,62,141
636,26,96,21,141,50,79,15,119,13
636,27,5,135,31,46,27,14,93,105
636,28,118,71,73,64,132,109,47,76
636,29,137,125,113,52,65,28,57,121
636,30,52,42,48,3,9,83,127,138
636,31,39,20,76,17,2,5,10,135
636,32,106,29,39,55,62,142,10,138
636,33,99,106,137,83,12,19,121,20
636,34,70,103,42,25,88,23,38,133
636,35,127,54,134,143,67,31,65,59
636,36,108,73,72,27,106,15,40,86
636,37,76,95,81,19,96,134,125,114
636,38,140,68,63,24,20,25,141,100
636,39,6,84,86,53,11,119,60,118
636,40,94,70,72,66,27,101,14,125
636,41,97,22,141,46,65,112,20,58
636,42,26,1,107,87,55,53,52,42
636,43,55,92,116,70,132,13,40,93
636,44,54,83,130,24,39,17,124,125
637,3,30,109,119,66,13,133,38,55
637,4,54,34,6,85,33,17,42,83
637,5,67,47,95,39,18,52,64,40
637,6,81,55,71,70,90,121,37,92
637,7,71,66,29,0,55,8,137,93
637,8,85,98,69,99,49,81,134,88
637,9,133,24,50,58,1,125,59,38
637,10,1,81,73,29,133,130,80,49
637,11,86,49,88,66,104,89,97,121
637,12,29,140,119,95,18,14,113,42
637,13,4,54,15,98,121,103,101,126
637,14,89,109,47,40,36,25,94,33
637,15,41,126,121,25,35,9,141,38
637,16,4,112,56,94,10,47,21,106
637,17,113,0,6,17,68,34,26,43
637,18,128,3,140,73,86,34,70,9
637,19,140,71,73,94,138,33,48,77
637,20,62,84,95,42,73,0,135,52
637,21,39,49,128,113,91,63,8,23
637,22,139,98,78,65,70,4,101,83
637,23,69,32,89,126,56,36,3,44
637,24,68,35,99,104,27,69,91,13
637,25,90,66,139,76,91,126,60,62
637,26,137,24,21,44,119,96,82,13
637,27,5,8,71,46,93,135,31,100
637,28,90,109,142,29,23,139,68,52
637,29,57,124,121,137,78,118,113,35
637,30,66,52,94,46,42,121,124,92
637,31,45,75,39,10,143,107,54,85
637,32,51,62,93,141,29,84,131,83
637,33,58,72,39,106,113,89,48,1
637,34,129,76,117,70,40,140,14,25
637,35,127,54,35,59,56,9,13,65
637,36,40,89,86,73,100,27,106,107
637,37,95,51,91,108,78,18,130,36
637,38,63,140,84,31,68,27,12,136
637,39,127,84,6,28,53,86,2,62
637,40,110,33,94,69,72,66,27,14
637,41,141,126,102,7,116,46,26,35
637,42,26,80,107,36,35,1,53,42
637,43,91,55,111,120,13,58,116,101
637,44,105,80,79,24,135,124,122,125
638,3,49,12,62,90,97,68,19,39
638,4,52,117,21,123,109,16,6,62
638,5,54,65,88,39,6,116,71,60
638,6,15,44,3,95,118,81,59,82
638,7,117,124,66,106,42,102,53,122
638,8,10,30,98,83,16,102,132,26
638,9,32,37,87,136,112,116,117,84
638,10,73,32,47,2,81,85,80,98
638,11,55,137,121,49,67,77,104,66
638,12,3,37,119,18,106,59,70,29
638,13,10,4,142,141,120,107,54,41
638,14,105,72,63,40,32,89,106,82
638,15,32,115,126,15,12,121,17,127
638,16,56,90,112,32,4,123,33,45
638,17,20,56,6,81,43,95,141,110
638,18,31,86,106,115,140,100,12,77
638,19,79,94,140,0,77,33,5,37
638,20,135,71,97,62,35,45,42,67
638,21,39,128,95,38,93,113,103,48
638,22,139,62,78,12,98,83,101,130
638,23,32,101,99,7,30,50,133,117
638,24,69,99,82,91,61,27,68,37
638,25,66,139,45,74,11,88,60,141
638,26,50,21,36,4,13,141,44,24
638,27,135,78,46,27,31,5,124,131
638,28,40,64,76,29,119,99,20,73
638,29,27,137,111,78,60,19,75,32
638,30,52,9,43,3,46,87,133,42
638,31,107,39,69,31,17,51,4,24
638,32,62,19,29,138,125,67,87,51
638,33,83,121,67,1,38,97,42,8
638,34,70,42,25,92,38,28,26,24
638,35,54,127,123,66,4,80,0,130
638,36,106,27,72,96,64,111,86,15
638,37,96,108,134,81,112,10,114,113
638,38,140,24,29,68,128,20,98,106
638,39,84,6,86,55,11,73,63,119
638,40,94,122,66,123,24,14,44,22
638,41,141,98,136,89,26,112,142,86
638,42,87,142,26,107,105,1,46,136
638,43,55,121,32,48,39,112,13,106
638,44,30,116,143,129,130,89,124,5
639,3,84,19,120,76,39,96,44,112
639,4,9,99,139,92,82,59,129,18
639,5,5,97,140,71,118,56,89,26
639,6,120,100,12,65,81,135,61,105
639,7,85,5,66,101,42,106,108,83
639,8,60,39,1,16,51,91,114,4
639,9,0,36,32,51,47,75,81,101
639,10,135,116,89,17,139,79,24,97
639,11,95,113,100,49,27,59,30,29
639,12,120,76,95,37,119,8,112,18
639,13,91,4,49,19,6,15,35,141
639,14,40,16,138,79,82,106,65,91
639,15,9,99,134,43,93,33,38,39
639,16,112,54,143,137,88,79,71,24
639,17,94,45,41,43,6,34,138,0
639,18,34,70,86,77,137,9,122,17
639,19,140,71,33,94,136,32,0,77
639,20,67,17,0,1,62,135,90,111
639,21,39,63,110,128,28,115,91,132
639,22,25,78,98,70,65,57,19,85
639,23,16,89,32,133,11,104,31,2
639,24,128,104,131,68,134,90,100,89
639,25,5,88,66,74,139,60,35,31
639,26,13,103,21,97,10,7,70,108
639,27,31,5,46,94,135,125,138,27
639,28,76,29,52,13,65,2,142,118
639,29,63,137,7,57,26,121,36,103
639,30,132,52,83,119,60,3,57,120
639,31,39,85,110,2,94,10,34,88
639,32,84,137,108,29,120,125,55,24
639,33,106,19,137,39,99,121,8,58
639,34,83,104,42,77,40,14,38,103
639,35,127,47,119,77,126,116,31,113
639,36,108,15,9,106,131,84,123,107
639,37,78,19,71,14,130,95,110,133
639,38,68,98,87,141,20,25,115,29
639,39,86,28,60,119,92,64,2,26
639,40,40,66,27,72,94,70,140,125
639,41,15,46,112,65,2,68,124,5
639,42,1,107,26,8,110,11,52,42
639,43,47,111,52,116,1,101,128,82
639,44,13,56,130,124,17,39,122,24
640,3,40,61,125,28,121,19,38,93
640,4,24,123,125,14,117,52,89,42
640,5,109,39,113,55,72,116,54,106
640,6,85,110,45,133,83,118,92,73
640,7,42,0,36,50,86,130,106,85
640,8,11,10,98,55,46,121,8,111
640,9,73,76,108,81,106,130,143,89
640,10,2,121,86,25,47,43,24,99
640,11,44,49,104,66,55,67,76,121
640,12,37,36,119,33,99,18,89,82
640,13,44,19,106,137,141,49,54,90
640,14,40,32,117,72,63,80,7,36
640,15,93,115,39,32,41,44,121,1
640,16,137,71,112,32,43,23,47,128
640,17,94,45,43,56,6,128,92,39
640,18,9,57,86,115,19,70,77,140
640,19,140,94,78,33,71,136,119,77
640,20,67,1,62,121,135,40,35,12
640,21,39,128,116,28,132,85,30,47
640,22,139,65,57,98,78,62,137,83
640,23,7,85,30,133,101,99,69,82
640,24,99,69,134,100,56,91,27,105
640,25,114,139,11,34,88,76,6,65
640,26,141,50,4,15,36,124,103,19
640,27,78,114,46,31,131,27,135,124
640,28,20,76,137,6,64,119,33,77
640,29,29,60,103,30,33,111,87,48
640,30,52,88,70,4,135,126,11,91
640,31,39,19,17,10,51,107,135,13
640,32,131,84,138,27,53,143,129,49
640,33,120,51,121,1,85,142,97,83
640,34,70,25,38,92,47,136,26,4
640,35,123,80,76,41,67,58,66,113
640,36,106,14,27,128,96,138,109,35
640,37,96,23,81,108,135,114,10,45
640,38,140,29,54,67,101,68,141,20
640,39,84,60,55,63,62,86,73,109
640,40,94,123,91,125,55,7,32,44
640,41,98,58,141,75,130,107,26,87
640,42,127,87,23,121,107,77,26,25
640,43,121,131,32,70,40,112,55,110
640,44,129,37,30,103,134,95,36,46
641,3,2,11,104,74,73,96,87,135
641,4,49,96,73,77,37,17,110,22
641,5,99,45,15,95,16,9,102,134
641,6,121,42,142,97,34,135,70,118
641,7,24,119,66,127,71,122,5,124
641,8,94,93,135,43,137,116,10,26
641,9,53,30,97,1,92,129,113,8
641,10,125,49,42,41,69,24,134,128
641,11,121,49,64,135,34,120,132,10
641,12,42,95,11,119,7,18,102,111
641,13,6,70,15,84,4,102,78,19
641,14,138,69,100,40,47,17,80,82
641,15,38,87,3,1,47,93,59,35
641,16,131,112,46,27,20,40,87,22
641,17,138,34,100,51,129,6,94,55
641,18,122,140,34,107,9,115,70,17
641,19,71,140,136,12,33,21,32,22
641,20,31,73,140,64,79,101,12,132
641,21,39,63,105,110,124,91,27,130
641,22,126,34,142,78,133,41,22,65
641,23,6,60,47,70,3,95,41,133
641,24,99,74,140,79,27,0,104,22
641,25,139,91,60,59,29,66,65,6
641,26,15,79,0,122,37,67,36,30
641,27,78,137,35,46,131,65,92,25
641,28,20,74,33,86,98,48,64,126
641,29,130,30,74,48,103,121,42,29
641,30,70,114,126,3,75,4,124,141
641,31,39,19,127,80,94,102,10,78
641,32,131,138,117,57,23,115,128,25
641,33,1,129,121,85,14,72,106,67
641,34,25,47,92,55,4,43,75,26
641,35,127,55,75,44,113,58,65,135
641,36,96,111,100,89,15,51,13,73
641,37,135,45,74,6,91,109,114,34
641,38,54,29,113,131,141,98,84,74
641,39,43,86,73,118,22,42,134,71
641,40,105,2,7,55,49,44,125,43
641,41,50,25,45,87,28,58,55,44
641,42,127,54,107,97,8,1,39,69
641,43,138,131,78,95,70,120,93,4
641,44,69,131,10,128,95,68,70,143
642,3,22,56,42,118,76,136,96,54
642,4,120,141,88,80,39,37,7,94
642,5,119,29,4,2,76,99,140,78
642,6,115,120,143,47,121,112,29,123
642,7,79,84,66,24,52,67,57,137
642,8,80,76,137,93,116,98,26,72
642,9,93,25,92,128,106,120,1,97
642,10,39,115,132,135,99,49,52,103
642,11,38,32,104,132,49,121,105,135
642,12,102,42,13,39,129,68,7,95
642,13,70,104,6,94,115,15,107,46
642,14,24,121,138,21,132,57,47,35
642,15,130,4,26,38,17,91,126,115
642,16,26,27,59,112,46,110,67,82
642,17,0,51,138,34,43,72,6,92
642,18,73,107,122,140,69,81,3,128
642,19,94,140,71,100,33,47,42,119
642,20,101,90,16,109,62,119,67,30
642,21,39,89,120,63,110,73,93,130
642,22,125,88,34,78,133,142,65,40
642,23,58,39,47,133,126,6,49,98
642,24,72,99,69,41,27,110,74,33
642,25,74,51,109,91,19,76,139,9
642,26,122,115,82,78,37,91,15,1
642,27,71,78,56,20,46,65,100,93
642,28,138,29,74,106,1,124,20,48
642,29,140,121,3,103,74,30,108,124
642,30,70,46,124,87,51,3,131,75
642,31,42,39,19,94,80,32,113,88
642,32,37,131,138,24,128,2,83,87
642,33,129,72,39,106,1,16,85,89
642,34,98,47,129,43,25,36,50,107
642,35,127,21,44,35,62,135,130,63
642,36,89,73,111,96,35,90,41,14
642,37,103,109,12,83,105,88,72,95
642,38,54,63,29,59,9,98,95,136
642,39,84,52,71,43,39,69,105,120
642,40,2,33,49,91,44,28,55,65
642,41,64,28,111,44,31,123,112,89
642,42,97,107,102,32,53,26,52,93
642,43,36,137,120,13,103,58,112,7
642,44,74,68,45,7,92,41,6,113
643,3,135,80,37,40,42,112,88,76
643,4,46,81,80,120,110,118,140,64
643,5,119,9,15,73,17,29,140,78
643,6,78,121,118,130,34,29,20,68
643,7,24,105,66,15,52,70,84,86
643,8,46,93,116,26,109,10,88,60
643,9,141,93,138,128,69,134,136,131
643,10,39,56,99,69,24,67,65,5
643,11,132,121,16,70,67,35,4,27
643,12,102,37,84,70,42,3,120,59
643,13,70,44,115,54,71,41,106,107
643,14,72,40,63,112,32,124,66,117
643,15,32,93,115,74,139,127,25,4
643,16,137,47,27,90,112,71,26,57
643,17,51,0,56,38,6,140,90,95
643,18,86,20,106,132,70,57,122,75
643,19,128,77,10,119,94,37,140,79
643,20,12,135,67,79,101,121,65,45
643,21,77,9,116,39,115,63,132,60
643,22,115,125,78,65,133,117,50,130
643,23,72,137,117,140,133,54,58,112
643,24,69,22,12,99,120,143,97,56
643,25,74,42,18,116,88,38,115,39
643,26,98,115,66,97,109,118,122,78
643,27,79,42,97,93,92,125,137,20
643,28,106,107,141,29,124,74,67,34
643,29,121,3,13,138,103,132,87,140
643,30,57,46,41,53,120,72,123,96
643,31,85,125,3,124,138,19,113,10
643,32,37,42,128,44,93,5,112,108
643,33,106,39,40,104,48,63,16,129
643,34,83,98,40,80,13,42,47,39
643,35,127,101,19,99,65,58,113,10
643,36,58,103,116,9,35,48,107,96
643,37,14,68,109,27,16,126,91,119
643,38,40,84,134,9,10,87,68,125
643,39,86,60,28,7,115,67,34,141
643,40,2,133,98,126,46,20,90,124
643,41,33,68,11,28,76,124,23,112
643,42,107,8,102,32,97,98,136,26
643,43,64,49,120,103,70,125,13,82
643,44,68,17,61,135,24,67,142,143
644,3,81,34,24,13,38,71,19,37
644,4,103,20,135,37,88,115,126,106
644,5,91,117,123,29,72,89,70,133
644,6,113,67,135,26,92,106,34,134
644,7,99,140,57,46,53,3,75,124
644,8,63,16,109,5,8,10,51,132
644,9,103,87,93,136,125,141,98,59
644,10,47,111,39,100,65,99,89,4
644,11,78,104,91,29,75,49,121,59
644,12,102,67,37,98,118,59,100,7
644,13,36,6,70,52,15,10,86,54
644,14,97,138,124,72,25,32,24,141
644,15,11,32,134,87,25,91,43,45
644,16,20,6,112,59,33,85,71,68
644,17,0,51,56,6,67,43,34,138
644,18,86,31,78,132,122,106,75,139
644,19,79,59,77,119,71,37,140,94
644,20,105,101,135,1,121,12,45,100
644,21,113,14,42,92,63,77,39,48
644,22,125,115,78,37,28,12,117,81
644,23,47,117,91,24,58,6,133,18
644,24,69,61,52,2,33,111,41,59
644,25,74,45,51,112,125,106,40,65
644,26,115,78,122,111,67,118,143,0
644,27,100,25,104,71,56,96,65,77
644,28,38,31,106,1,124,48,136,91
644,29,121,25,76,0,103,87,65,140
644,30,51,71,46,142,44,67,41,57
644,31,42,19,94,3,85,10,143,4
644,32,57,37,88,128,42,137,92,138
644,33,72,39,48,20,78,8,16,71
644,34,112,98,43,45,129,67,47,33
644,35,44,124,66,143,116,136,21,88
644,36,89,48,27,39,132,113,6,140
644,37,83,95,40,136,9,69,114,105
644,38,62,67,89,70,84,41,33,29
644,39,115,39,107,71,89,130,0,101
644,40,2,68,44,125,43,65,76,59
644,41,63,28,44,33,61,86,141,128
644,42,107,8,102,75,41,34,2,1
644,43,74,95,66,129,120,123,70,9
644,44,139,70,68,45,115,49,25,36
645,3,125,39,85,80,41,118,83,54
645,4,34,122,5,132,30,106,9,18
645,5,56,26,102,142,139,60,89,36
645,6,95,37,107,71,90,86,128,8
645,7,136,17,36,104,18,130,46,137
645,8,10,54,34,75,62,67,101,130
645,9,4,15,115,128,16,135,36,143
645,10,122,124,48,69,96,79,126,30
645,11,85,67,22,100,7,124,33,121
645,12,70,115,107,117,101,95,140,96
645,13,100,71,21,62,69,89,17,94
645,14,63,53,52,13,0,72,82,113
645,15,55,41,27,19,94,76,129,64
645,16,15,37,106,13,43,116,30,27
645,17,126,81,67,56,23,22,12,121
645,18,106,58,125,0,115,31,73,88
645,19,10,83,63,70,78,8,20,131
645,20,49,90,4,103,109,102,105,1
645,21,120,14,54,77,89,13,20,9
645,22,130,117,20,44,128,125,103,6
645,23,49,24,105,133,117,33,103,98
645,24,15,69,33,61,134,97,82,65
645,25,74,61,21,42,22,5,45,88
645,26,98,115,66,116,1,97,7,82
645,27,79,25,100,32,77,127,93,104
645,28,141,119,106,31,34,134,124,120
645,29,121,0,116,76,140,52,103,13
645,30,44,142,57,46,104,41,59,124
645,31,85,23,42,113,36,19,143,124
645,32,42,70,32,123,37,109,88,82
645,33,56,129,39,63,106,71,38,23
645,34,112,100,67,129,83,70,40,107
645,35,97,66,124,127,19,110,21,102
645,36,116,27,48,104,65,12,132,111
645,37,70,68,135,50,23,15,95,109
645,38,62,134,40,9,143,20,29,30
645,39,82,84,105,60,49,86,71,89
645,40,2,115,68,49,124,6,48,142
645,41,79,27,33,90,74,136,64,44
645,42,38,81,89,107,8,22,102,1
645,43,74,86,66,132,13,69,114,54
645,44,127,136,119,90,89,49,137,45
646,3,52,136,83,90,62,63,24,143
646,4,129,86,59,21,135,33,56,87
646,5,18,55,6,27,58,54,139,76
646,6,93,110,44,90,142,87,39,73
646,7,42,82,64,73,36,17,108,130
646,8,141,54,10,56,0,15,61,40
646,9,15,13,4,12,88,27,47,58
646,10,122,48,14,40,3,74,63,90
646,11,67,124,43,30,121,29,123,110
646,12,70,115,117,68,114,101,110,65
646,13,21,71,124,69,77,62,56,90
646,14,90,63,0,72,122,52,53,117
646,15,19,72,14,52,94,41,63,115
646,16,95,19,15,8,13,63,90,116
646,17,81,126,56,42,39,21,19,6
646,18,106,58,46,31,130,20,125,72
646,19,10,48,11,142,77,32,36,34
646,20,74,65,137,12,50,17,102,122
646,21,77,54,88,115,116,141,3,47
646,22,19,117,29,70,44,137,12,130
646,23,72,117,140,112,44,134,33,137
646,24,69,97,12,15,18,14,22,89
646,25,74,42,35,116,18,78,115,5
646,26,98,115,66,118,7,97,27,109
646,27,79,42,76,100,25,97,103,77
646,28,106,29,124,107,0,119,134,120
646,29,121,103,3,140,0,48,75,29
646,30,44,104,57,41,142,72,46,96
646,31,19,85,125,101,143,80,39,1
646,32,66,42,4,70,2,87,59,138
646,33,106,39,129,56,16,63,41,71
646,34,112,100,98,42,47,40,68,107
646,35,127,19,66,124,140,67,97,58
646,36,116,48,27,63,58,9,14,35
646,37,70,15,109,135,10,115,14,91
646,38,62,29,40,54,143,20,9,32
646,39,82,7,105,86,84,71,60,39
646,40,2,115,49,98,68,48,26,62
646,41,90,98,68,33,2,112,79,28
646,42,107,89,8,81,1,34,102,15
646,43,74,13,114,9,109,65,139,27
646,44,5,119,117,137,50,122,31,79
647,3,72,59,95,80,141,136,2,109
647,4,73,80,25,93,13,38,126,134
647,5,30,9,117,54,70,72,125,99
647,6,16,51,66,92,37,42,130,95
647,7,118,108,117,66,139,24,57,101
647,8,93,63,17,112,68,22,114,121
647,9,52,131,140,56,69,36,130,104
647,10,83,13,51,57,56,102,49,69
647,11,1,101,132,67,121,26,8,16
647,12,108,37,70,85,52,127,131,84
647,13,86,60,70,10,6,71,15,125
647,14,73,138,55,72,5,124,0,76
647,15,117,32,20,48,127,68,59,11
647,16,27,132,47,46,137,83,112,87
647,17,0,74,141,38,140,40,138,6
647,18,107,31,73,106,86,122,114,0
647,19,78,85,129,37,71,100,140,77
647,20,127,101,109,135,12,67,90,58
647,21,9,63,1,110,120,39,129,116
647,22,125,78,34,106,46,98,142,19
647,23,54,72,41,6,98,133,60,140
647,24,22,69,50,99,32,95,140,46
647,25,88,38,74,109,139,18,16,136
647,26,91,97,79,7,135,72,27,122
647,27,79,42,131,92,137,27,98,77
647,28,29,106,86,67,126,107,124,69
647,29,121,3,48,103,29,87,140,13
647,30,57,21,46,41,96,120,3,72
647,31,125,85,80,74,101,19,70,39
647,32,66,2,12,4,138,42,125,29
647,33,106,39,46,16,42,129,63,104
647,34,98,83,40,42,80,47,13,107
647,35,127,19,101,97,99,62,124,21
647,36,58,116,103,9,35,14,51,15
647,37,14,115,43,109,68,135,23,126
647,38,40,68,87,9,12,29,101,20
647,39,86,60,7,28,105,71,34,141
647,40,2,133,98,90,105,55,46,106
647,41,33,68,112,50,11,90,6,76
647,42,107,8,1,26,14,34,32,22
647,43,49,64,111,109,9,125,116,112
647,44,24,107,79,135,13,38,141,130
648,3,81,71,13,63,24,94,19,40
648,4,103,20,73,135,88,80,37,115
648,5,91,117,123,72,13,127,51,70
648,6,113,67,135,42,89,92,20,106
648,7,99,53,124,57,0,3,118,127
648,8,63,16,137,93,109,10,51,25
648,9,103,87,93,140,52,37,23,101
648,10,47,111,100,65,83,93,89,134
648,11,78,91,1,104,125,57,132,138
648,12,102,67,37,100,42,98,118,127
648,13,36,70,6,5,86,44,26,125
648,14,97,138,124,73,3,25,32,63
648,15,11,134,32,25,117,87,43,45
648,16,20,6,47,137,27,106,83,59
648,17,56,118,24,0,51,11,6,34
648,18,86,106,78,122,130,20,44,132
648,19,10,77,119,79,128,71,62,142
648,20,12,65,135,105,143,137,79,0
648,21,77,63,20,116,141,115,120,72
648,22,125,78,59,35,29,115,37,28
648,23,47,4,91,117,112,137,6,78
648,24,69,52,120,59,122,22,143,25
648,25,74,116,42,39,68,88,76,22
648,26,115,98,127,97,118,143,78,68
648,27,79,42,119,13,70,40,49,65
648,28,107,106,141,56,87,48,139,124
648,29,121,13,25,87,26,16,132,62
648,30,71,46,53,96,57,110,112,136
648,31,30,138,85,32,53,19,3,80
648,32,93,37,76,57,142,128,32,33
648,33,16,40,137,5,23,97,90,79
648,34,98,11,40,107,117,43,36,121
648,35,97,101,124,116,128,99,75,126
648,36,48,82,60,103,124,14,35,143
648,37,43,91,27,129,37,20,138,16
648,38,62,40,9,142,55,20,112,106
648,39,60,7,39,0,90,26,71,79
648,40,68,6,44,91,137,98,29,121
648,41,63,33,44,50,112,109,71,73
648,42,107,14,34,8,78,80,121,13
648,43,74,9,95,109,90,123,120,66
648,44,139,70,25,38,107,85,141,8
649,3,120,143,85,75,26,66,38,107
649,4,129,68,122,104,99,127,35,45
649,5,58,56,142,140,44,110,39,26
649,6,28,6,39,37,110,70,46,69
649,7,82,36,17,53,42,139,18,114
649,8,55,75,140,61,62,53,54,68
649,9,11,113,88,27,143,1,128,81
649,10,68,40,35,30,122,113,9,89
649,11,67,61,73,87,85,83,10,138
649,12,70,117,96,71,114,51,118,98
649,13,123,62,77,73,33,65,93,96
649,14,90,53,0,82,52,10,65,16
649,15,19,139,14,46,91,123,84,60
649,16,105,48,19,21,67,30,57,116
649,17,21,112,81,15,16,140,56,71
649,18,136,58,95,46,143,6,125,44
649,19,10,14,142,104,41,137,112,117
649,20,74,90,20,92,59,44,1,102
649,21,88,12,141,20,77,104,47,14
649,22,113,49,29,128,136,13,117,41
649,23,79,117,106,78,4,94,112,26
649,24,97,18,25,69,6,14,129,112
649,25,42,74,78,125,52,100,88,116
649,26,98,114,127,97,68,29,0,48
649,27,79,13,81,77,49,32,106,42
649,28,107,141,56,34,112,101,103,2
649,29,13,121,25,41,0,87,62,75
649,30,53,57,46,73,2,88,67,92
649,31,30,85,45,91,124,3,20,46
649,32,76,24,37,93,32,33,83,115
649,33,136,40,90,79,69,58,138,82
649,34,11,67,79,36,140,121,41,115
649,35,6,101,23,129,63,57,75,87
649,36,95,48,76,6,8,36,79,103
649,37,77,37,20,43,23,27,129,130
649,38,78,62,40,2,59,119,9,37
649,39,17,81,0,39,34,137,129,119
649,40,58,121,44,122,69,113,125,1
649,41,33,105,118,94,44,83,17,89
649,42,45,8,78,5,10,16,135,139
649,43,74,102,46,90,99,132,83,112
649,44,94,21,87,130,48,6,112,63
650,3,65,126,88,112,83,94,40,79
650,4,66,79,136,71,50,56,4,61
650,5,37,97,52,36,128,20,110,55
650,6,40,62,51,123,12,57,112,67
650,7,104,127,124,65,130,97,139,87
650,8,65,17,100,106,105,74,91,12
650,9,3,10,6,136,64,112,46,71
650,10,36,46,62,24,139,38,56,90
650,11,90,44,54,51,143,67,45,73
650,12,61,12,9,72,70,117,96,97
650,13,133,107,82,31,136,18,41,30
650,14,127,90,59,103,91,25,65,122
650,15,104,33,19,14,42,77,99,60
650,16,142,53,92,127,80,31,54,40
650,17,56,122,16,99,118,81,71,68
650,18,136,106,30,101,2,6,104,10
650,19,10,90,142,112,119,46,41,137
650,20,88,1,56,40,11,38,102,104
650,21,77,143,106,120,2,141,91,139
650,22,100,42,31,29,48,70,117,119
650,23,117,59,112,61,105,33,43,69
650,24,69,18,66,97,46,125,84,85
650,25,74,39,116,88,71,136,119,5
650,26,98,97,127,118,7,115,136,18
650,27,79,42,76,106,13,97,70,30
650,28,107,106,66,130,25,29,121,119
650,29,121,13,123,88,0,138,62,87
650,30,46,53,44,136,29,57,72,24
650,31,124,3,53,1,125,85,113,32
650,32,93,37,85,76,32,33,5,36
650,33,40,39,16,125,4,35,65,97
650,34,80,40,83,98,67,11,13,79
650,35,97,127,101,99,125,19,102,10
650,36,58,116,103,8,99,35,27,48
650,37,14,50,113,27,68,15,110,119
650,38,40,134,10,17,9,79,51,7
650,39,86,28,105,98,13,64,60,110
650,40,133,124,68,6,80,20,105,5
650,41,33,68,27,72,11,90,6,48
650,42,0,14,8,107,78,2,44,13
650,43,74,9,90,66,68,24,140,103
650,44,4,1,135,130,142,34,92,32
651,3,107,142,60,85,140,52,68,51
651,4,95,108,86,34,75,133,13,99
651,5,128,102,25,82,51,104,61,24
651,6,76,8,124,4,39,94,130,31
651,7,82,143,132,114,139,2,78,130
651,8,140,55,60,53,43,80,81,69
651,9,11,10,41,88,81,114,128,135
651,10,113,35,14,8,48,74,21,85
651,11,73,83,67,61,87,85,135,19
651,12,70,9,86,117,61,64,71,52
651,13,123,107,73,135,65,133,51,62
651,14,90,14,122,127,52,77,124,65
651,15,19,14,60,39,105,57,96,135
651,16,48,105,92,19,127,91,67,30
651,17,115,57,114,140,129,71,81,99
651,18,136,58,143,46,125,77,2,138
651,19,10,142,112,90,9,115,41,137
651,20,74,88,44,50,66,27,56,102
651,21,88,143,77,13,91,85,12,47
651,22,93,113,29,136,100,117,31,90
651,23,43,94,26,106,98,4,33,108
651,24,97,18,25,8,14,112,105,10
651,25,74,42,88,78,116,18,125,52
651,26,98,114,97,127,66,12,136,40
651,27,79,97,42,81,125,76,70,137
651,28,107,34,141,103,12,106,110,31
651,29,13,123,0,121,88,103,87,41
651,30,73,2,53,57,46,136,88,110
651,31,3,63,85,124,30,46,0,135
651,32,93,32,84,27,131,37,75,70
651,33,40,136,35,65,63,13,125,138
651,34,11,67,80,79,33,98,83,60
651,35,101,19,6,23,102,84,58,10
651,36,95,48,116,103,39,138,27,49
651,37,117,14,121,124,50,52,94,7
651,38,134,100,62,40,2,20,9,101
651,39,13,34,17,105,0,93,112,63
651,40,2,68,121,133,106,124,6,125
651,41,27,33,68,89,77,142,44,91
651,42,0,8,121,107,34,78,64,108
651,43,74,65,11,27,111,50,16,99
651,44,64,94,5,92,89,102,11,44
652,3,34,141,81,40,38,114,80,55
652,4,110,38,13,34,31,102,83,37
652,5,72,117,89,137,128,4,36,93
652,6,16,51,24,67,59,135,37,96
652,7,108,137,57,64,97,42,139,99
652,8,63,121,114,68,43,40,104,141
652,9,56,130,136,109,81,131,98,128
652,10,51,57,56,103,9,54,69,10
652,11,101,102,82,56,75,39,123,3
652,12,96,127,131,20,54,52,61,21
652,13,66,45,6,41,133,107,91,136
652,14,49,90,127,122,91,129,65,88
652,15,112,20,19,11,98,104,80,1
652,16,69,137,53,92,79,106,126,63
652,17,56,60,74,53,6,16,34,103
652,18,136,106,130,77,37,0,39,138
652,19,10,90,142,37,119,8,77,48
652,20,137,38,17,65,40,97,0,74
652,21,141,77,120,93,115,20,36,91
652,22,46,70,29,78,118,114,28,31
652,23,112,46,117,38,25,63,97,126
652,24,126,69,18,32,125,42,46,112
652,25,74,39,116,88,11,22,71,76
652,26,98,97,115,127,118,7,58,109
652,27,79,42,76,97,94,104,125,62
652,28,66,107,106,29,119,31,45,89
652,29,121,13,123,44,43,105,94,88
652,30,46,44,57,53,41,29,67,24
652,31,1,3,124,53,125,85,120,113
652,32,66,93,70,5,85,142,14,21
652,33,39,43,40,35,125,16,44,41
652,34,80,83,105,40,13,98,67,16
652,35,97,127,101,99,125,19,140,62
652,36,116,58,99,103,27,35,14,63
652,37,14,52,50,15,68,60,77,108
652,38,134,40,51,32,9,20,100,34
652,39,105,13,86,64,34,28,122,60
652,40,133,124,111,20,98,62,128,68
652,41,33,68,90,56,11,47,76,96
652,42,0,37,8,107,63,4,2,13
652,43,111,143,11,9,57,113,139,120
652,44,44,7,79,43,22,122,135,86
653,3,58,117,32,68,54,115,19,133
653,4,91,54,28,142,9,4,38,53
653,5,45,141,130,4,114,48,128,110
653,6,60,51,45,80,123,109,55,36
653,7,100,74,137,87,132,65,12,139
653,8,111,43,83,51,139,114,60,30
653,9,32,71,133,119,36,66,130,97
653,10,136,62,54,57,89,38,130,134
653,11,134,94,67,140,29,46,121,76
653,12,109,96,41,37,22,127,138,70
653,13,130,45,44,40,30,38,91,5
653,14,8,117,124,76,31,33,122,71
653,15,18,16,57,98,93,81,39,89
653,16,18,137,69,106,57,84,40,136
653,17,139,56,24,74,6,34,0,71
653,18,105,130,6,106,37,86,136,20
653,19,10,128,142,119,108,66,17,29
653,20,53,137,65,12,74,50,143,62
653,21,77,116,49,115,17,63,111,47
653,22,109,56,78,71,29,77,18,134
653,23,38,46,130,40,4,31,6,133
653,24,42,12,90,69,13,143,97,25
653,25,74,88,42,116,39,30,52,78
653,26,98,97,127,58,40,122,114,66
653,27,79,125,42,97,94,62,30,106
653,28,107,91,29,89,0,66,112,57
653,29,105,13,121,7,98,41,87,123
653,30,99,46,53,57,120,59,83,3
653,31,3,47,124,85,10,53,63,32
653,32,92,100,37,135,3,131,57,93
653,33,34,40,127,13,16,39,41,135
653,34,83,80,13,98,79,40,117,39
653,35,120,101,127,140,19,99,49,124
653,36,103,58,116,35,9,99,11,8
653,37,14,68,50,109,33,119,45,108
653,38,40,33,9,100,87,82,45,70
653,39,46,28,86,13,105,141,20,77
653,40,137,133,111,20,128,7,122,79
653,41,51,33,68,56,122,11,72,48
653,42,91,8,107,4,63,84,22,2
653,43,108,26,111,63,9,16,11,101
653,44,81,42,0,135,57,79,64,48
654,3,65,82,71,25,67,7,102,4
654,4,125,86,24,126,84,135,112,91
654,5,113,50,122,75,11,39,54,118
654,6,96,77,138,55,11,61,112,39
654,7,128,82,30,11,18,101,39,124
654,8,55,10,132,54,11,83,88,64
654,9,71,42,122,130,116,75,21,113
654,10,94,18,27,86,40,83,62,89
654,11,60,2,67,21,140,24,22,97
654,12,96,70,142,41,99,117,22,30
654,13,44,71,77,41,133,12,89,20
654,14,90,68,123,76,117,122,53,6
654,15,19,129,98,139,81,93,125,39
654,16,137,92,13,30,79,45,60,76
654,17,56,87,109,101,137,71,106,128
654,18,130,136,6,125,106,58,123,111
654,19,10,142,119,90,66,108,53,17
654,20,137,40,65,53,50,67,41,17
654,21,77,116,80,20,31,135,17,139
654,22,134,77,29,83,71,137,129,50
654,23,85,130,61,30,33,79,25,68
654,24,60,70,12,85,69,97,129,137
654,25,88,74,76,114,116,117,43,86
654,26,97,124,98,12,93,40,8,50
654,27,79,97,42,62,82,28,137,124
654,28,75,137,107,29,106,127,124,114
654,29,60,82,13,121,75,87,39,103
654,30,139,20,53,57,41,43,46,99
654,31,47,76,85,124,6,3,53,113
654,32,100,18,109,19,32,78,131,88
654,33,57,99,13,41,135,16,139,40
654,34,80,83,137,105,98,103,42,40
654,35,101,123,97,125,21,41,119,116
654,36,58,116,11,8,103,63,34,27
654,37,68,14,23,10,96,33,29,113
654,38,40,71,9,119,10,34,20,100
654,39,11,12,55,77,42,72,34,64
654,40,133,6,93,20,73,91,123,2
654,41,33,72,61,52,68,141,11,98
654,42,8,87,107,121,64,84,23,22
654,43,132,9,6,121,55,111,139,11
654,44,30,83,135,116,106,85,24,2
655,3,25,104,0,44,63,40,73,131
655,4,23,10,8,116,19,91,17,136
655,5,126,78,30,82,51,87,14,134
655,6,24,10,117,15,85,19,70,61
655,7,129,101,49,122,83,70,124,47
655,8,59,33,92,11,43,101,126,42
655,9,35,103,113,131,86,63,47,143
655,10,4,100,78,18,62,69,10,27
655,11,45,8,91,10,29,132,76,101
655,12,57,123,98,131,96,51,120,22
655,13,78,6,44,70,36,30,130,8
655,14,2,88,138,8,143,141,139,129
655,15,47,102,68,133,59,9,111,131
655,16,119,137,108,59,28,55,47,133
655,17,24,117,45,101,56,87,139,11
655,18,111,130,6,136,106,101,29,79
655,19,10,142,119,91,128,108,12,66
655,20,67,53,137,65,37,12,0,39
655,21,77,72,116,63,134,52,17,49
655,22,106,35,94,78,29,56,85,71
655,23,47,95,80,4,88,131,16,6
655,24,114,32,142,124,120,69,12,25
655,25,74,42,103,116,102,88,76,71
655,26,98,120,127,143,1,97,93,66
655,27,79,42,63,97,40,124,130,106
655,28,107,87,1,106,34,110,75,124
655,29,30,13,106,36,38,121,95,75
655,30,53,57,96,116,120,46,24,21
655,31,53,32,124,85,30,113,103,14
655,32,60,2,5,17,142,37,78,100
655,33,40,104,142,108,39,113,137,8
655,34,98,80,83,13,79,39,40,42
655,35,101,125,127,19,99,116,49,13
655,36,58,103,116,35,9,8,99,16
655,37,14,68,20,117,27,77,61,16
655,38,40,9,84,34,32,68,55,17
655,39,60,86,68,42,28,77,0,34
655,40,7,73,133,98,113,46,105,117
655,41,6,33,63,87,68,11,76,9
655,42,107,8,20,64,14,44,22,34
655,43,95,9,123,34,11,90,109,120
655,44,128,70,95,10,31,40,24,120
656,3,51,85,11,36,74,19,2,61
656,4,31,78,126,123,70,118,27,33
656,5,32,132,98,113,120,56,93,34
656,6,43,76,135,102,92,123,139,120
656,7,81,122,140,18,103,82,124,139
656,8,65,55,28,2,60,110,124,29
656,9,28,4,44,67,122,129,112,113
656,10,47,91,122,30,15,137,28,70
656,11,105,67,78,110,100,104,42,95
656,12,19,70,96,98,119,117,133,123
656,13,41,3,59,109,62,34,44,130
656,14,53,68,52,6,8,38,28,27
656,15,32,125,133,111,46,24,17,134
656,16,30,13,113,19,47,90,137,133
656,17,56,30,123,87,89,38,8,109
656,18,6,106,56,125,136,111,44,138
656,19,10,114,119,142,67,79,143,109
656,20,114,143,129,65,22,1,28,56
656,21,72,77,73,141,104,14,115,70
656,22,29,35,86,1,80,78,94,111
656,23,78,62,4,68,117,29,23,67
656,24,130,33,69,46,114,70,85,135
656,25,74,39,131,17,40,125,76,116
656,26,98,115,113,97,127,111,110,15
656,27,79,42,30,77,16,82,104,125
656,28,107,114,2,58,25,10,89,138
656,29,49,106,13,101,120,121,69,75
656,30,46,122,53,57,67,96,60,95
656,31,22,53,10,14,124,32,23,2
656,32,37,93,32,110,142,128,81,33
656,33,40,48,113,123,112,16,69,5
656,34,80,40,74,98,28,79,67,68
656,35,97,101,21,116,119,99,50,103
656,36,8,58,116,104,82,64,48,143
656,37,68,33,27,133,54,126,14,37
656,38,40,109,143,98,70,10,141,59
656,39,49,100,42,13,129,72,56,98
656,40,20,79,73,64,114,106,12,92
656,41,33,70,14,142,18,139,102,24
656,42,8,14,135,139,38,107,136,65
656,43,61,140,11,23,111,139,100,3
656,44,120,119,3,127,79,73,29,123
657,3,111,70,36,11,51,77,79,107
657,4,131,34,56,133,121,125,51,59
657,5,76,44,118,24,62,53,23,124
657,6,103,102,112,107,11,28,105,87
657,7,82,101,70,104,2,139,87,127
657,8,19,65,89,124,57,114,10,75
657,9,28,4,8,75,67,76,113,112
657,10,34,122,47,91,52,132,69,18
657,11,107,105,67,141,121,59,78,73
657,12,19,70,117,80,68,110,101,32
657,13,41,55,109,59,114,62,89,104
657,14,53,35,52,90,110,68,38,21
657,15,82,67,125,24,19,37,46,28
657,16,30,13,65,5,105,117,92,128
657,17,56,96,57,16,3,72,81,71
657,18,125,136,58,123,63,56,79,106
657,19,10,142,30,18,119,4,41,22
657,20,114,74,1,58,77,56,129,22
657,21,104,8,93,114,14,47,130,77
657,22,1,29,40,86,36,44,5,101
657,23,29,39,86,75,61,25,33,129
657,24,130,85,18,82,46,114,84,111
657,25,74,116,131,88,39,86,76,40
657,26,97,98,18,113,46,1,15,58
657,27,79,42,62,30,137,83,24,97
657,28,107,138,2,114,58,124,137,25
657,29,106,49,13,140,120,103,75,82
657,30,122,53,46,57,3,96,131,95
657,31,53,22,84,3,13,47,10,14
657,32,142,110,37,100,107,32,5,49
657,33,112,16,40,125,69,22,39,48
657,34,80,83,98,33,13,28,39,11
657,35,101,116,99,125,21,50,103,127
657,36,58,103,104,8,35,116,64,90
657,37,43,68,14,103,27,61,126,50
657,38,40,56,2,71,34,101,20,119
657,39,20,34,86,77,60,68,105,13
657,40,20,98,6,133,0,79,106,69
657,41,33,14,70,21,31,110,37,142
657,42,38,8,14,23,107,72,135,136
657,43,61,86,137,11,111,109,139,112
657,44,3,127,79,136,27,135,130,24
658,3,72,95,136,87,14,13,129,137
658,4,109,46,110,91,99,56,119,23
658,5,108,3,43,0,72,134,7,104
658,6,130,78,142,97,54,109,0,118
658,7,24,87,106,122,98,23,71,70
658,8,126,104,43,26,127,60,1,122
658,9,9,112,30,141,131,104,81,143
658,10,102,127,42,69,9,23,123,24
658,11,6,28,120,8,138,1,110,101
658,12,54,11,19,6,96,131,70,55
658,13,6,44,66,59,41,42,104,130
658,14,100,138,68,8,143,35,64,53
658,15,59,66,109,3,82,125,87,1
658,16,101,87,108,137,46,30,13,98
658,17,101,56,117,25,116,11,6,95
658,18,136,29,6,130,106,123,11,58
658,19,10,142,119,128,108,90,71,77
658,20,39,65,137,31,67,135,53,12
658,21,105,77,132,109,63,116,9,52
658,22,106,15,33,94,78,46,82,126
658,23,80,60,6,101,134,133,28,98
658,24,0,94,32,69,119,142,22,140
658,25,74,117,18,88,35,107,16,115
658,26,72,135,97,66,109,78,79,122
658,27,79,137,119,131,42,0,92,88
658,28,106,98,29,86,126,107,46,67
658,29,121,42,48,38,3,81,13,87
658,30,57,114,96,116,72,75,3,46
658,31,102,108,127,85,124,125,44,63
658,32,12,130,44,4,5,117,83,80
658,33,106,104,101,39,121,16,135,131
658,34,125,83,80,98,42,79,73,47
658,35,127,101,89,19,69,67,49,50
658,36,51,77,103,58,116,96,29,26
658,37,14,15,135,26,53,115,20,48
658,38,40,68,17,20,53,34,100,119
658,39,60,86,7,134,105,115,22,39
658,40,90,126,2,53,133,98,5,55
658,41,25,76,45,2,68,112,50,33
658,42,69,8,70,107,64,98,12,0
658,43,49,78,52,44,116,90,40,131
658,44,113,61,118,112,34,79,68,24
659,3,100,94,76,134,99,25,46,63
659,4,17,130,54,91,87,74,106,37
659,5,59,111,12,70,103,143,122,82
659,6,53,69,65,120,15,135,45,42
659,7,73,108,52,132,57,122,140,40
659,8,56,108,79,60,139,26,39,103
659,9,0,32,7,70,69,71,128,133
659,10,23,66,61,74,130,89,69,44
659,11,135,104,111,117,52,119,35,110
659,12,56,96,138,37,7,93,22,89
659,13,30,130,111,6,70,106,126,19
659,14,100,3,112,79,138,129,117,24
659,15,71,65,132,18,103,91,59,69
659,16,120,137,84,106,57,27,14,18
659,17,19,118,24,56,90,11,25,71
659,18,130,6,20,76,17,110,28,71
659,19,10,91,108,119,66,128,142,94
659,20,65,50,137,0,141,17,74,93
659,21,111,77,116,28,17,33,61,63
659,22,85,29,55,78,14,71,18,30
659,23,4,137,95,82,25,11,112,101
659,24,6,59,12,120,16,69,25,97
659,25,103,42,74,116,35,52,76,86
659,26,120,98,49,97,78,12,58,1
659,27,79,63,40,137,97,106,93,141
659,28,87,107,34,141,71,106,8,29
659,29,13,84,121,87,75,137,133,29
659,30,96,2,117,59,57,120,65,53
659,31,29,103,30,131,124,3,76,134
659,32,37,100,45,3,17,66,32,142
659,33,73,40,104,137,24,28,90,71
659,34,98,13,47,83,33,79,101,132
659,35,125,101,120,57,49,84,128,102
659,36,103,116,58,133,124,24,63,143
659,37,27,94,50,76,16,14,43,48
659,38,40,9,134,23,55,25,114,100
659,39,60,96,105,118,0,42,120,115
659,40,34,70,2,137,6,92,130,46
659,41,108,36,33,15,68,44,109,102
659,42,120,8,14,34,64,110,104,17
659,43,90,109,64,122,47,3,37,82
659,44,93,67,24,38,135,107,57,31
660,3,120,143,89,107,85,26,38,46
660,4,68,102,95,129,62,123,121,133
660,5,121,105,58,106,27,139,143,95
660,6,74,28,110,46,15,37,69,136
660,7,42,36,17,64,13,130,128,114
660,8,55,56,140,75,18,54,61,62
660,9,11,113,88,81,109,122,71,128
660,10,30,68,40,89,84,130,85,77
660,11,10,73,87,112,79,85,67,104
660,12,70,118,117,96,98,52,63,71
660,13,123,112,62,73,93,78,61,28
660,14,90,0,14,82,52,28,65,69
660,15,19,139,14,84,91,123,71,116
660,16,105,48,22,92,120,19,21,137
660,17,140,115,21,143,121,36,142,81
660,18,136,6,143,58,130,95,46,28
660,19,10,142,108,14,112,56,137,29
660,20,74,90,92,50,88,17,34,44
660,21,111,12,11,88,116,85,14,74
660,22,29,49,113,31,14,116,55,120
660,23,79,4,78,95,98,25,117,94
660,24,6,97,12,18,72,112,14,69
660,25,78,42,74,52,100,35,40,116
660,26,114,98,120,127,97,78,84,0
660,27,79,13,15,81,50,77,106,114
660,28,107,34,31,95,33,141,112,8
660,29,13,54,94,143,75,126,95,87
660,30,2,73,53,65,96,83,92,59
660,31,30,20,140,73,91,122,63,2
660,32,76,84,24,97,129,116,104,119
660,33,40,136,73,135,108,5,63,11
660,34,11,93,121,83,86,67,79,0
660,35,6,101,49,116,134,19,77,128
660,36,95,103,32,21,48,107,85,124
660,37,94,0,41,117,37,16,49,108
660,38,40,134,107,69,139,49,59,37
660,39,85,77,60,133,42,0,81,2
660,40,73,124,121,58,37,120,122,111
660,41,36,33,21,44,11,94,109,137
660,42,45,64,8,111,14,139,108,32
660,43,90,132,140,50,109,65,135,48
660,44,64,94,21,93,44,135,74,89
661,3,98,115,73,5,1,101,99,96
661,4,115,1,132,37,50,34,102,109
661,5,46,47,128,102,53,127,134,121
661,6,108,50,51,10,24,95,19,71
661,7,136,66,104,20,8,101,67,83
661,8,44,106,129,86,60,98,124,75
661,9,96,6,103,43,128,109,86,135
661,10,80,124,6,70,27,104,91,94
661,11,114,45,104,125,13,29,140,95
661,12,127,35,96,77,130,70,9,98
661,13,112,40,84,70,22,1,6,116
661,14,126,6,54,1,114,90,57,111
661,15,117,42,98,119,102,22,19,47
661,16,120,134,78,68,59,22,136,113
661,17,51,63,90,95,132,19,56,81
661,18,78,130,6,70,106,105,123,136
661,19,10,142,66,82,119,42,29,37
661,20,99,50,65,54,68,103,143,93
661,21,111,77,18,116,88,26,33,63
661,22,115,100,133,14,13,110,125,130
661,23,136,121,95,79,47,117,4,55
661,24,97,6,72,136,42,9,124,11
661,25,48,42,142,74,19,105,119,35
661,26,78,127,105,98,120,114,100,5
661,27,79,81,72,13,77,50,70,49
661,28,107,44,9,16,24,140,135,138
661,29,13,54,119,24,87,62,56,41
661,30,53,5,112,96,78,65,46,3
661,31,73,32,53,2,85,20,45,13
661,32,76,37,16,104,100,98,79,131
661,33,113,107,84,16,4,49,82,22
661,34,79,93,98,0,39,143,132,133
661,35,116,101,49,133,87,106,58,84
661,36,103,8,120,82,107,21,85,48
661,37,0,49,41,77,43,6,16,126
661,38,40,69,25,107,32,82,98,141
661,39,77,85,133,42,2,39,98,136
661,40,73,41,120,131,11,57,46,52
661,41,49,33,120,13,44,50,92,132
661,42,139,14,8,64,107,62,108,83
661,43,119,95,103,50,82,35,29,7
661,44,139,31,28,10,29,17,64,128
662,3,22,10,105,134,56,13,11,30
662,4,69,131,39,108,89,4,84,132
662,5,17,92,36,106,128,56,21,28
662,6,132,2,115,99,69,123,70,4
662,7,79,134,53,136,58,140,101,74
662,8,76,37,44,55,124,80,15,86
662,9,18,25,41,23,28,143,130,112
662,10,114,6,112,36,72,69,29,74
662,11,107,114,73,141,72,1,140,108
662,12,80,70,101,35,68,117,96,141
662,13,114,84,94,112,104,59,24,39
662,14,90,121,98,132,52,111,22,82
662,15,17,19,28,14,26,138,113,85
662,16,16,5,111,92,19,42,134,67
662,17,120,86,132,79,127,81,57,95
662,18,136,63,125,127,117,58,84,78
662,19,10,30,142,64,119,82,47,81
662,20,99,103,16,92,74,77,59,110
662,21,8,88,111,140,97,122,143,114
662,22,130,67,8,13,5,78,40,99
662,23,75,18,67,86,69,6,74,94
662,24,97,29,47,124,44,6,38,12
662,25,19,42,48,74,142,44,116,125
662,26,78,114,98,127,110,120,5,105
662,27,79,81,13,77,72,105,62,106
662,28,138,107,44,16,142,9,135,0
662,29,140,13,54,127,124,107,87,126
662,30,53,39,110,19,5,80,52,34
662,31,73,53,118,32,97,115,2,47
662,32,50,16,37,97,33,8,139,116
662,33,22,113,84,136,49,139,41,73
662,34,113,93,79,133,39,102,35,139
662,35,101,116,31,14,87,3,44,23
662,36,8,95,2,87,9,58,48,85
662,37,63,17,12,49,87,41,57,22
662,38,78,40,25,63,70,119,33,100
662,39,129,128,124,42,77,133,43,98
662,40,73,33,114,120,28,1,88,52
662,41,119,31,33,69,127,61,104,129
662,42,93,45,115,108,2,139,91,42
662,43,137,79,84,99,89,45,7,3
662,44,21,120,27,6,74,64,59,57
663,3,126,134,105,79,10,94,96,42
663,4,29,25,118,10,34,37,132,9
663,5,98,56,77,65,36,8,37,42
663,6,132,127,50,35,99,71,89,102
663,7,61,124,127,66,58,81,52,122
663,8,129,55,53,85,60,44,101,88
663,9,98,8,96,117,116,75,71,66
663,10,22,36,6,43,63,7,47,90
663,11,67,74,4,103,121,63,54,100
663,12,117,39,70,96,72,101,12,35
663,13,47,59,112,133,52,135,25,84
663,14,125,52,90,110,111,60,22,35
663,15,17,23,54,19,67,14,125,118
663,16,13,92,113,5,134,65,19,110
663,17,57,86,79,132,62,127,96,91
663,18,58,136,78,6,125,123,63,68
663,19,142,10,119,66,30,37,19,82
663,20,74,99,68,92,77,93,28,103
663,21,111,88,114,143,55,122,85,97
663,22,110,100,13,28,92,130,41,14
663,23,62,39,75,121,67,74,106,23
663,24,29,124,97,85,70,136,72,69
663,25,44,42,48,116,74,19,17,40
663,26,114,98,127,78,76,97,0,120
663,27,79,81,13,30,23,95,72,77
663,28,107,138,16,12,44,5,0,95
663,29,13,54,107,127,87,126,35,140
663,30,53,109,80,119,19,78,110,76
663,31,73,30,53,32,91,20,2,47
663,32,16,50,41,76,97,100,116,1
663,33,113,136,84,22,70,85,49,41
663,34,113,93,11,79,102,25,39,36
663,35,101,116,44,31,3,81,120,58
663,36,8,95,2,127,76,6,58,19
663,37,63,87,49,17,43,0,88,29
663,38,78,40,119,100,98,109,70,25
663,39,129,42,43,109,71,2,133,41
663,40,73,62,114,88,26,46,64,98
663,41,33,78,120,69,86,93,112,137
663,42,68,110,105,115,125,91,108,138
663,43,23,45,119,5,21,7,89,104
663,44,120,29,28,73,6,52,135,64
664,3,111,25,42,58,76,51,73,88
664,4,131,98,72,108,34,6,15,46
664,5,56,23,44,98,129,58,8,42
664,6,103,41,39,108,57,132,93,76
664,7,139,122,124,130,81,66,96,61
664,8,19,57,55,141,44,65,110,0
664,9,28,122,12,8,71,27,113,63
664,10,6,7,34,91,113,96,71,82
664,11,96,67,103,141,54,74,59,121
664,12,117,70,19,96,110,32,39,138
664,13,55,39,59,114,57,33,75,112
664,14,110,52,125,53,21,90,35,22
664,15,67,82,125,19,118,80,79,25
664,16,92,65,13,117,30,110,77,128
664,17,57,120,96,81,127,91,79,92
664,18,58,136,125,6,123,63,127,76
664,19,142,10,30,66,119,18,47,4
664,20,77,74,92,99,62,16,51,103
664,21,114,8,97,111,88,122,81,143
664,22,13,5,40,29,67,130,129,86
664,23,75,39,86,17,88,33,74,129
664,24,85,47,29,70,38,138,130,12
664,25,42,116,52,44,48,19,119,41
664,26,114,78,127,105,94,68,46,123
664,27,79,109,81,76,13,124,74,50
664,28,107,138,122,116,95,12,8,33
664,29,13,107,64,54,88,103,20,87
664,30,53,125,34,137,96,121,19,60
664,31,30,91,32,53,101,73,17,45
664,32,97,85,50,33,5,110,57,31
664,33,22,136,89,85,128,73,113,138
664,34,143,79,9,11,93,25,38,33
664,35,116,101,128,1,77,31,15,122
664,36,95,50,76,96,33,92,6,68
664,37,103,63,138,33,49,106,88,92
664,38,56,78,129,59,40,37,88,109
664,39,121,42,124,78,118,128,98,43
664,40,108,28,117,91,47,73,103,69
664,41,31,127,64,33,13,119,138,44
664,42,45,23,8,113,93,110,2,39
664,43,90,137,99,139,104,112,84,56
664,44,74,64,5,130,11,27,135,6
665,3,131,132,39,90,49,63,13,45
665,4,36,45,119,37,40,79,113,142
665,5,100,8,104,134,75,103,32,143
665,6,91,72,119,109,5,52,16,80
665,7,69,122,97,5,36,38,52,53
665,8,123,44,127,126,68,26,43,64
665,9,20,39,111,130,41,109,81,131
665,10,50,58,57,128,69,89,127,90
665,11,106,82,20,101,115,56,16,138
665,12,21,79,57,96,62,65,20,32
665,13,112,63,59,125,6,66,84,64
665,14,55,119,110,59,52,35,125,57
665,15,100,132,68,2,142,109,67,125
665,16,3,92,120,65,137,138,13,0
665,17,49,86,79,132,54,96,81,90
665,18,58,136,6,123,63,45,130,76
665,19,142,10,37,66,30,119,112,108
665,20,99,92,77,74,103,141,51,65
665,21,1,134,77,88,111,97,114,63
665,22,48,29,114,5,67,13,55,82
665,23,23,75,39,59,113,86,141,57
665,24,123,50,32,20,118,119,47,97
665,25,119,42,103,116,35,19,40,48
665,26,127,120,78,85,123,98,87,114
665,27,79,13,63,50,128,81,59,7
665,28,117,107,13,36,101,116,135,87
665,29,80,20,13,122,109,5,123,87
665,30,34,96,125,85,41,65,135,120
665,31,74,62,90,101,109,137,36,44
665,32,6,76,13,85,104,116,32,31
665,33,128,89,7,108,73,20,112,138
665,34,143,98,86,6,33,78,115,107
665,35,85,101,128,18,6,67,102,131
665,36,76,24,63,103,44,14,52,96
665,37,100,94,88,77,27,31,136,6
665,38,32,40,17,59,55,112,103,51
665,39,78,128,0,60,77,39,42,71
665,40,31,6,106,92,44,91,32,100
665,41,36,138,9,13,128,108,33,53
665,42,45,64,8,44,77,39,90,32
665,43,90,34,56,82,112,120,139,83
665,44,114,67,135,1,107,64,38,9
666,3,107,142,60,140,85,52,68,89
666,4,95,134,133,68,116,11,4,129
666,5,121,102,95,143,24,6,25,110
666,6,89,134,110,94,39,90,48,123
666,7,82,17,132,101,65,130,53,42
666,8,55,69,109,46,0,30,72,40
666,9,11,122,81,71,143,128,88,27
666,10,14,30,85,21,99,89,69,20
666,11,73,10,67,85,61,75,138,87
666,12,70,117,9,75,86,118,106,82
666,13,123,93,56,65,125,102,31,117
666,14,90,52,122,35,59,0,65,64
666,15,19,14,96,60,24,105,1,25
666,16,105,48,19,96,136,30,59,31
666,17,114,57,140,54,10,63,125,36
666,18,58,136,123,125,30,84,2,101
666,19,142,10,112,82,56,50,9,96
666,20,27,88,74,99,55,84,103,92
666,21,118,111,32,88,11,78,143,89
666,22,130,29,110,113,14,55,48,93
666,23,136,118,55,121,71,43,98,54
666,24,20,97,84,136,6,118,72,10
666,25,48,42,63,12,52,97,116,35
666,26,127,114,120,98,105,78,89,40
666,27,79,81,13,72,102,50,76,139
666,28,107,9,44,16,122,38,135,95
666,29,13,122,54,8,126,5,103,97
666,30,53,65,104,137,141,34,5,132
666,31,73,62,2,137,53,0,131,85
666,32,76,16,26,104,100,31,37,98
666,33,113,116,107,73,85,84,136,40
666,34,86,79,35,0,98,143,88,123
666,35,101,116,87,50,78,6,128,84
666,36,103,8,107,19,85,120,21,67
666,37,0,117,49,94,41,50,121,100
666,38,40,25,107,69,139,134,100,20
666,39,128,85,133,75,10,42,77,131
666,40,73,124,131,82,125,111,26,31
666,41,36,33,9,120,103,55,128,90
666,42,45,64,0,112,20,125,139,34
666,43,65,90,79,132,29,21,107,48
666,44,64,44,89,31,21,17,33,135
667,3,98,115,73,142,13,4,99,101
667,4,115,1,135,132,37,74,19,80
667,5,46,47,102,128,95,53,140,143
667,6,108,50,54,67,10,69,123,85
667,7,136,52,27,83,66,5,75,118
667,8,129,106,75,17,132,26,15,124
667,9,96,6,81,43,98,138,101,109
667,10,80,124,6,92,70,54,83,123
667,11,114,69,125,45,73,19,70,1
667,12,127,77,35,96,94,9,70,143
667,13,40,112,84,22,125,25,116,70
667,14,126,65,79,52,19,78,33,67
667,15,117,119,42,19,98,45,48,100
667,16,134,137,13,19,68,120,3,59
667,17,81,20,3,11,76,128,36,58
667,18,58,6,136,123,130,125,1,29
667,19,142,10,119,66,115,9,90,72
667,20,50,74,65,93,137,56,99,55
667,21,116,77,111,88,1,47,49,64
667,22,29,110,18,42,71,30,130,1
667,23,11,121,75,88,40,10,59,23
667,24,12,14,29,69,97,136,93,6
667,25,48,42,97,35,63,20,40,116
667,26,5,127,98,78,105,114,100,120
667,27,79,81,72,43,13,39,77,50
667,28,107,44,16,9,122,38,5,95
667,29,13,54,8,122,141,143,5,87
667,30,53,5,137,78,121,9,19,126
667,31,73,45,118,21,53,2,131,113
667,32,16,79,31,76,85,100,26,37
667,33,113,116,107,49,11,84,15,41
667,34,79,93,0,97,35,123,121,113
667,35,116,101,87,57,49,131,10,50
667,36,103,8,120,43,85,95,107,50
667,37,49,0,41,43,17,116,142,101
667,38,69,40,139,70,78,25,107,48
667,39,85,77,129,128,42,2,131,133
667,40,73,120,41,62,91,140,131,68
667,41,120,33,13,94,104,119,49,15
667,42,139,14,62,112,64,68,96,57
667,43,95,119,23,103,50,29,84,90
667,44,139,28,17,70,128,31,64,32
668,3,22,10,56,105,73,30,4,11
668,4,69,39,131,108,88,97,132,5
668,5,17,92,128,94,32,140,114,68
668,6,2,115,132,123,69,99,85,48
668,7,79,134,53,136,58,105,81,140
668,8,76,37,75,114,124,0,71,133
668,9,18,25,23,122,28,98,107,37
668,10,114,112,6,70,69,90,29,60
668,11,107,114,141,58,73,140,69,117
668,12,80,101,77,35,70,96,117,32
668,13,59,47,114,84,104,52,79,22
668,14,125,52,121,90,110,98,132,111
668,15,17,23,14,28,26,54,135,67
668,16,13,92,113,135,67,54,138,61
668,17,57,86,62,127,79,132,108,128
668,18,58,136,123,78,125,6,111,68
668,19,142,10,19,66,112,30,82,37
668,20,68,99,74,103,92,77,62,88
668,21,111,35,118,78,97,88,114,143
668,22,110,81,75,130,121,5,92,115
668,23,71,8,121,62,75,136,118,43
668,24,136,11,29,97,124,70,108,69
668,25,44,48,42,12,97,17,116,40
668,26,127,114,100,98,5,78,97,120
668,27,79,81,72,43,13,139,4,80
668,28,107,16,44,138,9,81,33,37
668,29,13,122,54,140,98,62,133,87
668,30,53,5,109,19,99,76,110,60
668,31,73,53,88,32,47,45,75,97
668,32,16,50,31,100,85,72,131,41
668,33,136,113,22,25,48,13,11,85
668,34,113,93,79,35,143,11,0,120
668,35,101,116,31,87,47,138,50,128
668,36,95,8,76,2,43,127,85,60
668,37,63,17,43,12,87,84,49,92
668,38,78,40,63,109,119,70,129,56
668,39,129,128,42,124,78,46,20,8
668,40,114,73,33,62,32,102,68,52
668,41,119,78,31,128,38,54,33,93
668,42,45,27,93,115,51,74,119,28
668,43,22,79,45,84,99,104,137,66
668,44,120,21,27,74,6,57,65,64
669,3,126,94,10,134,79,24,71,67
669,4,29,118,9,10,42,25,19,113
669,5,98,8,65,37,42,50,135,28
669,6,132,127,50,89,35,90,71,99
669,7,61,127,124,66,81,58,0,52
669,8,129,88,60,61,55,15,53,75
669,9,98,104,122,117,48,134,96,143
669,10,22,63,20,6,123,131,36,90
669,11,4,54,88,74,1,121,69,117
669,12,70,117,39,96,25,32,12,29
669,13,6,8,89,15,65,130,44,62
669,14,90,52,68,53,117,111,35,138
669,15,19,118,15,14,123,9,141,11
669,16,92,137,30,13,19,105,31,58
669,17,56,11,101,129,25,49,34,81
669,18,136,6,58,130,125,106,123,17
669,19,10,142,119,90,108,143,3,72
669,20,74,76,38,39,65,17,135,56
669,21,116,77,10,106,2,36,18,54
669,22,29,99,70,30,71,6,12,37
669,23,11,117,112,82,92,72,128,113
669,24,69,119,109,12,112,85,72,97
669,25,74,35,78,115,42,18,88,117
669,26,98,97,115,66,137,109,118,58
669,27,79,119,97,42,106,125,108,93
669,28,106,29,107,14,141,139,45,117
669,29,121,13,20,82,50,26,87,3
669,30,57,46,85,34,72,41,96,23
669,31,85,124,113,125,3,119,63,41
669,32,93,37,100,66,5,44,26,78
669,33,104,40,39,106,32,89,8,112
669,34,83,98,13,80,11,143,6,40
669,35,101,127,125,113,124,48,62,118
669,36,103,58,116,12,9,136,63,96
669,37,14,68,15,50,113,7,100,77
669,38,40,9,16,31,134,68,49,53
669,39,7,60,28,71,68,86,78,115
669,40,133,2,106,20,5,129,88,113
669,41,33,76,68,114,20,118,61,73
669,42,110,62,45,23,8,105,64,115
669,43,23,66,5,113,45,13,11,62
669,44,120,6,28,29,45,73,52,93
670,3,111,27,58,25,76,75,73,51
670,4,131,98,72,108,6,34,101,125
670,5,23,129,44,56,98,8,58,143
670,6,103,39,57,41,132,93,108,20
670,7,139,61,138,81,122,130,114,124
670,8,19,57,141,55,25,48,0,26
670,9,28,122,63,27,8,12,112,71
670,10,6,7,34,91,109,96,131,12
670,11,96,141,59,103,54,74,67,121
670,12,117,70,39,96,88,19,32,110
670,13,55,39,59,114,47,57,84,33
670,14,125,110,90,128,52,21,53,83
670,15,67,82,125,19,36,80,105,118
670,16,65,92,135,110,127,117,4,13
670,17,57,132,77,127,114,120,81,86
670,18,58,136,125,4,127,6,123,2
670,19,142,10,30,112,19,66,47,18
670,20,77,92,103,66,62,99,88,51
670,21,137,114,97,8,88,122,1,143
670,22,24,121,5,67,40,26,130,8
670,23,75,43,86,39,17,88,33,74
670,24,18,47,137,85,12,8,72,108
670,25,71,136,88,42,40,48,43,35
670,26,85,114,58,72,93,98,78,123
670,27,79,97,125,105,80,63,114,7
670,28,107,29,14,138,106,116,87,137
670,29,123,20,13,48,64,68,105,75
670,30,34,53,125,72,41,6,131,86
670,31,101,64,3,124,74,53,113,140
670,32,66,85,26,100,6,128,23,87
670,33,89,40,65,22,23,108,11,135
670,34,143,98,127,80,79,13,83,9
670,35,125,101,49,48,50,124,10,143
670,36,58,63,103,9,17,96,35,90
670,37,14,117,77,50,100,23,76,103
670,38,129,40,51,46,134,100,117,119
670,39,78,13,20,71,0,61,42,88
670,40,139,108,47,6,128,91,129,34
670,41,31,138,90,11,37,64,119,89
670,42,23,8,34,110,37,113,64,52
670,43,137,113,109,90,139,62,33,12
670,44,9,44,122,135,141,27,74,107
671,3,131,132,39,114,44,118,63,139
671,4,58,45,94,76,119,37,113,88
671,5,101,100,8,32,104,7,105,139
671,6,25,7,72,91,5,121,82,61
671,7,69,122,77,5,49,53,97,113
671,8,110,123,130,26,126,64,68,43
671,9,111,20,39,130,139,81,36,83
671,10,58,50,57,107,127,128,81,90
671,11,106,82,27,65,119,98,128,20
671,12,21,79,88,57,65,20,55,41
671,13,7,112,116,63,59,6,84,16
671,14,119,64,55,110,128,92,80,6
671,15,109,100,142,68,10,2,132,19
671,16,3,120,45,50,92,31,107,65
671,17,114,18,132,49,54,77,86,67
671,18,2,58,123,101,136,6,29,30
671,19,37,142,10,112,66,30,90,119
671,20,99,56,141,54,65,103,77,35
671,21,1,134,77,111,63,116,137,114
671,22,114,24,82,78,18,13,71,48
671,23,23,113,88,43,53,117,125,101
671,24,50,12,19,32,64,69,119,109
671,25,115,88,74,136,116,70,71,35
671,26,85,72,127,97,123,105,36,79
671,27,79,42,125,63,97,93,118,124
671,28,117,107,29,14,106,139,95,141
671,29,20,13,48,123,105,121,38,75
671,30,34,21,25,72,57,85,53,126
671,31,74,53,3,5,113,124,101,64
671,32,66,23,100,13,60,125,37,142
671,33,40,39,108,11,16,137,48,32
671,34,98,127,80,83,143,40,13,79
671,35,101,125,49,62,124,127,113,102
671,36,58,63,103,116,75,9,76,17
671,37,76,14,50,77,68,117,43,48
671,38,40,134,46,32,16,141,75,70
671,39,7,20,68,23,100,110,78,71
671,40,139,6,133,106,129,34,91,128
671,41,108,33,76,90,11,138,15,68
671,42,8,14,120,44,107,39,4,64
671,43,34,11,125,109,90,111,103,139
671,44,107,67,135,44,9,24,114,17
672,3,70,136,10,65,42,39,139,91
672,4,134,86,129,100,11,22,105,107
672,5,77,120,104,130,31,2,12,25
672,6,123,37,52,14,50,39,70,46
672,7,96,17,22,140,53,0,42,14
672,8,65,55,72,140,0,10,54,44
672,9,11,122,71,37,128,44,1,78
672,10,14,48,21,126,69,70,110,99
672,11,105,67,22,85,112,143,10,73
672,12,70,117,75,96,100,77,87,24
672,13,107,71,56,84,133,47,34,112
672,14,127,122,70,52,111,22,92,91
672,15,14,33,101,80,19,106,104,120
672,16,90,15,4,3,35,136,5,32
672,17,56,72,140,49,27,58,111,10
672,18,136,101,106,44,131,2,10,123
672,19,90,10,142,112,119,122,41,46
672,20,38,11,56,97,65,71,141,76
672,21,77,95,116,135,93,36,11,139
672,22,42,24,29,71,78,134,31,1
672,23,44,97,82,56,55,112,118,99
672,24,109,69,97,112,125,10,42,19
672,25,48,74,88,71,116,129,52,115
672,26,127,97,105,58,85,70,114,131
672,27,79,43,125,13,70,59,105,7
672,28,107,114,44,29,66,31,0,25
672,29,13,105,131,58,94,46,87,41
672,30,53,137,5,123,41,72,34,135
672,31,53,3,63,124,76,113,118,9
672,32,100,109,76,66,78,111,35,74
672,33,40,113,97,35,108,25,16,11
672,34,83,80,13,86,127,103,98,16
672,35,49,101,116,119,129,84,87,140
672,36,103,58,8,17,43,135,63,132
672,37,94,0,50,14,51,68,33,59
672,38,134,40,9,25,70,100,98,20
672,39,100,13,20,61,85,98,93,64
672,40,124,133,128,122,80,73,20,105
672,41,90,33,56,9,68,36,21,120
672,42,45,4,111,41,0,84,63,8
672,43,98,111,119,132,140,143,91,12
672,44,7,44,64,51,135,43,31,22
673,3,121,24,55,70,34,45,113,125
673,4,125,28,107,105,84,20,76,14
673,5,22,47,11,14,82,6,102,62
673,6,58,11,8,123,96,85,83,80
673,7,128,30,11,102,66,36,15,42
673,8,54,10,55,64,132,88,72,111
673,9,71,122,31,119,42,92,116,27
673,10,40,94,140,27,18,133,121,126
673,11,2,94,22,140,60,105,67,110
673,12,109,96,117,70,107,87,77,127
673,13,12,71,77,65,89,3,25,139
673,14,76,16,52,68,93,71,65,67
673,15,81,129,14,19,131,80,98,70
673,16,92,137,13,93,76,60,42,106
673,17,87,139,11,56,137,17,109,96
673,18,136,6,106,125,58,28,104,37
673,19,10,119,66,142,90,130,13,128
673,20,65,38,141,30,67,24,9,34
673,21,77,139,80,116,17,1,47,31
673,22,134,77,71,24,29,80,137,99
673,23,130,85,61,77,25,38,55,30
673,24,60,109,97,69,12,70,85,19
673,25,74,115,48,52,116,40,39,76
673,26,97,127,105,8,138,70,96,131
673,27,79,7,13,26,81,93,113,124
673,28,107,75,132,137,25,114,29,69
673,29,82,73,13,60,105,5,103,46
673,30,53,72,137,20,41,120,80,126
673,31,76,3,124,53,63,85,113,13
673,32,100,18,76,29,78,24,104,74
673,33,40,113,57,108,124,25,87,11
673,34,103,83,42,13,98,80,78,41
673,35,49,101,116,119,84,123,72,127
673,36,103,8,58,63,9,132,11,122
673,37,68,0,14,29,76,33,94,16
673,38,40,71,69,9,25,55,81,100
673,39,11,77,55,20,128,100,85,41
673,40,93,133,73,37,40,125,141,5
673,41,67,141,33,9,68,18,11,138
673,42,58,64,8,129,107,110,23,113
673,43,6,119,55,132,117,12,93,111
673,44,83,30,89,31,64,135,11,92
674,3,59,91,24,96,45,44,142,39
674,4,104,64,55,63,72,6,102,33
674,5,0,83,47,89,14,82,36,88
674,6,1,126,74,49,20,8,86,110
674,7,72,15,57,112,1,49,123,8
674,8,4,132,40,8,71,74,75,88
674,9,34,5,32,36,71,116,101,134
674,10,12,79,94,139,27,17,70,19
674,11,42,46,70,110,2,95,94,10
674,12,96,117,120,127,70,77,103,19
674,13,122,12,35,84,40,25,68,22
674,14,106,42,16,76,52,129,111,122
674,15,43,102,98,51,91,14,119,111
674,16,24,92,136,137,60,106,3,13
674,17,8,58,45,137,56,17,62,132
674,18,136,6,58,28,125,106,45,105
674,19,10,66,90,119,142,82,30,37
674,20,38,141,50,24,99,62,16,92
674,21,78,88,139,116,32,36,1,77
674,22,24,99,110,141,105,134,71,29
674,23,136,55,16,130,120,75,77,25
674,24,97,64,11,72,70,13,12,109
674,25,48,97,52,42,63,116,40,71
674,26,127,131,114,97,64,40,105,138
674,27,79,81,72,43,2,105,77,13
674,28,107,44,37,24,16,110,8,57
674,29,13,119,98,46,8,107,54,124
674,30,53,137,5,123,120,132,85,131
674,31,73,21,53,124,45,85,106,13
674,32,16,76,29,100,136,1,88,26
674,33,113,22,61,107,25,13,40,138
674,34,93,35,0,133,79,97,98,83
674,35,49,101,84,87,90,116,21,132
674,36,120,103,95,8,2,58,19,50
674,37,0,49,116,53,14,104,77,33
674,38,40,71,33,100,59,69,109,25
674,39,128,2,85,46,77,60,55,42
674,40,73,92,47,44,121,133,40,105
674,41,48,120,33,11,9,138,119,123
674,42,101,64,110,8,52,91,51,111
674,43,119,16,117,128,113,22,103,109
674,44,64,47,31,17,135,74,11,143
675,3,23,142,56,94,53,2,125,76
675,4,114,89,56,39,94,133,4,102
675,5,112,50,123,92,87,36,52,90
675,6,17,22,30,64,103,89,31,125
675,7,41,134,97,65,70,74,27,8
675,8,77,15,55,43,36,98,103,60
675,9,23,28,87,122,112,143,98,116
675,10,112,143,79,6,65,103,22,91
675,11,57,125,100,97,54,95,39,33
675,12,70,117,96,101,119,77,100,121
675,13,107,65,84,71,8,78,56,47
675,14,127,90,52,122,111,117,16,75
675,15,14,19,33,45,1,80,39,100
675,16,92,137,30,13,134,58,90,35
675,17,75,56,101,129,3,105,11,128
675,18,136,6,101,58,130,106,29,114
675,19,90,10,142,108,112,119,17,66
675,20,74,50,24,40,17,65,88,141
675,21,116,88,106,36,77,2,52,139
675,22,29,71,57,70,24,26,134,50
675,23,11,82,25,112,77,43,113,23
675,24,137,12,109,19,70,97,119,102
675,25,35,115,78,88,117,23,80,74
675,26,114,66,97,85,132,72,34,8
675,27,79,119,97,118,125,32,141,106
675,28,29,14,141,137,106,34,138,117
675,29,121,13,48,18,64,105,87,98
675,30,85,2,41,72,4,40,53,131
675,31,90,63,3,125,101,124,85,83
675,32,85,100,66,34,50,97,24,26
675,33,104,40,44,22,39,139,57,135
675,34,83,98,13,137,127,47,42,46
675,35,101,123,49,124,102,143,1,83
675,36,63,136,37,116,52,34,9,103
675,37,117,14,8,77,50,7,103,76
675,38,71,51,126,31,49,129,40,134
675,39,7,60,105,13,71,86,55,90
675,40,129,47,121,133,37,91,33,106
675,41,31,141,119,138,76,102,21,125
675,42,62,110,23,64,115,143,45,8
675,43,119,113,5,66,136,74,48,84
675,44,64,28,32,51,11,126,6,92
676,3,116,50,30,19,76,47,58,45
676,4,31,122,9,37,18,23,133,90
676,5,50,81,31,89,52,143,33,36
676,6,93,143,19,138,86,69,82,109
676,7,58,132,139,136,142,43,53,70
676,8,98,37,8,80,60,49,75,114
676,9,106,28,47,94,122,141,29,75
676,10,112,132,71,59,9,142,47,5
676,11,95,54,105,108,79,67,39,129
676,12,47,96,117,68,31,60,77,4
676,13,121,39,40,84,12,94,44,55
676,14,6,132,52,111,75,90,107,127
676,15,19,14,136,139,80,138,119,98
676,16,26,92,107,137,60,36,30,24
676,17,132,16,17,11,58,56,8,67
676,18,28,136,58,29,10,125,5,127
676,19,66,30,10,142,29,38,119,41
676,20,16,50,24,38,141,56,93,81
676,21,59,77,116,52,114,122,29,81
676,22,24,57,8,13,71,67,1,77
676,23,75,39,77,53,11,97,17,86
676,24,72,137,12,102,19,109,18,47
676,25,88,78,35,19,115,23,136,70
676,26,114,138,8,94,98,85,93,36
676,27,97,118,79,125,113,27,74,24
676,28,138,137,116,29,14,106,141,34
676,29,48,105,64,121,13,103,44,60
676,30,85,2,72,41,4,53,39,46
676,31,101,90,63,3,140,125,113,124
676,32,85,97,50,66,99,27,34,100
676,33,40,104,22,44,139,57,135,39
676,34,98,137,9,83,13,143,47,42
676,35,101,49,123,41,143,124,1,102
676,36,63,34,52,90,78,104,136,36
676,37,117,103,14,8,77,94,138,53
676,38,71,129,126,51,40,49,119,56
676,39,7,13,55,60,71,93,20,140
676,40,47,33,106,121,133,129,118,91
676,41,31,18,26,102,119,141,1,111
676,42,23,110,64,93,8,143,113,53
676,43,137,113,136,121,140,84,93,50
676,44,64,43,74,129,55,6,18,94
677,3,131,132,139,26,135,136,90,46
677,4,58,45,89,39,79,17,143,4
677,5,96,100,101,51,50,32,36,82
677,6,25,109,5,91,61,44,7,72
677,7,122,77,55,8,69,11,49,108
677,8,110,126,123,139,130,41,43,114
677,9,20,139,111,123,39,130,47,57
677,10,58,50,107,57,127,24,62,128
677,11,106,119,4,51,44,138,113,35
677,12,57,96,116,6,55,41,83,47
677,13,6,116,112,68,7,63,64,42
677,14,64,119,6,138,139,24,78,59
677,15,2,109,68,100,142,77,10,80
677,16,45,137,3,101,14,31,106,98
677,17,117,58,138,90,132,11,49,56
677,18,29,103,57,30,130,28,11,106
677,19,128,10,119,24,105,37,66,64
677,20,141,65,67,54,24,99,39,50
677,21,1,77,134,52,63,116,17,26
677,22,71,94,78,33,114,82,29,24
677,23,23,28,11,113,101,77,82,80
677,24,19,32,12,119,50,94,69,109
677,25,115,88,35,23,70,117,16,30
677,26,85,97,8,36,72,79,138,115
677,27,97,79,63,125,119,108,118,137
677,28,117,29,14,106,81,87,135,51
677,29,121,38,48,105,20,44,22,128
677,30,85,41,72,21,46,34,131,116
677,31,74,90,124,125,85,37,3,113
677,32,66,60,13,100,0,78,104,23
677,33,104,40,142,39,24,16,35,101
677,34,83,13,98,42,143,127,36,40
677,35,101,127,102,124,83,130,19,143
677,36,116,37,38,117,63,62,136,17
677,37,14,117,50,8,77,15,76,99
677,38,134,51,32,40,100,44,9,0
677,39,7,60,86,105,23,38,115,90
677,40,133,129,111,23,121,5,91,2
677,41,90,76,68,2,33,125,9,112
677,42,8,14,44,110,4,64,0,107
677,43,34,119,42,113,90,74,132,124
677,44,114,64,44,80,34,135,107,123
678,3,64,41,3,90,29,24,143,14
678,4,134,24,105,125,28,86,143,107
678,5,74,11,61,12,36,82,118,14
678,6,123,96,46,45,58,89,86,4
678,7,5,17,22,122,66,36,49,132
678,8,132,46,54,10,64,140,43,55
678,9,71,15,78,116,115,122,88,131
678,10,94,121,19,101,20,86,18,99
678,11,140,62,22,2,104,67,112,52
678,12,13,75,142,96,37,103,125,24
678,13,77,106,134,125,5,99,130,27
678,14,7,76,124,117,71,34,113,42
678,15,93,98,39,90,139,36,131,123
678,16,106,125,79,3,107,28,0,91
678,17,56,58,111,19,142,92,140,72
678,18,137,37,46,106,31,77,114,124
678,19,130,84,119,66,96,128,10,5
678,20,63,6,58,65,76,141,24,17
678,21,117,77,139,80,29,96,1,93
678,22,77,71,19,29,14,63,78,85
678,23,130,97,23,56,82,101,11,24
678,24,12,60,69,102,119,109,92,85
678,25,35,115,22,23,10,19,81,88
678,26,8,36,1,132,97,118,49,138
678,27,97,53,114,10,22,79,100,59
678,28,75,140,71,81,29,112,38,137
678,29,121,82,105,73,0,5,75,113
678,30,85,72,89,41,3,11,132,34
678,31,76,6,101,125,124,85,64,3
678,32,100,18,106,26,109,29,115,23
678,33,104,13,87,39,57,40,70,99
678,34,103,83,13,98,137,29,36,51
678,35,117,123,54,127,95,101,118,46
678,36,34,143,72,124,84,93,50,141
678,37,76,68,14,95,117,33,126,113
678,38,31,71,93,100,26,18,9,109
678,39,11,7,60,72,6,140,55,44
678,40,93,133,5,69,40,6,121,130
678,41,67,61,141,18,68,33,28,112
678,42,110,8,64,14,129,107,58,123
678,43,132,55,110,90,6,124,113,70
678,44,83,31,64,24,80,79,135,38
679,3,62,13,99,18,67,91,128,24
679,4,5,123,102,10,33,71,51,23
679,5,82,84,142,124,88,104,65,77
679,6,110,8,123,81,44,37,92,11
679,7,110,139,18,124,114,70,17,27
679,8,10,139,99,61,55,54,8,95
679,9,142,88,90,71,15,121,73,79
679,10,133,32,98,86,73,118,12,23
679,11,7,10,77,52,67,85,30,88
679,12,37,60,36,13,71,24,106,136
679,13,100,71,54,106,62,110,57,108
679,14,117,40,68,34,7,72,111,103
679,15,134,93,71,39,115,63,36,17
679,16,90,106,92,4,125,57,28,114
679,17,72,56,19,58,42,106,111,59
679,18,130,71,6,114,137,17,132,106
679,19,11,17,108,130,38,72,119,128
679,20,76,71,17,58,24,74,97,65
679,21,139,95,77,116,46,74,117,17
679,22,19,12,70,29,137,54,71,77
679,23,44,97,56,82,30,48,11,117
679,24,137,37,119,102,12,82,112,60
679,25,88,115,35,117,23,70,78,10
679,26,8,97,72,36,50,118,139,93
679,27,97,79,108,118,125,73,28,63
679,28,29,137,141,25,127,31,36,143
679,29,121,100,60,111,68,103,33,28
679,30,85,41,72,135,89,139,46,131
679,31,6,90,85,113,124,125,101,37
679,32,85,109,100,45,18,67,78,102
679,33,104,83,57,39,32,95,142,71
679,34,98,83,137,13,105,41,9,36
679,35,54,123,19,1,124,49,101,117
679,36,14,34,136,143,141,104,116,23
679,37,14,23,8,117,50,10,15,68
679,38,51,44,93,71,40,128,18,22
679,39,115,72,105,55,6,44,86,60
679,40,133,116,6,123,122,77,5,130
679,41,61,141,90,68,18,9,76,67
679,42,8,23,110,64,87,103,14,123
679,43,55,132,121,124,90,113,109,70
679,44,30,37,64,43,55,106,31,24
680,3,131,132,54,139,108,26,35,68
680,4,58,45,88,22,79,91,136,51
680,5,101,96,131,37,115,124,134,52
680,6,25,7,61,5,44,52,71,3
680,7,122,77,50,49,66,93,8,54
680,8,130,126,41,43,99,117,134,121
680,9,111,20,139,39,3,104,59,81
680,10,58,50,107,128,69,42,62,81
680,11,106,52,65,51,113,0,138,69
680,12,55,130,57,143,13,116,125,142
680,13,6,116,46,68,63,101,54,134
680,14,7,119,64,139,138,143,45,76
680,15,2,109,100,68,142,77,39,10
680,16,3,106,45,107,28,125,75,137
680,17,58,117,56,132,11,77,28,82
680,18,11,71,137,130,114,6,29,123
680,19,105,128,119,64,1,130,66,10
680,20,76,6,141,65,54,63,126,15
680,21,77,134,1,63,29,139,30,59
680,22,71,94,18,82,33,24,78,14
680,23,23,11,40,97,102,113,6,10
680,24,119,12,32,50,109,143,69,54
680,25,115,88,74,35,70,10,42,78
680,26,98,66,97,115,85,36,8,1
680,27,79,97,32,20,63,125,108,103
680,28,117,29,141,128,106,51,45,107
680,29,121,38,22,138,104,111,44,13
680,30,85,72,41,46,59,13,57,131
680,31,113,90,124,85,74,125,3,130
680,32,13,78,66,60,26,99,29,124
680,33,16,104,32,39,24,142,86,101
680,34,83,98,13,30,16,42,36,107
680,35,101,19,127,50,124,99,49,102
680,36,116,12,9,8,103,132,44,68
680,37,14,15,83,50,8,77,100,79
680,38,40,134,89,32,51,44,87,141
680,39,115,60,86,105,23,71,92,49
680,40,133,106,98,44,124,5,20,69
680,41,90,33,68,122,66,76,112,44
680,42,8,44,107,64,52,4,14,47
680,43,34,124,56,111,59,98,120,116
680,44,114,44,22,24,67,41,7,79
681,3,37,68,46,105,60,45,66,43
681,4,92,10,134,83,71,11,6,39
681,5,12,131,35,60,51,89,46,115
681,6,109,134,48,81,70,8,114,3
681,7,23,49,105,40,72,8,11,101
681,8,138,32,5,41,59,42,58,139
681,9,24,7,47,10,78,49,46,129
681,10,10,62,20,66,103,89,142,104
681,11,51,16,44,47,21,59,110,52
681,12,52,130,125,116,143,96,21,75
681,13,46,103,107,68,6,112,64,7
681,14,114,139,47,79,3,106,24,73
681,15,110,77,118,132,39,90,57,10
681,16,14,75,3,106,137,82,24,31
681,17,58,56,78,90,60,71,49,92
681,18,135,130,110,106,137,23,125,30
681,19,119,10,142,1,128,122,37,105
681,20,76,141,65,32,63,93,137,27
681,21,77,139,11,120,63,47,129,46
681,22,71,78,18,29,85,109,14,54
681,23,113,97,40,11,130,24,89,90
681,24,13,50,119,12,69,143,120,109
681,25,115,74,88,42,35,78,10,80
681,26,98,66,115,97,36,1,85,35
681,27,79,97,32,119,20,125,63,49
681,28,141,107,29,85,106,128,66,90
681,29,121,22,13,20,104,138,84,11
681,30,46,85,59,13,72,25,34,41
681,31,113,64,124,23,41,85,125,3
681,32,13,78,66,29,92,99,37,64
681,33,16,32,40,104,39,24,86,101
681,34,83,98,13,16,36,40,120,30
681,35,101,99,19,127,103,50,124,54
681,36,116,12,8,103,48,9,58,85
681,37,14,83,50,15,100,79,105,77
681,38,40,134,8,9,141,87,82,109
681,39,115,60,86,105,2,44,7,78
681,40,106,133,124,2,5,20,6,44
681,41,33,90,68,122,44,108,112,102
681,42,8,107,14,44,120,64,52,32
681,43,111,59,120,124,25,56,11,90
681,44,44,79,22,24,67,7,45,143
682,3,39,51,55,89,17,4,118,125
682,4,142,125,126,133,116,127,9,24
682,5,6,33,104,56,21,89,102,142
682,6,107,76,96,8,80,86,12,111
682,7,136,30,139,103,101,78,14,70
682,8,10,34,67,55,122,71,124,78
682,9,4,16,12,15,27,36,64,46
682,10,48,122,68,15,69,20,126,5
682,11,67,31,85,124,100,7,77,110
682,12,19,133,70,115,128,117,125,0
682,13,69,100,71,62,41,12,1,125
682,14,53,68,52,13,90,106,112,82
682,15,55,19,41,23,109,94,44,9
682,16,15,63,90,35,45,13,30,18
682,17,56,58,21,89,36,140,80,81
682,18,125,58,106,123,31,124,104,39
682,19,10,119,63,142,83,102,9,106
682,20,63,65,76,50,125,55,100,143
682,21,77,104,2,139,88,130,20,95
682,22,29,42,36,93,71,44,101,78
682,23,97,33,118,117,130,24,25,7
682,24,69,82,15,130,125,109,13,12
682,25,74,115,22,88,131,42,21,45
682,26,98,66,115,97,96,90,36,124
682,27,79,32,97,20,77,103,59,22
682,28,128,66,29,141,31,24,132,107
682,29,13,94,104,121,138,60,116,27
682,30,59,46,13,72,67,41,135,132
682,31,23,113,124,37,85,49,51,41
682,32,78,123,109,76,64,91,111,100
682,33,32,16,113,40,125,56,101,39
682,34,83,98,31,103,105,112,16,13
682,35,101,49,19,119,99,103,9,50
682,36,116,12,136,14,103,8,48,9
682,37,70,14,100,50,121,33,68,129
682,38,40,134,105,44,60,128,62,9
682,39,115,72,82,12,60,105,13,11
682,40,124,133,115,6,5,21,93,105
682,41,33,90,68,9,112,79,76,13
682,42,8,64,60,84,0,4,112,107
682,43,132,90,114,109,6,111,59,143
682,44,44,89,22,31,51,7,80,79
683,3,40,67,8,38,108,36,24,32
683,4,82,9,54,6,133,37,19,87
683,5,5,97,102,62,87,124,88,95
683,6,87,80,100,134,121,74,139,8
683,7,65,143,85,106,30,11,18,99
683,8,91,1,101,114,103,71,26,60
683,9,112,125,32,109,128,10,71,101
683,10,139,17,97,57,116,130,142,86
683,11,54,79,81,52,104,115,67,98
683,12,76,94,96,116,103,37,143,8
683,13,31,5,100,1,23,133,62,71
683,14,30,42,59,124,95,56,65,106
683,15,42,99,70,111,51,125,9,120
683,16,88,106,143,136,120,55,13,15
683,17,134,56,41,58,57,118,125,11
683,18,58,125,46,130,123,136,78,6
683,19,10,142,119,66,96,81,29,115
683,20,50,112,65,74,143,55,63,20
683,21,77,11,88,116,30,78,70,93
683,22,29,85,116,42,25,78,77,54
683,23,16,97,136,90,89,55,40,130
683,24,128,121,12,89,69,143,46,92
683,25,42,78,105,74,22,89,88,58
683,26,98,138,115,96,66,85,97,120
683,27,79,97,32,125,93,20,7,118
683,28,107,128,121,141,24,122,118,71
683,29,46,97,13,121,138,109,104,1
683,30,120,46,59,62,14,131,5,65
683,31,113,23,37,36,124,97,85,3
683,32,108,78,76,37,22,64,68,15
683,33,40,16,32,46,113,5,39,13
683,34,98,83,6,13,86,36,79,40
683,35,101,49,19,99,116,50,125,124
683,36,116,103,58,9,12,8,48,136
683,37,14,110,100,41,16,49,0,68
683,38,40,60,100,9,25,69,20,55
683,39,128,60,115,85,131,86,0,42
683,40,6,133,105,130,98,27,125,106
683,41,33,124,112,9,68,36,44,102
683,42,64,8,107,128,14,123,17,86
683,43,90,128,111,120,47,29,112,109
683,44,31,47,24,17,67,13,107,38
684,3,113,96,42,105,24,138,108,88
684,4,125,102,86,142,124,136,112,56
684,5,130,40,82,75,42,21,140,11
684,6,110,123,74,114,106,8,130,39
684,7,22,38,0,75,17,82,65,36
684,8,10,8,55,50,12,88,57,36
684,9,71,130,122,73,42,40,75,8
684,10,104,72,52,25,103,137,24,45
684,11,67,133,10,104,89,75,123,121
684,12,4,96,117,70,19,61,121,30
684,13,44,62,39,132,57,95,55,43
684,14,136,90,52,53,6,65,35,117
684,15,19,14,93,101,80,81,51,72
684,16,52,92,85,137,30,54,143,106
684,17,72,57,56,132,41,92,11,44
684,18,58,123,125,130,6,46,127,104
684,19,142,10,119,66,122,29,9,81
684,20,50,93,74,65,77,71,45,55
684,21,77,116,29,80,88,106,30,115
684,22,29,18,71,134,70,79,77,41
684,23,36,97,67,25,130,69,7,44
684,24,80,12,143,130,68,137,69,84
684,25,74,104,42,22,126,115,58,105
684,26,98,108,97,115,66,46,96,94
684,27,79,32,97,20,115,103,7,141
684,28,114,107,58,109,29,128,21,89
684,29,97,79,13,46,138,36,49,87
684,30,12,86,62,59,139,46,89,19
684,31,122,113,23,50,85,124,45,4
684,32,22,78,85,139,72,134,76,5
684,33,94,32,16,40,139,51,39,73
684,34,98,6,83,56,143,41,79,36
684,35,101,99,19,124,1,125,97,116
684,36,116,9,12,8,63,50,123,103
684,37,12,100,53,50,77,68,14,105
684,38,40,60,9,109,51,32,71,134
684,39,115,83,98,60,43,129,130,90
684,40,6,133,32,68,125,142,5,103
684,41,33,68,136,44,126,41,141,9
684,42,8,107,64,86,52,0,96,17
684,43,90,47,112,113,111,56,120,38
684,44,24,107,38,135,116,31,92,74
685,3,107,142,60,140,8,52,97,3
685,4,16,34,95,108,116,63,133,109
685,5,84,116,24,62,58,115,47,120
685,6,89,28,27,94,35,135,72,31
685,7,82,17,101,46,137,132,96,8
685,8,127,39,136,63,46,30,81,55
685,9,11,1,128,143,88,122,130,36
685,10,52,14,48,59,73,138,47,68
685,11,73,67,124,54,89,77,128,123
685,12,70,9,4,117,79,52,96,111
685,13,123,62,93,48,112,57,56,24
685,14,90,35,52,53,122,65,75,59
685,15,19,1,14,105,60,101,70,15
685,16,105,48,52,136,97,0,19,45
685,17,57,56,72,20,140,75,84,81
685,18,58,125,123,130,46,95,29,136
685,19,10,142,119,96,115,122,81,9
685,20,50,74,65,20,93,100,55,90
685,21,77,88,95,11,46,106,70,93
685,22,29,71,137,26,114,24,143,93
685,23,97,44,7,11,99,117,79,30
685,24,137,12,105,102,19,109,112,69
685,25,88,74,115,104,10,70,11,43
685,26,98,66,97,40,36,124,93,8
685,27,79,97,125,7,20,80,28,74
685,28,29,128,137,77,107,119,66,68
685,29,19,33,138,44,27,121,13,105
685,30,46,72,41,93,139,85,131,59
685,31,113,3,23,124,85,90,109,125
685,32,85,78,72,66,100,64,6,83
685,33,51,86,16,32,39,83,44,135
685,34,83,98,13,137,105,31,41,28
685,35,101,19,127,99,65,1,124,41
685,36,116,12,136,34,9,26,8,27
685,37,14,68,27,8,50,105,77,53
685,38,40,51,134,44,105,9,109,71
685,39,115,86,60,105,55,45,15,122
685,40,133,77,128,93,62,54,98,37
685,41,33,68,90,136,9,112,36,44
685,42,8,60,125,107,4,23,113,0
685,43,113,48,6,116,53,111,112,109
685,44,44,116,89,43,37,64,22,126
686,3,74,126,105,56,26,14,2,4
686,4,48,50,75,12,91,71,116,10
686,5,30,141,7,95,36,8,26,97
686,6,122,142,109,46,55,19,10,34
686,7,41,57,117,72,114,8,50,140
686,8,137,17,139,132,7,29,43,64
686,9,96,34,120,131,64,103,6,36
686,10,15,128,139,79,104,92,52,134
686,11,132,42,45,8,104,44,7,140
686,12,41,57,96,21,25,120,46,127
686,13,64,122,6,82,91,44,130,25
686,14,97,106,76,138,45,2,73,113
686,15,102,68,33,109,43,11,57,143
686,16,14,137,3,106,24,53,108,18
686,17,58,49,11,8,138,7,90,56
686,18,130,29,123,125,37,58,86,20
686,19,119,10,128,142,37,71,105,39
686,20,141,93,39,67,76,65,50,54
686,21,77,116,63,52,139,72,129,134
686,22,71,24,78,63,106,93,18,109
686,23,113,77,46,125,6,11,16,134
686,24,19,114,69,32,12,13,50,89
686,25,74,88,115,10,43,70,97,126
686,26,66,97,98,40,113,109,91,53
686,27,79,97,20,125,94,22,92,127
686,28,29,107,128,110,106,7,74,96
686,29,121,46,3,44,13,138,104,98
686,30,46,72,57,3,41,59,131,24
686,31,113,23,85,124,3,109,22,10
686,32,78,37,13,12,95,141,76,32
686,33,16,32,39,86,46,24,40,13
686,34,83,98,42,116,36,13,117,133
686,35,101,127,19,99,50,103,83,132
686,36,116,12,26,99,8,91,48,130
686,37,14,16,110,27,77,79,112,5
686,38,40,87,9,20,84,51,115,116
686,39,60,86,115,92,2,34,93,71
686,40,133,54,98,23,68,55,12,137
686,41,33,68,112,6,122,46,90,48
686,42,8,107,44,32,123,39,26,67
686,43,116,111,109,34,53,120,29,6
686,44,13,31,40,130,24,135,79,17
687,3,94,61,3,93,34,71,28,42
687,4,125,24,86,6,122,52,117,33
687,5,113,98,133,39,76,140,53,131
687,6,46,118,99,90,83,39,123,87
687,7,22,52,46,15,106,0,32,17
687,8,10,55,11,46,132,133,122,15
687,9,71,47,58,73,136,76,45,108
687,10,94,86,20,59,139,89,140,85
687,11,60,67,22,44,52,54,55,104
687,12,96,24,70,136,37,142,30,41
687,13,44,62,106,0,23,35,89,66
687,14,32,7,117,63,53,76,6,116
687,15,93,90,31,39,57,125,45,80
687,16,137,143,76,110,28,40,3,71
687,17,11,56,101,124,44,132,58,96
687,18,130,86,125,19,123,17,115,106
687,19,119,39,10,142,128,38,9,60
687,20,93,65,67,50,137,24,39,12
687,21,77,116,139,104,96,72,29,115
687,22,71,77,137,83,78,63,105,70
687,23,134,77,7,125,25,130,30,33
687,24,37,69,12,130,60,129,38,114
687,25,88,74,115,43,10,35,117,36
687,26,66,97,113,35,124,40,36,53
687,27,79,97,28,22,20,128,46,71
687,28,29,77,137,127,83,110,43,116
687,29,60,138,120,95,121,44,113,87
687,30,135,72,41,46,29,139,43,56
687,31,113,85,6,125,124,23,136,101
687,32,78,68,109,64,104,139,85,95
687,33,0,16,51,86,57,39,5,135
687,34,83,137,54,42,103,116,63,36
687,35,101,127,19,123,41,13,99,85
687,36,116,26,14,8,136,104,133,97
687,37,14,23,68,112,16,8,108,110
687,38,40,71,68,101,32,87,34,9
687,39,60,86,115,138,55,87,20,11
687,40,54,133,77,123,59,98,46,5
687,41,136,68,33,112,61,113,26,83
687,42,20,8,107,121,123,113,53,39
687,43,48,109,132,121,116,111,40,124
687,44,116,95,13,40,126,60,135,103
688,3,120,20,21,100,143,0,115,119
688,4,132,71,5,67,7,22,23,117
688,5,17,47,120,95,136,37,72,28
688,6,127,23,57,117,10,19,76,39
688,7,35,105,67,132,75,36,43,22
688,8,89,10,41,65,117,55,62,11
688,9,48,76,75,26,47,10,113,73
688,10,129,62,15,49,86,137,63,33
688,11,45,142,65,67,51,52,69,121
688,12,128,143,74,70,96,97,19,86
688,13,7,135,44,62,89,31,92,33
688,14,63,56,32,4,117,44,68,53
688,15,79,93,31,77,80,9,91,58
688,16,137,98,63,53,118,75,77,136
688,17,47,28,68,123,11,90,138,91
688,18,130,86,110,123,125,77,111,115
688,19,119,128,39,1,94,121,71,120
688,20,95,15,53,32,93,2,65,37
688,21,26,99,77,63,104,115,72,110
688,22,72,94,111,71,100,78,93,48
688,23,18,59,134,103,77,67,128,8
688,24,135,54,69,114,122,19,44,12
688,25,74,88,20,115,131,97,29,40
688,26,110,66,98,97,18,35,58,53
688,27,79,30,127,20,128,16,97,28
688,28,29,110,107,83,132,141,77,10
688,29,113,126,138,121,22,123,60,46
688,30,46,72,59,56,57,42,41,3
688,31,113,85,124,130,14,23,122,3
688,32,35,78,95,22,134,115,64,32
688,33,6,86,123,23,49,99,135,73
688,34,83,116,139,79,53,115,13,36
688,35,101,19,127,116,62,124,80,50
688,36,116,12,26,11,107,99,104,48
688,37,14,79,72,100,16,18,71,27
688,38,40,19,63,100,82,109,119,87
688,39,60,120,2,115,86,102,41,9
688,40,133,54,79,98,103,55,40,52
688,41,37,129,33,68,17,117,48,96
688,42,43,8,107,104,33,44,95,121
688,43,79,36,33,127,4,53,3,108
688,44,55,112,99,40,20,13,140,25
689,3,118,141,85,63,57,123,40,119
689,4,5,39,125,93,62,26,66,19
689,5,124,27,139,40,115,116,89,118
689,6,39,61,11,105,121,108,119,84
689,7,114,101,15,30,43,22,130,96
689,8,117,55,88,49,10,63,111,50
689,9,75,129,76,26,71,38,21,134
689,10,137,15,11,9,24,113,63,89
689,11,0,74,92,59,35,67,4,69
689,12,70,96,33,138,17,90,68,128
689,13,44,62,124,126,57,89,77,75
689,14,53,63,123,90,7,52,4,22
689,15,79,93,19,143,41,125,90,1
689,16,137,63,118,53,5,43,31,47
689,17,11,56,47,87,142,107,109,92
689,18,123,125,19,130,8,58,77,111
689,19,119,10,142,84,81,54,36,46
689,20,15,110,65,59,67,37,0,134
689,21,77,116,17,142,31,80,3,139
689,22,100,71,36,72,19,11,28,93
689,23,63,61,101,103,18,67,2,68
689,24,44,135,70,69,129,25,38,90
689,25,20,74,88,35,126,131,10,5
689,26,110,18,97,66,70,89,98,111
689,27,30,16,79,20,128,124,93,137
689,28,110,114,132,10,27,58,107,143
689,29,113,121,49,123,60,106,81,136
689,30,46,72,42,59,21,63,3,41
689,31,113,124,130,85,23,118,20,122
689,32,115,8,95,14,134,35,78,27
689,33,123,6,121,32,100,99,40,48
689,34,83,129,139,42,115,13,79,116
689,35,101,127,21,129,103,99,84,50
689,36,116,107,59,12,8,99,104,11
689,37,14,33,18,112,95,71,79,126
689,38,19,40,20,116,63,75,62,106
689,39,49,60,2,100,115,86,130,118
689,40,69,133,40,91,79,92,26,14
689,41,37,33,52,129,109,70,27,1
689,42,77,8,125,43,33,84,121,32
689,43,3,111,127,33,140,132,4,93
689,44,55,140,51,20,18,99,129,75
690,3,11,79,94,54,26,40,74,18
690,4,46,110,81,95,6,80,64,39
690,5,43,134,72,58,0,9,73,49
690,6,78,130,121,68,125,142,135,34
690,7,24,87,98,15,41,136,23,105
690,8,126,43,26,109,40,60,68,11
690,9,9,141,30,131,73,86,104,81
690,10,102,127,42,24,137,49,69,39
690,11,6,120,101,52,4,1,60,138
690,12,11,137,131,55,6,86,138,7
690,13,6,44,42,19,33,92,61,66
690,14,138,143,100,69,7,78,21,117
690,15,59,66,93,3,109,4,131,18
690,16,137,101,87,108,46,28,118,54
690,17,116,90,101,11,138,13,6,128
690,18,29,11,130,103,123,57,17,119
690,19,128,119,24,118,71,64,94,77
690,20,67,31,39,69,65,135,12,79
690,21,105,63,52,77,109,132,116,103
690,22,106,33,22,78,94,51,126,93
690,23,19,80,60,6,101,41,33,133
690,24,0,94,140,103,69,86,14,22
690,25,107,117,109,54,18,70,43,88
690,26,72,27,135,97,79,91,109,89
690,27,137,131,88,92,33,0,95,128
690,28,98,106,86,29,67,126,46,135
690,29,42,121,48,38,29,3,81,87
690,30,114,75,116,72,57,3,96,70
690,31,102,108,127,101,80,71,87,85
690,32,130,12,44,80,117,138,29,83
690,33,106,121,85,39,41,142,131,16
690,34,125,42,83,25,23,82,38,50
690,35,127,69,9,67,28,128,106,91
690,36,77,29,51,96,110,58,107,26
690,37,135,53,15,14,45,26,23,36
690,38,68,40,32,100,20,54,62,87
690,39,134,60,86,7,5,22,43,140
690,40,90,61,53,126,55,98,2,23
690,41,25,45,76,2,138,68,39,50
690,42,69,70,8,107,26,97,47,1
690,43,52,49,78,44,116,120,93,110
690,44,113,118,61,112,68,143,135,125
691,3,134,105,109,37,90,118,24,54
691,4,38,130,100,51,91,6,41,71
691,5,35,95,59,48,12,51,128,116
691,6,135,13,109,45,31,53,48,46
691,7,126,38,14,90,112,96,102,57
691,8,5,32,58,68,41,39,11,75
691,9,24,10,117,79,7,129,37,46
691,10,44,10,66,20,89,103,69,45
691,11,16,134,47,104,51,9,49,111
691,12,140,135,143,138,116,128,37,83
691,13,46,107,6,31,19,33,38,111
691,14,3,139,79,56,45,30,72,21
691,15,118,110,93,77,39,132,44,92
691,16,14,47,137,98,75,97,133,112
691,17,28,116,25,24,138,103,4,90
691,18,122,119,110,29,20,30,70,106
691,19,94,121,71,118,140,21,137,88
691,20,32,67,113,2,135,95,121,12
691,21,63,77,73,115,132,17,26,124
691,22,94,78,35,140,59,65,63,51
691,23,113,137,140,6,134,4,58,41
691,24,13,54,16,69,119,22,12,140
691,25,74,35,88,42,18,78,113,43
691,26,98,97,109,7,66,122,53,40
691,27,79,97,92,124,93,137,128,11
691,28,106,107,85,46,34,83,132,8
691,29,121,13,34,20,22,18,48,81
691,30,57,21,46,59,29,41,96,72
691,31,124,85,125,113,3,140,76,63
691,32,13,25,4,42,112,29,44,66
691,33,40,39,104,106,137,8,16,86
691,34,98,83,13,80,132,121,40,107
691,35,49,101,19,127,125,124,119,99
691,36,58,51,116,16,103,12,15,63
691,37,14,135,117,15,27,77,16,50
691,38,40,9,134,68,100,119,20,18
691,39,60,86,105,7,115,78,22,28
691,40,2,133,55,90,23,106,46,6
691,41,33,76,68,138,90,37,108,28
691,42,8,107,14,44,64,18,39,52
691,43,90,64,109,112,56,11,125,70
691,44,24,9,38,67,31,107,91,80
692,3,81,13,72,137,24,119,54,29
692,4,103,20,115,39,135,37,109,126
692,5,123,117,72,80,35,143,51,104
692,6,113,67,135,71,22,106,0,121
692,7,99,57,53,124,3,137,52,127
692,8,63,16,31,7,26,42,22,88
692,9,103,87,93,136,69,114,117,97
692,10,47,111,65,100,67,89,104,23
692,11,78,91,16,29,125,13,59,104
692,12,118,67,96,37,48,125,98,7
692,13,36,111,44,46,4,70,115,5
692,14,97,25,114,124,32,2,17,123
692,15,11,134,25,32,4,141,43,45
692,16,20,6,47,137,106,141,14,98
692,17,56,142,118,24,11,121,51,28
692,18,139,130,136,106,6,110,20,76
692,19,10,142,119,77,94,121,84,128
692,20,32,113,137,65,105,74,135,82
692,21,77,35,73,141,20,116,10,63
692,22,29,94,78,80,30,99,37,35
692,23,47,40,4,113,91,117,112,10
692,24,69,52,54,122,120,119,143,109
692,25,74,39,42,68,5,76,113,22
692,26,98,115,66,48,7,97,143,118
692,27,79,42,24,20,104,119,36,137
692,28,107,141,56,106,114,87,128,117
692,29,13,25,121,143,26,16,87,84
692,30,46,71,53,136,130,29,115,123
692,31,32,113,85,45,10,90,22,54
692,32,57,37,93,76,20,84,51,75
692,33,40,32,136,8,5,16,48,138
692,34,98,11,79,83,40,117,120,107
692,35,101,99,124,119,102,116,100,10
692,36,103,48,82,116,58,110,112,8
692,37,43,117,100,78,16,33,72,60
692,38,40,62,142,100,49,41,33,141
692,39,7,60,90,39,10,71,44,118
692,40,6,2,106,84,121,80,92,125
692,41,63,33,28,142,87,44,118,122
692,42,14,107,8,34,78,121,110,64
692,43,74,90,95,123,109,129,112,120
692,44,139,70,38,25,31,64,85,107
693,3,120,143,85,75,26,66,38,96
693,4,129,122,68,104,121,45,4,35
693,5,58,56,140,110,36,142,116,95
693,6,28,46,39,37,123,70,134,94
693,7,82,36,17,64,13,114,53,139
693,8,55,75,140,61,54,68,0,46
693,9,11,113,88,128,27,1,12,143
693,10,68,40,113,122,8,48,59,30
693,11,67,85,73,61,83,87,112,33
693,12,70,117,96,10,118,98,114,1
693,13,123,62,77,102,30,51,33,34
693,14,90,0,103,28,52,14,65,35
693,15,139,19,14,60,119,108,123,71
693,16,105,48,30,137,135,63,40,67
693,17,56,115,140,21,142,121,16,93
693,18,136,143,6,58,46,125,130,95
693,19,10,142,14,108,112,137,41,56
693,20,74,90,32,92,17,113,137,44
693,21,12,88,35,77,20,73,111,141
693,22,29,49,75,113,55,31,70,120
693,23,79,4,78,11,117,120,98,25
693,24,97,18,6,69,13,4,54,101
693,25,42,78,74,100,80,113,35,40
693,26,114,98,68,66,48,84,115,90
693,27,79,13,15,81,32,77,111,93
693,28,141,34,107,31,95,106,8,7
693,29,13,143,12,25,87,41,75,126
693,30,73,2,53,59,136,131,88,135
693,31,30,63,91,140,85,124,113,135
693,32,102,93,75,64,68,84,129,51
693,33,40,136,22,19,138,104,125,135
693,34,11,13,79,117,67,86,36,0
693,35,6,8,101,102,122,4,75,131
693,36,95,48,103,116,49,14,112,6
693,37,117,0,94,16,111,20,135,130
693,38,78,62,49,40,59,100,134,119
693,39,81,60,93,137,39,19,71,34
693,40,121,106,58,73,68,124,135,122
693,41,33,27,118,89,91,129,44,13
693,42,45,0,110,64,34,8,42,16
693,43,74,102,46,90,65,132,99,11
693,44,94,64,21,135,5,100,48,11
694,3,65,126,83,40,88,67,94,112
694,4,66,79,136,4,71,93,56,135
694,5,37,97,128,36,52,20,110,40
694,6,40,62,51,123,112,98,46,114
694,7,104,127,65,124,105,17,130,94
694,8,65,100,17,106,105,1,91,12
694,9,10,3,6,136,46,64,120,112
694,10,36,46,139,38,90,56,103,40
694,11,90,44,51,54,45,143,85,73
694,12,12,61,72,70,96,9,117,97
694,13,133,107,31,136,82,41,120,30
694,14,127,90,103,59,91,25,35,52
694,15,33,104,19,14,42,45,54,77
694,16,142,53,135,92,15,127,31,105
694,17,56,16,122,27,118,68,76,89
694,18,136,106,101,30,4,104,2,77
694,19,10,90,112,142,119,8,41,46
694,20,11,88,1,56,40,102,32,36
694,21,143,35,77,44,19,106,20,10
694,22,100,31,29,28,78,42,44,48
694,23,59,117,112,57,105,101,74,4
694,24,69,66,133,18,97,54,125,82
694,25,74,42,39,18,5,78,41,116
694,26,114,98,127,118,7,120,97,35
694,27,79,42,81,106,76,70,13,28
694,28,34,107,106,31,141,12,69,114
694,29,13,123,121,54,143,87,12,25
694,30,73,53,2,46,136,44,57,88
694,31,63,30,124,91,140,45,130,135
694,32,93,100,20,50,83,46,84,10
694,33,40,136,11,125,4,41,39,19
694,34,11,79,120,117,68,143,67,121
694,35,8,101,32,78,124,49,87,14
694,36,95,48,103,14,39,116,136,122
694,37,117,94,135,0,124,138,119,88
694,38,49,78,62,134,100,20,59,40
694,39,93,121,137,100,98,52,34,60
694,40,121,68,73,65,32,69,106,4
694,41,120,33,129,91,13,123,118,42
694,42,14,64,0,121,44,42,84,85
694,43,74,90,68,103,47,83,136,58
694,44,94,64,135,92,130,74,107,34
695,3,107,142,60,85,140,89,14,32
695,4,95,108,75,34,133,143,86,13
695,5,128,110,82,51,24,102,104,56
695,6,76,8,4,123,39,31,35,90
695,7,82,17,114,139,143,78,61,11
695,8,55,140,53,80,91,81,60,108
695,9,11,10,41,88,128,114,135,38
695,10,113,14,8,35,85,74,103,2
695,11,73,83,61,67,85,19,135,138
695,12,70,9,86,61,117,64,49,96
695,13,107,123,133,102,73,135,51,78
695,14,90,127,14,122,52,57,91,103
695,15,19,14,60,33,96,105,140,104
695,16,48,105,53,127,92,103,67,54
695,17,114,99,115,57,140,1,36,81
695,18,136,58,2,131,143,101,37,123
695,19,10,90,142,112,41,108,137,9
695,20,74,56,88,17,102,32,40,76
695,21,143,35,88,40,44,111,100,93
695,22,31,100,29,53,44,93,16,70
695,23,106,82,26,112,57,43,74,4
695,24,97,18,54,125,133,4,129,6
695,25,42,78,35,74,113,88,80,112
695,26,114,98,35,90,120,84,109,3
695,27,79,81,15,13,22,111,50,97
695,28,34,141,107,31,134,66,95,74
695,29,13,123,12,143,87,73,28,0
695,30,73,2,53,136,131,92,57,44
695,31,63,30,91,82,124,140,85,106
695,32,93,83,100,84,136,10,57,27
695,33,40,125,136,32,41,5,35,11
695,34,11,86,13,83,98,121,36,67
695,35,8,6,101,78,9,102,129,87
695,36,95,48,103,116,49,136,122,138
695,37,117,94,0,99,14,51,119,72
695,38,49,134,62,119,100,40,78,20
695,39,13,43,10,39,60,100,121,16
695,40,121,68,124,69,106,73,122,37
695,41,33,27,20,91,129,44,123,128
695,42,45,0,121,42,64,14,61,78
695,43,74,102,65,46,27,112,136,109
695,44,94,64,5,135,100,92,108,15
696,3,4,67,83,130,60,74,26,71
696,4,0,50,135,38,55,64,113,130
696,5,97,9,86,128,95,141,35,82
696,6,122,40,86,51,123,55,0,57
696,7,73,48,104,12,74,103,137,136
696,8,105,30,106,40,44,139,99,66
696,9,6,49,71,43,97,130,116,37
696,10,104,92,69,36,54,27,119,94
696,11,21,90,114,60,67,143,110,75
696,12,9,124,96,117,94,71,4,72
696,13,51,40,136,44,41,118,38,131
696,14,97,103,90,71,122,1,25,123
696,15,98,104,19,51,80,47,34,11
696,16,92,137,80,53,78,68,103,142
696,17,56,19,122,75,16,91,118,76
696,18,6,136,106,71,130,58,37,17
696,19,17,10,72,108,90,119,142,38
696,20,17,74,1,98,102,15,46,133
696,21,116,143,112,79,20,77,120,92
696,22,100,99,70,31,138,67,29,37
696,23,112,117,136,25,85,120,82,88
696,24,66,97,18,102,69,129,52,125
696,25,78,42,74,35,125,113,40,9
696,26,114,98,33,115,57,109,120,85
696,27,79,81,106,76,119,124,50,33
696,28,103,34,119,56,75,107,141,81
696,29,13,143,24,54,123,121,0,68
696,30,73,53,46,136,34,28,2,131
696,31,63,122,140,82,124,50,30,3
696,32,72,20,93,31,6,22,104,139
696,33,134,40,125,13,99,32,5,137
696,34,6,11,98,143,64,121,88,18
696,35,101,129,14,18,140,143,5,58
696,36,48,0,103,95,4,122,133,14
696,37,0,88,51,23,43,50,77,49
696,38,62,49,40,71,119,100,134,33
696,39,52,39,76,88,70,34,79,16
696,40,73,68,121,106,118,40,6,65
696,41,33,120,13,123,91,128,113,48
696,42,14,64,78,8,42,107,104,0
696,43,74,90,68,37,103,82,3,47
696,44,67,135,1,11,101,141,62,24
697,3,41,91,143,93,85,114,113,42
697,4,70,52,125,106,16,3,62,90
697,5,131,128,142,88,14,94,78,8
697,6,124,123,85,118,46,8,49,83
697,7,9,17,36,132,96,139,53,40
697,8,128,12,72,139,133,85,46,91
697,9,97,90,88,37,38,41,81,133
697,10,113,86,35,18,8,88,1,75
697,11,67,80,121,73,21,138,117,33
697,12,69,70,96,134,58,71,115,25
697,13,123,5,26,81,62,89,30,38
697,14,52,14,53,10,0,82,103,8
697,15,19,139,108,27,44,141,80,140
697,16,48,85,63,93,28,56,40,116
697,17,115,56,26,81,20,140,108,77
697,18,143,50,46,58,106,123,130,42
697,19,10,115,142,72,52,108,36,119
697,20,74,42,44,82,14,65,17,32
697,21,116,104,74,11,0,88,130,139
697,22,55,29,113,101,1,70,99,62
697,23,78,117,36,40,29,106,99,3
697,24,69,130,143,12,10,82,46,105
697,25,74,42,58,34,104,39,35,78
697,26,98,115,66,123,1,7,120,113
697,27,79,97,42,104,139,24,119,114
697,28,107,110,106,50,31,95,34,66
697,29,13,121,95,143,60,82,123,88
697,30,46,29,57,67,53,86,23,96
697,31,22,10,14,76,91,124,90,3
697,32,93,5,20,78,37,44,107,76
697,33,39,40,113,32,44,48,135,101
697,34,6,40,83,98,80,121,139,125
697,35,97,101,127,119,116,70,113,99
697,36,8,116,58,82,103,9,48,26
697,37,15,64,113,14,77,79,104,40
697,38,40,32,41,9,141,14,10,80
697,39,67,92,18,22,60,28,129,134
697,40,5,2,68,133,126,73,121,6
697,41,33,68,48,138,76,75,6,72
697,42,64,13,3,0,78,14,42,8
697,43,74,0,85,46,36,90,53,9
697,44,94,50,62,140,63,11,48,123
698,3,140,78,91,51,10,52,93,68
698,4,95,52,121,133,16,37,63,20
698,5,27,142,36,136,111,40,80,15
698,6,111,94,123,87,71,8,121,133
698,7,104,87,59,139,73,41,12,103
698,8,100,75,99,28,139,40,30,101
698,9,11,37,130,57,143,34,101,27
698,10,48,3,82,14,123,50,20,24
698,11,73,41,124,85,21,67,68,75
698,12,9,115,70,52,133,124,60,29
698,13,69,80,118,41,25,56,51,44
698,14,90,14,68,122,128,52,24,73
698,15,19,80,101,14,52,1,15,6
698,16,92,105,115,48,36,42,30,83
698,17,57,75,26,56,16,114,140,115
698,18,58,136,130,6,123,39,143,71
698,19,10,108,72,115,142,17,41,119
698,20,74,44,17,16,1,82,40,14
698,21,116,114,88,104,74,139,12,92
698,22,1,31,29,55,70,117,137,101
698,23,43,33,82,112,125,68,25,97
698,24,137,69,18,97,85,102,12,107
698,25,74,78,42,85,115,9,22,113
698,26,98,33,66,114,115,109,85,88
698,27,76,79,42,119,97,22,108,0
698,28,119,66,106,29,34,69,25,31
698,29,121,123,0,44,116,13,138,48
698,30,46,125,44,72,136,34,53,57
698,31,125,1,120,124,82,3,63,19
698,32,85,66,72,0,42,70,84,111
698,33,125,104,40,39,134,43,106,65
698,34,80,83,105,67,40,88,18,68
698,35,140,127,19,101,21,62,97,9
698,36,48,99,116,27,58,131,39,78
698,37,14,117,57,99,52,10,135,77
698,38,134,40,62,34,44,9,17,20
698,39,7,105,86,13,50,60,72,90
698,40,2,124,68,133,121,25,62,106
698,41,27,90,68,33,42,119,19,76
698,42,89,0,14,8,107,110,123,41
698,43,74,114,65,46,90,27,4,11
698,44,5,117,119,75,51,140,62,94
699,3,95,10,34,45,80,109,142,90
699,4,38,113,102,31,109,34,77,74
699,5,16,129,72,87,137,54,70,128
699,6,16,51,95,24,3,39,142,127
699,7,108,71,43,89,45,5,30,96
699,8,63,121,114,104,68,45,134,86
699,9,56,69,130,136,109,81,75,98
699,10,51,57,56,103,69,81,123,9
699,11,102,101,73,4,108,106,59,113
699,12,131,20,96,0,124,28,62,21
699,13,118,44,25,60,66,23,54,10
699,14,49,55,123,2,103,78,91,1
699,15,20,112,11,19,2,68,109,80
699,16,137,92,3,126,80,106,36,69
699,17,56,19,49,16,142,75,45,76
699,18,130,71,17,6,114,132,37,0
699,19,38,11,37,17,108,10,8,34
699,20,76,65,135,97,137,32,17,90
699,21,141,20,107,77,115,116,63,134
699,22,46,31,29,114,118,78,19,71
699,23,112,46,97,125,134,101,63,118
699,24,126,69,107,12,42,22,18,125
699,25,74,85,116,18,115,88,35,86
699,26,7,97,66,98,118,115,113,72
699,27,42,97,76,79,0,125,124,22
699,28,106,29,66,141,69,119,7,31
699,29,121,44,116,105,138,94,48,0
699,30,53,57,41,72,130,136,44,92
699,31,3,63,1,125,82,124,120,85
699,32,0,66,72,5,21,42,85,111
699,33,40,106,104,43,125,32,39,79
699,34,83,13,80,98,88,117,132,23
699,35,140,127,101,8,19,58,67,62
699,36,116,12,99,78,103,96,81,51
699,37,99,117,14,52,10,50,66,56
699,38,134,51,40,44,100,128,18,20
699,39,105,86,50,7,60,13,122,28
699,40,124,133,129,90,69,68,106,128
699,41,116,90,76,2,68,47,54,56
699,42,37,0,14,123,8,13,63,121
699,43,143,110,57,111,13,11,112,15
699,44,44,122,7,80,79,52,126,22
700,3,126,104,68,94,55,74,38,58
700,4,116,93,91,142,74,80,86,13
700,5,9,30,125,26,104,86,70,7
700,6,142,40,20,134,37,24,14,78
700,7,33,57,35,69,71,46,5,36
700,8,125,17,12,139,66,69,71,15
700,9,64,78,103,131,58,94,71,73
700,10,128,139,69,27,92,15,20,104
700,11,8,132,101,1,44,140,138,117
700,12,131,57,55,108,7,51,136,25
700,13,66,6,60,44,64,86,70,25
700,14,138,75,73,55,25,143,100,31
700,15,33,68,102,11,20,2,59,127
700,16,108,27,46,137,126,106,47,101
700,17,31,117,56,49,103,11,0,30
700,18,132,20,106,6,119,114,122,130
700,19,37,128,10,17,77,119,48,120
700,20,32,12,135,65,37,121,27,82
700,21,77,115,63,99,9,20,116,28
700,22,78,106,18,80,114,29,19,35
700,23,134,113,28,101,112,95,80,46
700,24,22,69,32,12,140,114,94,70
700,25,42,16,74,78,116,35,85,18
700,26,109,98,72,113,79,78,115,35
700,27,42,32,97,79,124,137,45,127
700,28,106,126,141,87,86,29,67,14
700,29,48,121,29,44,38,18,3,13
700,30,21,75,96,11,114,57,72,116
700,31,74,63,127,78,125,108,29,124
700,32,25,12,80,60,44,66,2,4
700,33,32,106,104,17,40,39,41,142
700,34,13,98,132,80,83,73,39,88
700,35,101,89,8,127,125,124,130,128
700,36,12,51,103,63,78,141,58,96
700,37,135,14,117,127,56,7,16,103
700,38,40,100,9,49,97,53,112,73
700,39,7,86,60,22,23,28,120,30
700,40,90,69,106,23,53,133,68,2
700,41,76,2,39,6,33,82,68,28
700,42,8,44,14,107,76,64,0,39
700,43,34,125,90,15,110,112,130,126
700,44,9,24,104,107,38,80,64,124
701,3,57,58,142,43,68,69,39,42
701,4,91,134,142,106,130,53,28,104
701,5,0,48,134,133,114,128,29,51
701,6,4,13,60,109,53,46,76,71
701,7,100,52,38,35,53,15,57,96
701,8,125,22,59,111,68,49,32,3
701,9,32,71,59,7,140,89,117,109
701,10,136,38,62,66,92,54,69,12
701,11,29,134,46,49,104,44,42,99
701,12,18,71,37,135,127,96,75,136
701,13,130,117,19,13,106,66,45,94
701,14,83,106,40,129,79,72,117,20
701,15,110,16,18,57,93,89,39,69
701,16,25,18,106,57,71,133,74,110
701,17,90,64,11,24,56,30,6,44
701,18,106,17,105,132,20,130,86,114
701,19,95,77,1,10,140,71,59,54
701,20,121,2,12,135,39,53,93,37
701,21,132,107,63,115,72,64,110,17
701,22,109,141,78,99,63,59,135,19
701,23,40,46,112,137,133,38,140,120
701,24,90,122,16,69,13,114,41,12
701,25,43,107,42,18,35,78,109,116
701,26,109,115,53,98,90,35,113,12
701,27,119,42,79,11,0,28,106,141
701,28,106,91,121,141,34,7,107,73
701,29,51,121,105,13,65,116,77,44
701,30,99,2,53,130,57,73,92,131
701,31,63,3,26,127,125,82,29,138
701,32,3,92,0,17,66,21,118,45
701,33,104,40,32,98,39,34,106,16
701,34,46,11,42,98,125,117,80,36
701,35,120,8,140,127,101,129,102,58
701,36,135,12,63,116,76,96,90,23
701,37,99,15,117,115,14,29,77,5
701,38,33,108,40,100,44,32,112,20
701,39,7,4,60,28,46,22,44,13
701,40,137,2,90,133,106,111,69,5
701,41,51,76,2,68,54,44,89,139
701,42,91,120,110,63,47,111,76,8
701,43,108,16,63,110,10,111,64,127
701,44,81,42,0,86,68,64,57,135
702,3,94,70,104,76,86,60,134,90
702,4,99,28,104,3,33,59,91,143
702,5,21,51,133,80,85,35,7,15
702,6,1,29,4,20,46,140,89,109
702,7,1,116,38,15,112,100,70,139
702,8,125,40,111,49,139,51,9,109
702,9,138,119,79,15,71,94,59,128
702,10,96,13,54,27,131,71,103,10
702,11,11,46,70,79,27,16,52,4
702,12,127,96,71,135,37,18,43,103
702,13,117,63,19,45,13,130,8,121
702,14,33,83,31,40,129,117,72,119
702,15,92,110,57,98,16,69,93,103
702,16,25,106,74,18,69,133,57,110
702,17,30,56,64,59,19,11,47,27
702,18,6,136,130,106,71,55,76,110
702,19,17,10,108,88,1,90,122,46
702,20,74,137,17,56,102,98,37,9
702,21,88,35,143,54,141,2,73,33
702,22,141,29,39,99,109,30,63,42
702,23,40,137,82,117,46,112,128,38
702,24,97,122,41,89,114,138,52,42
702,25,42,78,74,30,113,35,5,40
702,26,98,114,49,53,35,115,109,33
702,27,79,119,15,13,32,81,127,93
702,28,141,34,56,107,57,102,8,7
702,29,13,85,143,12,51,121,34,53
702,30,2,73,59,57,123,46,131,74
702,31,63,30,59,138,26,124,85,113
702,32,127,3,93,21,60,37,108,68
702,33,40,104,32,39,46,112,140,100
702,34,11,98,36,63,83,80,140,88
702,35,8,79,101,19,120,127,63,21
702,36,140,103,12,29,112,116,16,58
702,37,117,5,99,115,14,77,101,15
702,38,100,49,40,112,119,104,46,20
702,39,7,60,28,68,30,22,44,115
702,40,23,2,133,69,106,136,6,125
702,41,76,33,68,112,114,44,40,2
702,42,71,14,110,107,12,8,34,39
702,43,64,29,76,15,90,111,13,130
702,44,33,31,64,93,76,17,24,107
703,3,81,94,40,24,83,113,71,13
703,4,103,20,135,126,84,37,39,115
703,5,28,123,106,117,72,91,80,104
703,6,113,135,99,67,71,106,0,42
703,7,99,53,124,57,136,70,83,137
703,8,63,16,7,31,25,75,105,22
703,9,103,87,93,77,136,117,84,116
703,10,47,111,65,100,27,96,69,90
703,11,78,91,63,70,125,75,102,110
703,12,127,67,37,0,100,96,42,18
703,13,36,19,27,70,52,46,117,30
703,14,97,32,40,69,114,42,129,134
703,15,11,134,25,88,69,141,98,105
703,16,25,20,6,74,106,68,24,59
703,17,64,56,30,47,90,27,19,74
703,18,106,132,110,6,17,124,136,76
703,19,17,95,1,10,77,90,38,71
703,20,121,75,105,94,135,12,98,17
703,21,107,18,141,132,35,63,92,33
703,22,141,78,63,99,39,70,125,72
703,23,47,40,137,112,117,12,91,57
703,24,52,122,133,106,114,69,97,6
703,25,78,42,113,35,74,79,30,112
703,26,98,49,53,114,143,33,3,29
703,27,15,79,13,81,119,49,127,93
703,28,141,34,56,107,65,21,8,85
703,29,13,143,12,25,87,121,11,73
703,30,2,73,46,117,15,60,57,123
703,31,138,30,63,124,10,106,59,123
703,32,93,37,51,84,131,36,3,64
703,33,40,104,136,134,48,11,100,16
703,34,11,79,36,35,55,121,47,117
703,35,8,137,101,97,128,124,79,72
703,36,103,58,112,48,29,60,110,133
703,37,117,101,83,16,53,82,43,5
703,38,100,49,142,40,62,8,65,109
703,39,7,141,135,88,0,39,20,118
703,40,92,121,12,90,68,24,84,31
703,41,63,33,19,44,112,128,75,118
703,42,14,107,34,8,104,78,110,121
703,43,74,95,90,123,112,129,120,97
703,44,139,64,70,31,38,25,10,94
704,3,107,60,85,142,140,14,3,52
704,4,95,104,34,68,75,133,11,116
704,5,56,106,102,26,58,41,21,143
704,6,89,134,94,130,87,100,48,135
704,7,82,104,17,65,132,130,46,23
704,8,136,91,53,127,75,62,116,55
704,9,11,27,88,41,128,34,63,8
704,10,14,113,30,85,116,122,59,103
704,11,73,85,83,61,63,67,10,39
704,12,70,9,88,117,1,101,118,49
704,13,123,99,56,20,34,73,102,51
704,14,90,14,122,35,52,103,0,77
704,15,19,60,25,94,105,96,108,85
704,16,48,105,103,92,19,5,74,30
704,17,47,57,115,140,36,1,56,12
704,18,58,143,136,6,110,46,77,131
704,19,10,108,112,41,115,48,142,81
704,20,74,17,92,44,16,90,14,88
704,21,12,88,143,20,100,79,0,134
704,22,16,141,53,49,113,29,120,39
704,23,79,106,142,25,46,94,98,6
704,24,97,14,4,129,6,42,18,72
704,25,78,42,74,52,113,89,125,5
704,26,114,98,0,68,3,90,53,33
704,27,79,32,15,13,111,106,50,93
704,28,34,107,112,77,8,138,48,33
704,29,13,143,12,73,26,126,1,25
704,30,73,2,46,88,66,92,115,136
704,31,91,30,63,10,124,112,135,35
704,32,93,97,76,36,50,70,33,3
704,33,40,136,134,11,73,125,102,138
704,34,11,79,67,55,36,107,65,115
704,35,8,101,6,77,124,23,87,129
704,36,95,103,48,113,124,126,49,110
704,37,117,0,43,29,23,82,121,124
704,38,100,49,40,62,2,6,51,134
704,39,62,0,88,81,10,133,98,69
704,40,121,37,92,73,49,68,137,71
704,41,33,77,105,27,61,44,89,41
704,42,78,45,121,64,42,8,104,5
704,43,74,46,102,90,142,109,7,50
704,44,64,94,89,11,6,100,62,15
705,3,4,67,83,60,26,31,74,35
705,4,0,50,135,130,66,23,55,122
705,5,97,9,128,86,102,95,141,140
705,6,122,40,123,55,86,19,51,7
705,7,73,104,48,12,74,140,37,85
705,8,105,44,20,30,106,108,129,40
705,9,6,49,64,120,71,43,130,77
705,10,104,36,92,69,27,90,136,143
705,11,21,90,114,52,2,63,69,127
705,12,124,9,4,96,72,117,53,0
705,13,51,136,40,118,133,30,41,38
705,14,97,90,35,91,71,76,56,42
705,15,104,98,19,88,47,72,117,80
705,16,92,103,53,137,25,142,78,74
705,17,47,19,122,139,75,56,67,8
705,18,6,58,71,123,17,136,37,130
705,19,108,10,102,72,17,41,90,48
705,20,17,74,16,98,75,104,11,93
705,21,112,79,135,107,132,47,99,100
705,22,99,39,70,16,141,100,143,78
705,23,136,117,142,12,112,25,128,6
705,24,66,97,13,21,118,10,129,14
705,25,42,78,63,52,113,126,74,30
705,26,98,114,127,33,13,76,40,53
705,27,49,79,13,81,50,39,106,32
705,28,56,107,34,141,74,75,8,119
705,29,13,143,24,54,113,75,12,97
705,30,112,53,73,34,131,136,46,138
705,31,30,91,130,32,85,106,123,2
705,32,37,93,20,3,130,32,76,131
705,33,134,40,136,32,13,125,31,48
705,34,11,121,39,79,60,139,33,36
705,35,101,14,87,77,124,36,128,143
705,36,103,48,82,8,110,49,97,27
705,37,43,19,37,87,0,108,136,75
705,38,49,40,142,62,88,114,10,116
705,39,52,133,83,79,108,30,100,135
705,40,73,62,84,68,37,6,12,92
705,41,33,120,13,44,41,123,48,96
705,42,14,8,64,42,107,78,6,10
705,43,74,90,68,37,47,103,21,112
705,44,67,11,1,97,31,135,22,62
706,3,140,78,85,52,93,127,123,60
706,4,95,124,106,16,68,23,117,130
706,5,128,48,110,25,142,90,66,116
706,6,94,123,122,87,132,109,107,119
706,7,104,70,42,53,139,130,82,117
706,8,75,89,85,0,22,139,46,55
706,9,11,130,41,37,12,135,128,112
706,10,113,48,122,14,8,101,74,75
706,11,73,67,85,21,61,112,19,92
706,12,70,9,60,117,115,124,29,96
706,13,123,51,120,118,55,139,102,56
706,14,90,14,122,52,80,69,91,103
706,15,19,101,1,79,80,59,39,14
706,16,92,48,105,103,60,30,63,42
706,17,57,56,115,111,126,71,81,26
706,18,58,130,136,123,46,17,143,28
706,19,10,108,72,115,36,41,38,142
706,20,74,44,128,88,137,54,71,47
706,21,88,116,143,114,12,0,79,132
706,22,1,128,101,113,70,102,53,100
706,23,43,142,128,99,44,117,106,26
706,24,8,97,70,82,31,129,14,18
706,25,42,78,52,74,113,126,35,112
706,26,114,33,98,127,109,82,19,37
706,27,79,13,109,81,15,111,49,92
706,28,141,107,56,34,12,51,8,124
706,29,13,143,11,87,6,75,29,103
706,30,73,39,109,131,85,52,74,34
706,31,30,91,130,123,46,32,135,106
706,32,84,36,3,33,32,10,115,65
706,33,136,134,40,125,22,138,11,97
706,34,11,60,52,79,33,107,20,88
706,35,36,101,130,87,14,21,45,138
706,36,95,48,141,90,1,23,9,113
706,37,54,112,37,66,108,136,78,84
706,38,78,62,37,40,49,2,138,55
706,39,10,87,2,60,129,100,89,137
706,40,62,121,44,68,92,25,17,71
706,41,33,142,103,41,138,69,61,89
706,42,34,74,96,125,42,121,104,5
706,43,74,46,99,69,112,62,39,109
706,44,20,122,94,21,127,49,48,92
707,3,126,83,119,142,57,94,71,74
707,4,93,4,127,22,66,56,113,91
707,5,97,37,128,122,72,36,90,52
707,6,62,14,51,40,55,50,123,134
707,7,125,39,74,35,57,20,65,117
707,8,125,15,106,17,100,11,20,50
707,9,3,6,58,78,128,64,57,97
707,10,36,128,46,80,139,90,92,111
707,11,90,54,143,73,123,92,78,67
707,12,136,9,61,70,96,72,12,117
707,13,51,133,66,118,116,35,103,34
707,14,127,90,75,95,52,44,35,91
707,15,19,33,80,15,1,87,99,60
707,16,142,92,53,134,125,55,77,61
707,17,89,56,83,122,99,26,16,128
707,18,136,106,6,104,58,39,30,93
707,19,10,104,112,90,119,41,137,142
707,20,88,11,135,74,28,102,134,125
707,21,143,79,107,2,112,88,13,92
707,22,100,143,10,1,39,94,53,41
707,23,59,117,33,25,142,85,92,112
707,24,70,66,97,69,39,129,124,6
707,25,42,74,78,52,113,125,102,119
707,26,98,114,127,109,97,0,76,66
707,27,79,13,119,81,92,111,49,14
707,28,107,56,12,95,117,75,34,51
707,29,13,53,143,123,87,75,11,68
707,30,53,139,141,109,96,83,54,57
707,31,91,32,19,1,112,127,2,45
707,32,75,27,36,74,57,24,33,104
707,33,136,40,138,13,137,32,91,135
707,34,11,98,6,93,55,101,47,132
707,35,101,121,23,36,21,14,84,45
707,36,48,95,103,49,22,99,124,34
707,37,87,138,37,104,0,77,101,108
707,38,49,71,62,20,40,60,122,32
707,39,87,100,115,129,89,79,60,30
707,40,73,68,121,92,71,91,118,6
707,41,33,120,138,13,81,61,137,89
707,42,14,104,34,78,8,136,121,67
707,43,74,103,66,37,68,109,90,120
707,44,67,1,135,92,97,49,107,122
708,3,120,143,107,89,85,46,97,66
708,4,67,68,134,24,133,121,129,77
708,5,58,104,128,29,116,88,82,71
708,6,4,46,28,76,123,134,37,124
708,7,35,13,139,36,96,82,3,61
708,8,140,11,75,55,18,43,60,139
708,9,11,113,41,10,128,143,81,134
708,10,8,92,113,68,6,40,36,88
708,11,83,143,87,73,68,123,67,112
708,12,136,70,61,117,64,9,46,114
708,13,51,73,133,20,66,116,34,8
708,14,90,75,14,52,127,103,82,28
708,15,19,33,139,105,14,46,99,72
708,16,48,92,105,127,103,53,125,142
708,17,99,114,15,115,71,128,26,81
708,18,136,130,58,143,6,118,101,135
708,19,10,112,108,137,104,41,142,3
708,20,88,74,44,17,42,125,92,137
708,21,143,88,102,2,92,74,84,91
708,22,29,70,1,100,19,41,113,39
708,23,43,33,128,120,98,11,80,82
708,24,18,70,97,25,69,14,60,8
708,25,78,74,43,35,18,116,113,115
708,26,93,66,33,113,109,1,97,76
708,27,76,79,119,0,11,130,24,42
708,28,137,107,106,34,77,119,25,116
708,29,121,123,13,116,0,11,88,29
708,30,125,20,57,2,60,73,44,96
708,31,124,26,125,107,45,6,123,1
708,32,85,34,3,66,32,14,114,92
708,33,44,104,65,134,40,136,39,16
708,34,98,117,9,105,42,48,88,68
708,35,128,127,101,21,10,120,124,66
708,36,48,34,104,99,90,96,67,76
708,37,10,99,15,117,77,95,51,108
708,38,92,62,32,117,129,40,71,20
708,39,7,87,13,12,89,71,72,63
708,40,2,110,71,133,25,80,50,94
708,41,27,70,116,72,76,96,68,138
708,42,23,87,89,104,55,143,107,34
708,43,74,65,46,11,39,111,52,104
708,44,5,80,122,94,51,62,89,77
709,3,34,141,81,40,114,94,80,50
709,4,110,13,38,84,31,34,53,39
709,5,72,117,93,128,89,8,125,32
709,6,16,51,24,3,71,106,100,47
709,7,108,74,50,112,64,8,99,83
709,8,63,121,114,68,33,139,88,128
709,9,56,130,136,109,81,133,116,59
709,10,57,51,103,56,73,69,62,85
709,11,102,101,13,113,33,98,100,106
709,12,20,131,124,96,54,32,0,63
709,13,66,13,51,118,30,23,116,20
709,14,49,90,143,24,35,23,80,56
709,15,112,20,2,19,68,34,11,98
709,16,25,92,45,126,36,106,101,74
709,17,56,19,75,47,30,117,26,71
709,18,6,130,136,119,71,137,55,103
709,19,10,95,102,3,58,114,88,17
709,20,135,129,38,94,137,17,96,54
709,21,107,132,135,65,2,36,134,18
709,22,46,15,141,143,106,80,78,70
709,23,128,33,80,117,30,25,118,44
709,24,32,69,126,37,18,60,114,142
709,25,107,116,43,74,78,113,115,136
709,26,27,97,93,109,113,127,66,19
709,27,119,79,42,76,57,24,11,137
709,28,106,137,77,107,83,124,117,22
709,29,121,116,123,13,51,0,60,29
709,30,125,57,2,20,29,60,11,43
709,31,1,107,125,124,138,90,123,87
709,32,85,34,114,68,66,3,92,73
709,33,104,44,39,142,106,51,16,89
709,34,98,80,40,42,68,83,117,39
709,35,127,101,128,92,120,13,124,113
709,36,99,58,116,81,104,67,8,77
709,37,95,10,15,99,14,135,8,100
709,38,92,32,68,40,9,111,20,117
709,39,87,7,12,28,72,115,60,55
709,40,133,110,2,77,80,94,71,122
709,41,116,76,70,68,72,128,138,89
709,42,37,87,143,113,107,26,14,55
709,43,111,11,42,74,52,104,33,125
709,44,80,122,89,39,79,114,30,52
710,3,48,35,43,88,8,46,80,0
710,4,60,82,40,23,81,37,7,79
710,5,78,82,128,25,102,75,36,50
710,6,134,19,53,55,138,123,34,59
710,7,11,108,8,65,57,93,70,85
710,8,1,79,101,91,60,59,71,26
710,9,7,49,71,42,125,0,8,98
710,10,120,80,116,139,27,74,97,134
710,11,135,2,21,33,93,110,100,59
710,12,53,76,96,8,135,0,111,37
710,13,30,13,106,78,77,31,33,103
710,14,42,114,79,129,117,40,47,137
710,15,71,99,22,111,90,46,20,118
710,16,143,106,55,25,133,75,93,77
710,17,41,56,30,90,27,74,71,26
710,18,135,23,106,137,130,136,44,119
710,19,10,83,91,3,12,53,54,87
710,20,135,0,76,22,137,115,37,45
710,21,107,72,111,132,115,141,77,70
710,22,85,35,70,15,25,78,94,134
710,23,4,16,31,48,128,131,126,129
710,24,128,69,122,6,13,98,121,114
710,25,107,74,116,35,52,78,113,4
710,26,127,109,49,122,84,97,12,98
710,27,119,79,15,24,13,92,11,63
710,28,34,107,45,141,71,87,73,91
710,29,51,121,13,11,26,97,143,41
710,30,96,2,57,29,13,3,60,131
710,31,127,131,123,125,130,29,64,124
710,32,29,15,108,115,114,13,84,88
710,33,104,24,39,28,40,99,100,135
710,34,98,13,42,29,88,80,83,39
710,35,127,101,95,8,120,124,117,46
710,36,58,8,49,12,108,81,77,104
710,37,99,117,15,50,14,95,138,71
710,38,40,9,49,119,108,31,32,20
710,39,7,28,60,68,121,20,131,12
710,40,40,133,69,2,24,82,136,137
710,41,15,76,68,124,139,33,2,137
710,42,18,14,47,8,120,107,104,34
710,43,42,109,111,64,90,74,128,130
710,44,91,114,79,107,57,64,24,135
711,3,62,13,128,104,142,86,73,90
711,4,5,22,125,102,16,13,80,38
711,5,18,104,88,75,50,143,105,116
711,6,138,77,83,71,89,81,11,85
711,7,110,17,64,53,18,132,11,70
711,8,10,54,9,55,101,40,56,99
711,9,71,31,83,43,21,51,60,49
711,10,133,37,20,86,123,94,89,1
711,11,98,7,79,0,67,30,104,110
711,12,49,37,96,99,114,135,0,136
711,13,101,100,112,54,71,13,30,128
711,14,117,129,68,42,52,107,76,79
711,15,134,69,129,93,39,71,70,97
711,16,106,120,143,125,25,57,133,76
711,17,56,19,95,72,30,45,142,12
711,18,130,6,71,19,137,17,106,114
711,19,11,10,108,105,114,130,20,87
711,20,137,22,76,74,115,63,50,65
711,21,107,100,111,110,85,73,70,33
711,22,70,85,15,19,29,78,39,14
711,23,89,130,137,117,44,126,57,90
711,24,6,104,122,120,121,14,69,97
711,25,78,35,113,42,30,74,5,22
711,26,49,98,12,76,127,114,122,22
711,27,79,15,13,119,32,77,92,70
711,28,34,141,107,87,73,140,8,65
711,29,137,13,143,12,51,11,47,63
711,30,2,73,59,48,57,60,130,131
711,31,138,31,20,76,103,85,9,19
711,32,88,106,62,29,115,32,116,93
711,33,40,104,137,32,83,99,73,79
711,34,98,11,13,103,117,67,34,33
711,35,8,77,119,72,101,117,54,134
711,36,108,27,49,14,123,104,12,90
711,37,117,19,76,108,14,77,138,16
711,38,49,40,128,15,100,73,9,65
711,39,44,39,131,70,81,6,12,93
711,40,2,121,94,91,69,125,44,68
711,41,67,138,33,46,69,77,97,15
711,42,14,34,8,64,104,120,107,103
711,43,109,64,90,47,111,92,103,112
711,44,93,64,24,67,135,107,94,38
712,3,120,143,89,107,26,38,66,46
712,4,68,42,102,133,85,22,35,121
712,5,6,58,44,142,110,55,48,78
712,6,28,110,37,39,90,6,82,46
712,7,13,36,14,64,82,139,130,6
712,8,55,0,18,11,29,75,95,73
712,9,11,113,1,15,88,81,128,13
712,10,40,68,30,25,89,91,85,137
712,11,73,67,10,87,112,85,88,79
712,12,70,117,118,98,47,88,96,101
712,13,123,112,73,62,93,96,33,51
712,14,90,0,52,28,82,14,2,24
712,15,139,19,14,94,84,90,115,135
712,16,105,92,48,57,22,30,103,125
712,17,140,19,67,39,95,56,63,1
712,18,6,130,143,136,19,105,28,88
712,19,10,108,56,11,12,112,142,87
712,20,74,137,17,50,16,92,125,90
712,21,12,111,100,88,116,135,93,110
712,22,70,29,39,19,16,41,113,116
712,23,98,57,137,63,120,79,104,117
712,24,97,6,18,14,113,72,42,129
712,25,78,42,113,74,19,35,29,52
712,26,114,98,127,68,84,76,29,12
712,27,79,13,15,81,32,24,92,111
712,28,34,141,107,56,65,95,138,8
712,29,13,143,12,137,54,103,51,126
712,30,2,73,131,52,44,80,135,74
712,31,30,91,110,85,63,20,31,140
712,32,93,62,88,20,24,97,133,75
712,33,40,83,138,35,22,9,89,70
712,34,11,103,117,107,115,70,52,109
712,35,6,8,101,131,72,54,77,119
712,36,95,49,14,122,106,46,0,133
712,37,117,134,105,108,23,34,16,94
712,38,126,49,40,2,72,134,78,119
712,39,52,93,44,143,81,71,135,87
712,40,121,106,124,44,94,91,65,68
712,41,41,33,70,118,123,120,102,18
712,42,45,64,121,42,34,8,40,16
712,43,136,102,132,109,47,90,112,55
712,44,64,94,135,89,43,55,7,6
713,3,74,67,100,98,95,54,65,58
713,4,50,1,39,136,109,66,64,93
713,5,97,95,27,141,102,52,36,128
713,6,19,138,40,123,49,87,114,121
713,7,73,104,136,130,58,5,0,137
713,8,105,139,52,44,108,20,8,60
713,9,6,81,42,130,128,71,120,15
713,10,92,36,15,70,139,104,69,111
713,11,21,114,90,67,78,110,32,42
713,12,9,124,117,4,96,32,103,13
713,13,26,40,136,118,130,51,38,137
713,14,97,90,66,56,8,68,77,24
713,15,104,98,19,14,117,51,1,12
713,16,92,68,78,30,53,19,79,77
713,17,56,122,91,139,19,26,75,45
713,18,6,130,19,136,137,28,105,135
713,19,17,10,108,72,20,64,36,46
713,20,74,17,137,98,50,22,25,126
713,21,112,111,100,103,143,92,43,110
713,22,19,100,99,77,15,70,39,29
713,23,136,117,142,1,25,57,85,26
713,24,66,97,6,18,29,129,14,72
713,25,78,42,113,125,91,126,29,102
713,26,114,98,33,133,127,87,71,29
713,27,81,79,13,125,124,24,92,32
713,28,56,141,34,50,138,65,119,91
713,29,13,143,24,54,34,98,103,11
713,30,73,53,34,83,52,131,139,99
713,31,107,122,130,106,74,133,135,31
713,32,75,72,20,33,36,118,32,24
713,33,134,40,13,112,138,139,11,32
713,34,6,11,98,9,143,39,139,21
713,35,101,41,143,18,124,119,128,131
713,36,48,104,14,49,106,133,60,96
713,37,134,96,88,126,87,104,77,10
713,38,49,40,71,116,60,32,119,20
713,39,87,52,79,0,88,133,70,137
713,40,73,44,94,123,104,68,71,32
713,41,120,33,138,86,36,123,48,135
713,42,14,64,10,8,42,51,37,67
713,43,90,66,103,47,82,39,74,37
713,44,67,135,11,1,74,142,64,92
714,3,140,78,52,85,127,89,115,11
714,4,95,68,23,121,65,75,15,84
714,5,128,50,82,66,25,8,14,38
714,6,94,123,109,100,39,72,59,76
714,7,82,42,104,80,81,139,70,101
714,8,55,109,60,46,114,139,43,30
714,9,11,130,37,41,81,43,112,8
714,10,14,113,8,74,48,89,23,20
714,11,73,21,83,67,85,112,100,4
714,12,70,9,117,32,60,124,90,30
714,13,26,118,51,139,116,56,25,20
714,14,90,14,122,8,52,91,69,77
714,15,19,14,80,15,1,59,101,51
714,16,92,48,105,30,42,28,79,36
714,17,75,91,95,81,57,44,71,126
714,18,130,6,19,136,28,58,53,79
714,19,10,17,108,30,142,105,11,66
714,20,74,50,137,25,17,54,119,76
714,21,116,52,102,74,103,111,88,107
714,22,15,29,70,19,0,77,89,93
714,23,80,1,30,117,43,33,128,7
714,24,69,12,142,97,137,70,18,25
714,25,115,78,116,18,74,35,43,136
714,26,66,113,27,97,135,109,34,93
714,27,121,137,79,97,119,24,42,0
714,28,137,106,107,77,25,83,43,75
714,29,48,42,121,29,33,123,87,103
714,30,114,125,20,38,139,75,63,131
714,31,83,102,101,127,125,87,137,9
714,32,34,130,85,33,97,6,31,121
714,33,112,106,104,134,85,51,39,142
714,34,9,75,88,109,2,70,107,98
714,35,128,101,41,127,85,10,138,69
714,36,51,104,106,0,19,77,58,76
714,37,10,66,15,129,8,135,99,134
714,38,40,129,113,68,32,20,71,22
714,39,87,7,60,121,0,135,134,140
714,40,123,32,2,126,14,94,46,104
714,41,72,33,128,76,45,86,98,89
714,42,23,8,107,70,51,12,127,110
714,43,52,74,131,121,45,139,44,32
714,44,129,92,95,112,80,30,74,34
715,3,94,26,11,104,101,56,44,39
715,4,46,110,81,88,77,79,22,44
715,5,43,0,25,28,128,9,58,134
715,6,78,130,97,68,121,142,20,34
715,7,24,98,87,106,123,15,129,70
715,8,126,68,33,26,40,44,4,103
715,9,9,30,141,134,71,69,143,138
715,10,102,42,127,49,69,125,5,90
715,11,120,6,8,64,1,4,138,79
715,12,131,137,11,6,37,55,0,54
715,13,6,19,66,42,143,25,13,101
715,14,138,100,143,69,78,40,24,28
715,15,59,66,3,109,4,141,87,82
715,16,101,87,108,25,46,98,33,58
715,17,116,90,56,138,30,87,64,6
715,18,119,103,137,132,124,11,135,86
715,19,77,24,118,95,71,136,59,128
715,20,121,135,31,38,129,39,94,53
715,21,105,107,132,109,52,63,18,103
715,22,106,33,82,15,94,78,22,126
715,23,19,80,60,77,101,6,117,43
715,24,0,140,103,94,69,86,142,96
715,25,54,88,70,109,74,34,139,66
715,26,79,91,130,97,135,30,109,37
715,27,137,131,46,121,28,27,135,128
715,28,98,86,46,106,29,67,126,51
715,29,42,48,121,38,108,3,87,111
715,30,114,116,75,46,72,70,105,3
715,31,102,108,8,78,85,127,94,101
715,32,130,12,117,44,66,25,104,32
715,33,106,121,85,39,131,17,71,0
715,34,75,125,23,82,38,42,63,83
715,35,127,69,85,19,83,67,70,57
715,36,77,51,29,15,96,137,13,128
715,37,135,45,114,23,53,14,108,95
715,38,68,113,109,20,101,40,95,18
715,39,134,86,60,43,115,104,47,140
715,40,126,53,55,61,90,98,69,24
715,41,25,45,54,76,39,33,21,128
715,42,69,70,107,8,12,26,97,39
715,43,78,52,49,44,116,126,90,93
715,44,113,61,118,112,68,125,143,74
716,3,134,105,37,46,118,109,90,133
716,4,38,130,100,6,90,12,51,71
716,5,35,59,95,48,12,116,51,32
716,6,135,13,109,45,53,118,37,82
716,7,126,38,14,102,36,121,50,112
716,8,5,32,69,41,22,58,68,26
716,9,24,10,7,79,117,37,46,71
716,10,44,10,66,89,45,123,20,27
716,11,16,47,134,51,69,104,9,76
716,12,140,135,143,116,74,37,7,88
716,13,46,107,6,140,44,111,19,31
716,14,3,139,40,79,134,56,45,30
716,15,118,88,110,77,93,4,109,44
716,16,14,47,137,98,50,97,141,75
716,17,116,28,4,138,103,25,100,90
716,18,119,103,122,51,110,57,132,20
716,19,121,94,118,71,48,77,140,131
716,20,32,67,121,135,69,119,89,31
716,21,63,26,34,77,137,64,116,73
716,22,94,78,51,140,71,35,59,65
716,23,113,137,66,6,140,112,41,134
716,24,13,54,16,69,119,22,140,20
716,25,74,18,88,35,42,69,76,113
716,26,98,7,115,97,66,109,113,122
716,27,79,97,124,93,11,20,92,128
716,28,106,83,46,29,85,8,67,7
716,29,121,18,34,22,48,20,87,100
716,30,46,21,80,29,72,59,57,110
716,31,124,113,85,125,88,127,64,23
716,32,13,25,112,42,29,4,44,127
716,33,39,106,40,86,112,8,104,46
716,34,98,83,40,13,36,127,50,107
716,35,19,127,85,124,99,9,101,49
716,36,116,51,16,12,35,9,50,15
716,37,14,135,15,19,27,109,105,77
716,38,40,68,134,9,73,141,12,23
716,39,86,115,105,60,78,22,121,39
716,40,133,2,55,6,23,68,5,90
716,41,33,68,76,90,108,21,28,102
716,42,8,107,44,18,52,14,17,1
716,43,90,64,25,112,70,124,13,56
716,44,9,24,31,91,80,67,79,38
717,3,81,72,13,137,24,63,57,11
717,4,103,20,39,135,37,88,115,96
717,5,123,117,80,72,64,34,116,89
717,6,113,67,71,135,106,22,0,118
717,7,99,53,124,57,3,52,75,97
717,8,63,16,31,22,7,42,88,26
717,9,103,87,93,136,0,97,117,46
717,10,111,47,65,100,89,23,67,63
717,11,78,91,16,125,69,14,97,117
717,12,37,118,67,96,100,7,14,143
717,13,36,44,115,54,70,46,30,8
717,14,25,97,40,17,114,123,141,91
717,15,11,134,32,25,4,53,71,45
717,16,6,20,137,47,141,106,89,98
717,17,32,56,111,85,142,81,12,30
717,18,130,35,106,31,114,55,17,110
717,19,11,64,10,121,34,79,131,129
717,20,135,32,71,121,65,79,76,109
717,21,35,132,40,77,63,115,103,92
717,22,94,37,12,50,78,44,118,29
717,23,47,117,112,140,10,4,24,113
717,24,52,69,54,14,120,59,122,12
717,25,74,78,68,42,113,35,125,5
717,26,98,66,115,49,48,118,43,68
717,27,79,97,77,32,93,100,124,24
717,28,34,106,107,117,87,90,125,43
717,29,13,121,25,143,16,26,18,100
717,30,46,71,59,136,135,41,126,120
717,31,124,113,23,85,32,54,9,20
717,32,57,37,20,75,128,32,88,59
717,33,40,16,104,8,39,5,32,34
717,34,98,40,83,79,11,13,36,121
717,35,101,124,8,72,19,99,84,58
717,36,48,116,103,44,112,58,6,60
717,37,16,14,83,119,109,71,117,27
717,38,62,40,100,20,55,16,33,18
717,39,115,7,44,39,71,0,2,18
717,40,6,106,92,121,5,2,68,88
717,41,63,33,59,28,122,72,21,50
717,42,107,8,14,34,78,80,64,126
717,43,74,95,90,129,109,123,97,130
717,44,139,70,31,39,25,85,64,143
718,3,143,41,85,119,43,57,38,123
718,4,70,125,4,73,129,143,103,52
718,5,131,56,36,128,116,26,14,142
718,6,75,39,89,136,28,44,118,100
718,7,17,36,53,101,82,18,130,132
718,8,128,140,62,10,71,111,60,12
718,9,81,88,12,90,37,38,24,4
718,10,36,86,122,126,30,113,38,60
718,11,36,80,67,32,85,11,117,46
718,12,69,70,96,52,1,89,132,117
718,13,123,62,71,122,81,80,28,34
718,14,10,53,0,103,52,106,126,32
718,15,143,108,19,79,92,102,23,123
718,16,63,48,15,5,35,93,54,80
718,17,56,115,84,140,81,12,121,8
718,18,46,125,44,95,143,106,58,130
718,19,10,63,119,142,87,54,84,52
718,20,20,50,27,143,32,38,100,97
718,21,20,77,141,116,11,57,0,93
718,22,29,21,6,113,101,117,16,118
718,23,134,49,99,104,112,50,4,33
718,24,18,130,69,125,6,129,57,14
718,25,74,42,78,35,113,58,125,88
718,26,98,66,97,115,68,116,136,113
718,27,79,97,93,32,100,124,89,77
718,28,31,34,25,82,42,90,65,124
718,29,13,121,0,104,61,10,25,18
718,30,46,62,44,136,59,65,41,67
718,31,23,113,124,91,22,85,86,10
718,32,75,93,37,42,138,57,74,129
718,33,40,39,35,97,125,70,140,12
718,34,83,98,67,13,40,79,86,121
718,35,84,6,19,4,79,101,9,127
718,36,116,48,14,23,27,140,135,7
718,37,14,121,10,94,119,34,109,5
718,38,2,134,62,40,0,98,59,20
718,39,115,13,114,86,63,49,10,75
718,40,133,124,68,90,2,69,117,121
718,41,33,27,70,68,44,69,18,89
718,42,0,8,45,107,5,53,111,78
718,43,74,65,142,53,111,46,47,112
718,44,31,94,5,24,95,64,79,63
719,3,34,141,55,81,40,38,114,86
719,4,13,110,31,38,2,4,34,120
719,5,36,89,140,40,93,128,72,8
719,6,16,51,24,8,71,106,59,100
719,7,108,140,99,139,70,92,53,57
719,8,63,121,114,68,12,71,33,22
719,9,56,130,109,136,81,135,36,119
719,10,51,57,103,56,9,142,12,143
719,11,101,102,13,100,117,3,46,39
719,12,96,127,52,23,131,118,119,49
719,13,66,41,45,2,35,62,71,13
719,14,49,124,53,10,117,25,129,107
719,15,112,20,93,32,48,11,36,58
719,16,63,69,137,126,106,47,54,110
719,17,56,74,24,142,139,84,6,66
719,18,46,105,86,130,44,19,106,132
719,19,10,63,119,77,114,53,142,34
719,20,50,20,137,100,27,143,97,32
719,21,77,116,20,141,115,96,54,134
719,22,46,29,19,57,56,21,55,137
719,23,134,118,38,46,104,51,98,24
719,24,69,42,12,126,18,14,32,22
719,25,74,35,88,58,43,18,41,113
719,26,66,97,98,7,44,116,109,136
719,27,124,79,97,104,24,94,111,100
719,28,31,66,80,7,34,90,134,67
719,29,121,18,94,44,0,116,27,61
719,30,46,44,67,29,41,136,54,57
719,31,23,1,124,125,113,120,85,3
719,32,70,37,78,42,0,21,93,111
719,33,39,40,35,101,140,43,86,125
719,34,83,98,40,13,16,86,143,30
719,35,19,127,84,9,4,36,65,79
719,36,116,62,99,27,7,39,14,135
719,37,14,121,99,10,125,112,5,119
719,38,0,15,44,134,40,20,2,32
719,39,115,13,86,75,60,28,10,63
719,40,133,90,68,124,111,23,117,109
719,41,33,68,116,47,70,28,102,126
719,42,0,8,37,107,40,123,52,53
719,43,111,47,142,25,143,107,104,53
719,44,31,52,79,24,130,43,44,80
720,3,61,76,47,119,130,10,141,38
720,4,42,141,4,135,6,33,21,37
720,5,90,88,128,117,86,102,27,40
720,6,95,43,52,11,19,37,96,8
720,7,104,82,0,46,30,13,18,137
720,8,49,79,98,111,88,133,64,17
720,9,28,122,84,120,75,12,36,41
720,10,72,91,122,112,132,10,32,85
720,11,67,12,75,137,115,112,105,100
720,12,96,70,47,124,127,2,143,43
720,13,39,66,44,118,62,41,40,23
720,14,6,53,68,13,107,56,124,24
720,15,19,23,143,36,89,93,129,123
720,16,63,36,107,137,28,92,12,88
720,17,56,132,11,69,19,109,111,95
720,18,130,46,19,106,28,125,137,111
720,19,10,66,108,63,119,142,38,60
720,20,50,137,53,100,20,132,93,67
720,21,116,77,80,31,111,20,93,126
720,22,29,137,77,57,19,117,18,83
720,23,61,88,134,75,67,25,118,104
720,24,130,12,69,137,14,60,70,44
720,25,74,35,88,78,114,43,58,5
720,26,66,98,33,49,1,85,97,89
720,27,79,97,130,124,111,28,93,63
720,28,137,75,27,119,58,77,34,29
720,29,29,107,121,49,0,18,75,60
720,30,63,59,46,34,41,12,131,139
720,31,124,125,113,23,122,85,6,82
720,32,97,72,85,37,109,84,10,14
720,33,123,39,139,125,40,57,100,104
720,34,83,98,79,53,104,117,50,88
720,35,21,127,49,101,41,19,80,99
720,36,116,34,68,39,15,104,23,67
720,37,14,121,10,33,54,67,99,53
720,38,40,59,2,20,98,104,22,32
720,39,115,86,49,60,15,53,90,55
720,40,122,133,68,35,43,32,104,117
720,41,33,70,68,18,41,102,44,38
720,42,8,121,107,1,87,12,123,33
720,43,94,104,132,112,111,140,33,52
720,44,31,116,80,20,79,16,39,123
721,3,40,67,8,38,108,24,32,57
721,4,82,9,54,59,19,37,79,81
721,5,5,97,124,26,51,75,4,15
721,6,87,80,53,59,71,134,12,113
721,7,65,18,106,112,4,81,85,142
721,8,91,1,101,111,84,103,114,79
721,9,112,32,125,71,131,35,36,101
721,10,139,17,116,97,62,138,126,9
721,11,54,79,135,39,97,51,92,81
721,12,96,76,94,116,56,120,8,53
721,13,31,5,30,39,44,34,118,133
721,14,30,42,6,124,129,63,13,141
721,15,42,36,71,99,111,93,9,19
721,16,88,143,106,137,75,55,120,53
721,17,41,11,132,49,56,134,19,24
721,18,130,30,19,46,37,135,20,28
721,19,66,108,64,128,105,10,142,38
721,20,50,0,137,65,67,53,132,39
721,21,116,112,77,1,111,9,63,134
721,22,85,99,18,56,29,116,35,25
721,23,16,4,131,11,40,25,31,137
721,24,128,12,6,69,20,120,119,121
721,25,74,78,58,35,105,42,22,103
721,26,98,120,66,1,49,115,85,77
721,27,79,97,32,130,63,127,128,141
721,28,34,87,1,58,61,25,71,138
721,29,46,97,13,55,133,121,12,63
721,30,120,59,46,2,96,139,14,34
721,31,124,36,113,23,91,54,135,9
721,32,108,37,78,93,68,29,104,97
721,33,40,39,104,86,32,73,99,46
721,34,98,83,6,13,35,117,36,143
721,35,49,101,84,124,8,63,31,58
721,36,9,7,68,116,76,50,23,22
721,37,14,110,117,16,27,9,77,54
721,38,100,104,136,25,69,49,40,59
721,39,115,128,131,2,43,71,140,0
721,40,121,133,6,141,32,79,44,7
721,41,33,124,68,53,118,137,18,138
721,42,8,64,107,52,119,2,110,86
721,43,90,112,47,82,120,56,3,25
721,44,31,24,17,47,64,38,67,135
722,3,107,142,60,140,8,89,68,85
722,4,95,123,102,34,104,133,4,11
722,5,121,105,82,14,24,58,143,116
722,6,110,134,89,46,31,8,39,63
722,7,82,101,132,96,130,35,102,114
722,8,140,69,81,42,55,0,60,65
722,9,11,16,122,88,128,86,143,95
722,10,14,48,85,69,30,90,89,126
722,11,73,10,85,67,75,61,56,135
722,12,70,96,9,114,125,49,52,71
722,13,123,112,62,93,31,117,102,137
722,14,90,53,0,122,52,6,77,35
722,15,19,60,94,140,100,105,45,59
722,16,48,105,136,22,63,126,30,120
722,17,57,84,115,95,134,41,20,56
722,18,58,46,130,125,95,19,30,131
722,19,10,108,142,115,119,41,29,36
722,20,50,74,22,20,55,100,61,112
722,21,111,11,116,1,88,12,106,77
722,22,29,85,113,16,18,136,53,52
722,23,88,98,4,136,44,75,94,99
722,24,6,12,72,18,102,105,97,69
722,25,78,74,42,89,113,48,5,40
722,26,98,114,120,33,66,105,0,85
722,27,79,15,111,77,141,26,125,130
722,28,34,138,31,27,107,8,114,61
722,29,13,97,54,46,126,12,103,78
722,30,2,65,73,53,34,139,46,59
722,31,124,73,91,113,23,85,47,54
722,32,76,97,72,37,84,57,109,104
722,33,40,97,84,100,73,138,125,12
722,34,86,11,41,79,143,21,28,117
722,35,49,8,84,6,31,124,87,21
722,36,95,49,136,116,9,23,6,76
722,37,0,117,14,94,27,105,49,119
722,38,100,49,59,2,40,136,122,98
722,39,10,90,2,129,39,71,53,137
722,40,121,47,133,32,57,68,22,65
722,41,33,70,120,9,118,44,53,138
722,42,45,125,101,121,8,40,42,64
722,43,119,132,48,142,115,108,90,102
722,44,64,94,31,43,59,89,17,135
723,3,23,142,54,56,40,53,86,137
723,4,114,130,136,102,56,31,2,135
723,5,112,92,123,90,128,87,131,102
723,6,17,22,64,30,70,48,47,27
723,7,41,27,97,4,134,74,137,125
723,8,77,15,106,98,60,114,83,11
723,9,28,23,87,120,35,29,37,81
723,10,112,143,52,22,63,96,64,69
723,11,125,57,100,95,97,108,73,98
723,12,96,77,98,101,127,4,49,70
723,13,40,112,39,22,118,104,35,121
723,14,6,95,90,57,132,65,30,114
723,15,45,19,119,98,42,99,91,105
723,16,107,134,92,113,120,59,26,143
723,17,132,123,11,19,20,95,75,45
723,18,28,130,46,58,30,106,78,19
723,19,66,108,10,30,36,38,64,105
723,20,50,58,22,24,25,65,16,137
723,21,111,1,115,80,116,107,96,93
723,22,56,29,13,18,0,100,117,23
723,23,88,75,68,103,36,33,98,25
723,24,72,12,137,69,102,85,107,19
723,25,74,115,78,58,43,136,35,126
723,26,33,98,66,85,115,97,114,113
723,27,79,97,124,130,76,37,100,108
723,28,138,119,106,137,2,67,66,25
723,29,33,121,18,123,49,29,44,64
723,30,34,46,139,72,39,63,93,59
723,31,124,125,113,23,64,85,101,126
723,32,85,97,72,42,37,70,104,5
723,33,104,40,39,32,125,23,22,86
723,34,83,98,79,63,13,40,75,104
723,35,49,127,101,83,99,124,21,125
723,36,12,116,38,51,68,78,133,39
723,37,14,77,83,16,127,99,9,15
723,38,40,89,84,9,134,68,79,44
723,39,115,92,22,60,86,28,71,13
723,40,133,5,121,129,9,68,44,106
723,41,33,68,122,31,18,76,28,40
723,42,8,62,0,107,37,23,110,51
723,43,119,5,103,15,113,124,45,32
723,44,31,28,44,64,33,27,126,135
724,3,116,119,19,30,76,50,58,54
724,4,31,122,9,130,24,135,2,23
724,5,81,128,90,31,46,104,86,23
724,6,93,143,19,123,69,55,53,74
724,7,58,139,123,85,70,132,23,81
724,8,37,98,80,12,60,43,49,50
724,9,106,28,47,120,29,36,40,137
724,10,112,132,80,52,54,72,69,96
724,11,95,129,107,133,105,115,108,33
724,12,47,96,4,9,124,80,68,43
724,13,121,39,118,112,40,104,23,66
724,14,6,90,132,52,77,91,57,24
724,15,19,136,14,105,94,60,139,110
724,16,26,107,36,92,12,120,67,31
724,17,132,75,80,38,16,49,67,109
724,18,28,130,46,58,106,30,40,78
724,19,66,10,30,108,36,105,41,64
724,20,50,22,58,25,24,65,16,46
724,21,1,116,111,80,130,115,31,72
724,22,29,0,18,100,57,114,117,77
724,23,75,88,33,30,25,43,77,39
724,24,137,12,72,102,69,50,85,19
724,25,74,115,88,136,43,36,126,69
724,26,66,85,97,113,98,89,132,115
724,27,124,79,97,85,141,115,121,45
724,28,119,67,29,106,137,66,7,80
724,29,29,121,33,18,44,123,95,81
724,30,34,72,46,93,63,131,44,41
724,31,125,124,64,23,3,113,120,45
724,32,85,70,66,97,129,72,42,78
724,33,39,125,16,51,104,106,46,23
724,34,63,83,104,117,75,88,36,107
724,35,83,129,127,140,124,116,67,41
724,36,116,78,15,39,68,27,131,90
724,37,10,77,14,56,99,103,15,6
724,38,110,68,134,27,40,51,56,44
724,39,22,86,50,71,115,140,15,121
724,40,133,53,129,23,28,44,69,110
724,41,31,40,18,68,112,33,37,122
724,42,107,8,121,123,37,23,93,26
724,43,137,15,104,110,124,111,109,45
724,44,44,80,33,116,31,122,27,41
725,3,11,116,100,123,94,26,39,24
725,4,110,113,119,53,39,46,48,59
725,5,134,30,77,44,116,143,104,115
725,6,142,68,121,46,82,71,61,52
725,7,98,126,61,122,55,38,53,8
725,8,66,121,32,139,89,122,137,20
725,9,75,9,131,71,116,89,27,140
725,10,106,102,127,24,49,42,103,69
725,11,8,6,1,101,79,110,15,33
725,12,122,131,96,30,7,128,108,55
725,13,33,6,19,44,130,60,25,42
725,14,138,6,143,32,57,24,21,40
725,15,59,66,25,102,117,93,131,44
725,16,71,108,137,101,46,133,7,87
725,17,90,103,11,106,19,138,24,6
725,18,130,28,46,11,19,122,37,99
725,19,128,66,77,118,71,94,10,140
725,20,132,65,53,31,50,40,67,137
725,21,115,109,77,28,63,116,1,9
725,22,106,18,59,57,82,56,19,35
725,23,134,60,80,46,101,140,113,54
725,24,22,140,114,0,69,94,32,72
725,25,117,85,74,88,43,93,69,109
725,26,130,97,135,89,79,113,49,91
725,27,85,133,124,79,131,46,121,27
725,28,67,86,126,64,52,106,10,51
725,29,29,48,121,18,87,81,42,103
725,30,75,21,105,114,45,11,80,19
725,31,102,78,136,125,80,74,85,124
725,32,25,12,130,80,4,112,37,74
725,33,39,106,16,17,41,46,5,8
725,34,63,104,83,82,40,98,117,36
725,35,83,127,85,49,99,67,84,81
725,36,116,51,99,78,15,96,13,16
725,37,127,99,14,56,77,135,83,25
725,38,68,110,27,42,115,20,40,9
725,39,22,86,115,53,60,134,119,39
725,40,53,23,126,133,69,55,117,5
725,41,25,33,40,45,122,68,54,39
725,42,107,8,69,70,64,26,52,123
725,43,49,110,126,124,90,15,116,112
725,44,61,113,31,118,24,125,112,68
726,3,51,39,55,89,4,118,42,17
726,4,142,9,122,127,129,116,133,34
726,5,59,104,132,56,33,102,95,31
726,6,107,8,76,96,80,86,39,108
726,7,136,139,46,78,70,30,101,40
726,8,34,10,67,53,55,78,122,56
726,9,4,16,12,15,36,64,27,120
726,10,48,122,68,30,23,20,79,126
726,11,67,85,31,121,100,43,7,22
726,12,19,133,70,115,96,128,0,120
726,13,100,41,69,62,71,54,20,34
726,14,53,68,52,13,106,90,6,28
726,15,55,19,94,41,23,32,35,47
726,16,15,63,37,90,47,35,67,45
726,17,56,38,24,70,92,89,23,118
726,18,125,106,31,130,104,46,58,19
726,19,10,119,63,66,142,12,36,83
726,20,50,65,104,63,102,100,105,46
726,21,77,2,104,115,130,106,96,11
726,22,29,44,18,19,31,71,57,101
726,23,33,25,125,99,46,117,98,24
726,24,69,15,82,12,125,130,84,85
726,25,74,21,136,115,58,22,131,78
726,26,66,115,97,98,96,140,132,90
726,27,79,100,77,141,103,70,30,32
726,28,66,107,10,31,106,119,25,114
726,29,13,121,116,104,18,94,29,28
726,30,46,136,102,59,44,62,57,131
726,31,23,124,113,22,10,20,123,106
726,32,123,109,37,42,72,75,41,93
726,33,40,56,16,125,39,138,32,8
726,34,83,112,98,116,117,40,143,105
726,35,103,119,84,49,99,127,101,67
726,36,116,48,136,27,65,124,8,68
726,37,14,70,68,83,5,33,100,77
726,38,134,60,59,40,98,18,55,32
726,39,115,82,72,140,45,52,71,111
726,40,115,133,124,23,93,68,71,91
726,41,33,79,68,90,70,76,77,37
726,42,8,107,81,0,52,84,64,53
726,43,132,114,90,79,96,107,6,109
726,44,31,137,79,117,44,119,135,24
727,3,40,67,8,38,32,24,125,90
727,4,82,9,54,133,19,6,81,23
727,5,5,97,88,62,124,95,36,8
727,6,87,80,100,134,76,27,121,59
727,7,65,143,106,85,39,30,38,11
727,8,91,1,101,4,71,26,60,39
727,9,112,125,32,71,10,101,47,109
727,10,139,17,97,116,62,130,45,82
727,11,54,79,81,98,115,13,67,39
727,12,76,94,96,116,49,4,119,56
727,13,31,5,30,20,120,1,100,112
727,14,30,42,124,53,68,95,56,59
727,15,42,99,70,111,9,125,19,35
727,16,88,106,143,120,55,136,137,67
727,17,134,118,56,11,41,24,81,38
727,18,46,130,125,19,58,28,106,78
727,19,66,10,142,119,108,75,12,128
727,20,50,65,112,58,0,137,46,100
727,21,77,115,116,111,1,106,112,35
727,22,85,18,29,25,116,94,71,56
727,23,16,4,131,125,56,77,25,130
727,24,59,128,12,69,89,138,129,6
727,25,74,78,105,22,42,58,21,68
727,26,98,66,116,120,115,97,49,1
727,27,79,32,20,100,141,22,26,97
727,28,121,34,24,107,2,71,1,87
727,29,46,97,13,119,121,104,26,1
727,30,46,62,120,59,14,102,57,34
727,31,23,113,124,22,10,130,91,32
727,32,37,93,75,108,76,97,57,36
727,33,40,16,15,138,73,8,32,39
727,34,98,83,79,40,143,108,115,68
727,35,84,49,101,103,23,54,99,63
727,36,116,7,9,91,48,136,82,107
727,37,14,16,104,75,5,72,110,124
727,38,59,40,60,87,33,104,141,25
727,39,115,77,45,46,118,2,140,53
727,40,133,92,117,105,6,68,40,71
727,41,33,124,68,9,114,48,138,46
727,42,8,107,64,86,14,53,52,42
727,43,90,119,25,120,111,96,82,53
727,44,31,47,17,24,135,67,142,84
728,3,61,47,76,119,38,75,25,14
728,4,62,102,21,100,33,7,4,72
728,5,90,42,88,105,72,82,14,83
728,6,110,95,11,46,43,28,8,39
728,7,104,82,13,17,46,18,0,64
728,8,49,55,59,111,98,88,63,81
728,9,28,122,109,81,75,84,133,113
728,10,91,122,86,132,25,118,112,85
728,11,67,112,75,33,89,137,95,35
728,12,96,47,70,4,19,2,124,49
728,13,39,66,62,41,103,120,121,104
728,14,6,53,68,52,107,24,132,65
728,15,19,23,125,86,39,44,72,140
728,16,63,107,36,12,88,26,75,120
728,17,56,132,11,123,140,92,47,71
728,18,130,46,28,125,106,19,44,86
728,19,10,66,108,119,67,36,137,38
728,20,50,53,102,100,41,25,65,137
728,21,116,77,106,80,47,1,46,93
728,22,31,29,57,86,18,85,100,105
728,23,25,36,61,97,79,56,75,3
728,24,130,69,12,137,70,129,85,53
728,25,74,11,114,105,58,5,17,125
728,26,116,66,98,115,114,87,120,138
728,27,79,32,20,100,97,28,128,13
728,28,107,119,58,114,137,77,34,138
728,29,49,13,80,97,44,29,60,75
728,30,46,59,62,34,12,125,135,139
728,31,23,124,113,122,31,82,10,68
728,32,97,72,85,93,37,129,64,78
728,33,40,125,39,22,123,51,52,80
728,34,98,83,143,79,63,89,101,136
728,35,101,129,23,84,67,41,121,1
728,36,116,33,48,68,104,136,135,6
728,37,14,77,34,67,29,103,38,33
728,38,60,59,40,134,100,55,141,20
728,39,115,53,49,140,43,45,100,30
728,40,122,6,106,35,71,133,32,68
728,41,33,127,95,21,61,70,118,102
728,42,8,107,53,76,52,113,0,111
728,43,109,90,108,132,112,57,56,94
728,44,24,116,31,135,67,126,80,143
729,3,1,142,25,45,54,80,125,104
729,4,11,71,136,79,122,88,10,19
729,5,94,46,124,131,35,26,4,103
729,6,98,85,59,81,61,47,46,70
729,7,105,23,14,74,70,12,67,131
729,8,41,115,118,91,58,1,43,9
729,9,46,139,47,125,38,10,16,91
729,10,62,142,12,139,116,81,17,126
729,11,51,65,113,123,59,56,39,35
729,12,143,116,96,49,76,33,55,21
729,13,31,68,133,5,46,6,16,120
729,14,59,56,139,6,51,64,129,13
729,15,112,77,42,2,19,36,25,46
729,16,31,88,98,75,120,63,14,106
729,17,28,41,84,132,8,19,56,111
729,18,30,130,46,28,60,106,44,125
729,19,10,66,96,119,142,108,54,12
729,20,50,0,20,24,58,112,53,100
729,21,111,112,116,71,1,77,134,46
729,22,48,85,18,94,29,118,99,100
729,23,16,4,141,131,55,59,88,25
729,24,20,12,69,118,121,6,128,119
729,25,74,78,42,105,44,5,22,40
729,26,98,66,120,116,114,115,1,0
729,27,79,32,20,4,128,28,141,63
729,28,24,34,119,1,121,61,51,2
729,29,22,13,97,46,119,121,54,80
729,30,46,120,59,62,34,139,14,96
729,31,23,113,124,73,97,106,130,85
729,32,13,37,72,93,76,97,6,75
729,33,40,5,73,32,16,39,138,86
729,34,79,6,98,83,143,21,133,47
729,35,49,84,101,133,23,124,50,121
729,36,116,7,9,6,23,110,123,76
729,37,0,14,49,50,100,16,72,75
729,38,100,60,59,40,55,20,98,2
729,39,115,83,71,43,12,133,131,52
729,40,105,121,133,141,100,6,72,125
729,41,33,68,124,120,95,138,53,21
729,42,8,44,64,14,107,52,77,101
729,43,90,119,120,56,82,103,12,112
729,44,31,17,47,64,67,24,135,38
730,3,23,53,32,127,94,56,8,123
730,4,114,56,133,6,136,94,102,9
730,5,112,92,123,90,127,95,35,103
730,6,17,22,64,30,46,70,89,114
730,7,41,134,74,2,112,107,55,53
730,8,77,36,15,55,60,109,88,43
730,9,23,114,28,87,81,29,37,112
730,10,112,143,114,29,63,83,49,65
730,11,57,100,125,69,95,112,97,89
730,12,101,125,96,143,86,70,4,33
730,13,22,31,5,39,117,62,3,112
730,14,90,6,59,132,52,30,98,53
730,15,19,45,119,113,91,9,1,105
730,16,113,134,100,63,76,31,26,136
730,17,32,131,34,138,107,97,129,81
730,18,119,122,86,9,115,29,51,57
730,19,71,118,140,136,94,32,86,33
730,20,79,67,31,69,140,113,62,73
730,21,63,124,68,103,27,52,110,96
730,22,22,51,106,98,23,33,126,104
730,23,6,70,60,19,133,101,132,2
730,24,96,103,74,86,27,53,0,94
730,25,54,34,109,139,43,141,70,66
730,26,30,79,44,0,103,15,37,89
730,27,135,137,46,131,132,88,58,80
730,28,106,86,98,46,51,20,76,67
730,29,42,3,108,121,74,87,81,48
730,30,4,114,72,3,57,96,70,11
730,31,102,39,101,85,80,8,4,45
730,32,117,130,39,120,25,118,72,0
730,33,106,85,121,128,129,42,71,8
730,34,75,42,100,38,25,23,83,143
730,35,127,83,69,92,48,143,70,10
730,36,77,29,96,51,102,9,89,15
730,37,45,135,114,23,101,95,53,48
730,38,54,92,131,29,101,18,113,31
730,39,84,43,134,60,86,47,104,53
730,40,77,2,44,49,61,29,126,7
730,41,57,87,50,45,31,2,107,21
730,42,62,12,127,54,8,93,110,111
730,43,119,5,84,52,113,90,131,127
730,44,28,31,140,64,29,47,85,73
731,3,116,30,50,19,76,106,46,58
731,4,31,122,9,123,59,133,60,63
731,5,81,31,34,104,86,95,35,143
731,6,143,93,19,46,70,31,84,98
731,7,58,132,101,53,70,74,1,81
731,8,37,98,80,141,50,25,22,51
731,9,106,114,28,47,29,137,94,75
731,10,112,132,131,137,129,96,90,71
731,11,95,105,129,112,89,107,39,72
731,12,47,96,86,125,4,68,101,80
731,13,39,121,62,31,41,104,120,103
731,14,6,132,90,53,129,52,121,110
731,15,19,26,94,121,136,1,123,112
731,16,107,26,36,63,12,53,31,30
731,17,132,84,57,142,92,44,49,80
731,18,28,130,58,46,30,125,131,106
731,19,66,10,30,36,142,108,119,96
731,20,50,58,24,46,16,102,25,65
731,21,1,111,116,80,46,47,8,130
731,22,29,93,100,114,0,57,31,8
731,23,75,88,125,25,43,33,30,46
731,24,12,69,137,72,107,102,113,85
731,25,74,115,136,43,19,70,112,122
731,26,97,66,114,132,115,130,85,94
731,27,79,76,30,124,90,94,20,100
731,28,66,119,10,106,7,107,138,67
731,29,18,121,123,44,116,29,13,81
731,30,46,72,34,102,44,57,131,42
731,31,124,23,113,125,3,22,50,10
731,32,72,37,85,93,70,50,97,42
731,33,40,16,125,39,35,65,104,8
731,34,83,63,98,117,40,110,24,21
731,35,127,67,129,99,83,101,103,36
731,36,116,39,99,7,63,78,91,140
731,37,14,99,77,95,56,23,10,83
731,38,134,110,27,84,40,68,20,18
731,39,22,86,13,115,92,28,71,2
731,40,133,124,23,5,111,33,46,129
731,41,33,31,40,68,112,47,37,90
731,42,107,8,123,111,93,121,37,110
731,43,137,90,143,110,47,15,112,57
731,44,44,31,33,40,74,76,7,122
732,3,99,1,7,6,5,79,128,86
732,4,28,118,72,91,119,39,37,6
732,5,4,112,77,116,31,6,114,51
732,6,29,140,80,23,121,61,71,11
732,7,100,116,74,83,81,1,136,8
732,8,111,32,80,66,105,133,114,5
732,9,138,119,105,24,17,94,37,32
732,10,54,137,96,89,81,116,69,103
732,11,94,11,4,115,101,134,117,97
732,12,109,94,96,105,21,0,83,103
732,13,45,91,121,27,139,43,25,130
732,14,31,71,33,6,32,63,91,129
732,15,92,16,93,141,26,25,9,15
732,16,69,3,18,106,76,133,137,107
732,17,139,11,49,38,24,56,59,87
732,18,130,28,86,46,37,106,125,31
732,19,66,10,128,119,120,12,142,5
732,20,58,50,65,46,53,102,104,6
732,21,1,115,77,96,2,107,28,110
732,22,11,19,18,80,71,77,114,78
732,23,46,38,125,128,134,77,25,33
732,24,69,42,22,12,60,85,13,129
732,25,74,122,112,125,126,44,71,94
732,26,97,66,95,115,109,42,77,15
732,27,79,94,30,71,77,70,128,4
732,28,10,57,7,107,106,27,52,68
732,29,85,44,121,18,6,116,81,29
732,30,46,123,24,72,22,59,57,102
732,31,124,23,113,22,59,3,10,54
732,32,93,37,127,21,0,68,72,42
732,33,40,46,140,16,39,47,104,138
732,34,83,63,117,104,40,21,110,13
732,35,127,79,67,83,99,103,101,116
732,36,116,140,7,89,78,110,99,104
732,37,5,14,99,77,95,56,84,113
732,38,110,0,27,68,40,87,84,20
732,39,22,86,28,75,92,111,115,64
732,40,23,133,59,5,71,54,46,91
732,41,40,114,33,68,112,122,76,26
732,42,107,71,128,123,8,131,110,34
732,43,29,76,31,116,110,130,111,15
732,44,33,76,31,109,17,122,87,135
733,3,44,142,118,109,47,127,10,139
733,4,125,38,141,112,105,10,86,113
733,5,41,61,130,114,28,113,115,13
733,6,104,58,135,10,75,106,1,92
733,7,22,38,81,36,17,75,122,0
733,8,46,30,125,117,139,10,60,111
733,9,94,77,71,129,24,69,143,73
733,10,10,13,98,27,106,103,89,18
733,11,134,20,55,13,70,49,143,104
733,12,135,109,43,2,96,22,30,0
733,13,27,130,44,134,106,45,141,20
733,14,40,18,31,50,32,27,117,112
733,15,57,92,118,121,31,123,100,125
733,16,133,76,57,69,91,82,21,25
733,17,38,139,24,59,90,11,7,91
733,18,86,37,130,138,122,28,20,139
733,19,128,136,120,119,32,10,67,5
733,20,46,53,2,12,58,6,82,9
733,21,115,77,110,72,29,28,113,130
733,22,19,18,11,78,71,77,35,63
733,23,46,104,134,140,25,38,129,31
733,24,69,13,42,22,143,90,130,85
733,25,74,122,112,81,125,41,76,44
733,26,97,42,116,95,0,7,96,22
733,27,79,71,30,94,77,20,128,70
733,28,85,10,57,107,7,52,29,106
733,29,44,85,121,18,13,81,24,138
733,30,46,59,72,83,24,123,141,131
733,31,124,23,113,22,3,59,56,10
733,32,93,37,110,21,127,134,42,138
733,33,40,16,39,47,46,140,112,48
733,34,83,63,40,98,117,68,21,46
733,35,127,99,35,67,79,101,138,19
733,36,116,140,7,60,91,82,48,103
733,37,14,5,95,99,56,113,77,130
733,38,110,0,27,40,87,68,112,84
733,39,115,92,86,28,22,75,111,64
733,40,23,133,54,91,5,66,92,68
733,41,33,68,40,112,122,114,102,76
733,42,107,71,123,8,11,99,12,34
733,43,29,76,111,110,116,31,130,109
733,44,31,33,76,19,13,17,89,109
734,3,63,14,39,17,40,26,125,32
734,4,126,5,125,84,34,123,117,67
734,5,113,124,28,132,44,50,10,27
734,6,99,135,110,37,16,6,89,123
734,7,43,86,15,23,42,46,74,101
734,8,10,55,29,46,11,95,58,124
734,9,76,77,71,102,12,67,108,28
734,10,72,129,91,15,47,101,122,59
734,11,67,63,121,4,55,108,44,39
734,12,96,33,70,18,142,36,82,30
734,13,44,41,106,0,130,62,23,39
734,14,63,32,50,117,40,21,6,91
734,15,81,93,1,133,51,31,143,141
734,16,137,76,28,63,12,133,3,43
734,17,87,11,56,109,107,38,39,128
734,18,86,130,19,125,28,106,37,114
734,19,119,39,120,128,10,67,54,43
734,20,67,46,53,12,93,9,2,135
734,21,77,115,116,29,49,139,102,96
734,22,19,77,71,11,18,57,102,63
734,23,85,25,33,61,30,68,7,125
734,24,60,69,135,130,44,129,12,143
734,25,74,114,122,76,88,43,117,5
734,26,97,1,126,18,42,66,116,13
734,27,30,71,79,20,142,95,103,113
734,28,10,75,137,52,127,106,81,107
734,29,60,120,121,81,29,113,87,44
734,30,46,12,105,43,129,42,139,29
734,31,6,124,125,113,122,23,82,31
734,32,37,49,32,7,93,4,63,128
734,33,139,57,39,40,16,47,135,120
734,34,83,137,40,21,24,117,110,105
734,35,127,67,99,13,124,103,35,85
734,36,116,27,136,91,123,89,92,122
734,37,23,98,68,14,29,33,95,79
734,38,27,71,68,22,24,40,141,18
734,39,115,2,20,86,140,121,10,52
734,40,96,133,91,54,5,71,32,64
734,41,37,61,33,122,18,52,72,41
734,42,107,113,121,8,23,26,43,77
734,43,110,116,121,6,24,33,111,93
734,44,55,30,20,103,116,106,2,126
735,3,46,71,3,68,94,73,38,45
735,4,11,91,7,13,72,37,10,88
735,5,94,58,124,95,15,55,32,131
735,6,5,24,85,134,135,87,53,55
735,7,116,126,40,38,64,93,105,121
735,8,41,121,9,32,56,58,66,59
735,9,125,132,46,127,7,59,13,47
735,10,62,74,69,23,20,82,1,81
735,11,8,51,44,115,21,135,35,129
735,12,125,130,138,131,33,103,13,57
735,13,46,64,133,6,33,30,78,44
735,14,112,139,50,143,138,40,91,21
735,15,140,2,77,131,15,47,11,125
735,16,82,75,14,133,21,63,137,46
735,17,117,59,90,6,24,11,92,101
735,18,11,86,20,130,28,29,106,38
735,19,1,128,136,119,77,120,71,38
735,20,12,67,58,46,39,32,135,50
735,21,109,115,77,96,63,116,28,85
735,22,18,35,19,106,33,78,94,11
735,23,134,113,46,40,80,125,4,127
735,24,143,94,69,22,140,130,128,114
735,25,74,117,85,70,122,129,43,115
735,26,97,130,132,77,27,140,109,66
735,27,85,79,71,28,121,128,8,30
735,28,67,52,10,106,107,117,7,81
735,29,88,22,121,18,44,29,95,81
735,30,21,46,105,57,22,72,11,75
735,31,125,124,136,113,23,126,85,65
735,32,25,4,37,21,112,13,78,45
735,33,16,106,138,39,140,46,6,41
735,34,63,83,104,40,79,98,110,36
735,35,85,127,83,67,99,140,79,63
735,36,39,16,116,7,77,78,26,122
735,37,77,56,48,99,127,5,6,14
735,38,110,0,68,27,40,9,11,18
735,39,22,86,135,23,115,28,75,2
735,40,23,133,53,5,59,55,69,27
735,41,40,33,112,68,13,76,122,21
735,42,107,44,8,123,64,71,120,26
735,43,29,116,15,110,90,76,111,91
735,44,33,104,17,31,76,122,55,9
736,3,123,47,102,74,45,50,34,6
736,4,38,86,32,105,125,112,6,142
736,5,133,113,115,130,114,12,11,10
736,6,70,15,71,37,123,11,10,77
736,7,22,75,70,38,86,36,81,134
736,8,46,59,30,88,32,109,125,70
736,9,94,129,71,114,81,143,97,34
736,10,10,101,143,98,72,44,85,89
736,11,134,16,55,113,99,20,13,115
736,12,125,135,4,43,140,5,37,105
736,13,106,46,27,25,104,130,78,71
736,14,63,44,40,117,30,32,50,112
736,15,57,39,93,31,121,80,132,15
736,16,82,21,96,76,74,133,83,124
736,17,38,91,47,92,106,71,44,59
736,18,86,110,125,130,55,20,79,38
736,19,119,120,128,109,1,10,5,136
736,20,2,58,12,22,52,46,32,53
736,21,96,110,115,107,63,122,31,78
736,22,18,63,11,135,78,71,77,80
736,23,46,104,113,63,40,134,129,96
736,24,13,143,90,69,12,113,60,22
736,25,74,43,88,115,129,71,85,117
736,26,97,132,66,85,109,77,95,130
736,27,79,28,125,71,85,94,8,30
736,28,85,52,107,27,57,7,106,10
736,29,88,95,18,121,44,33,81,113
736,30,57,21,46,72,40,22,54,58
736,31,3,113,125,64,124,14,59,122
736,32,110,78,37,134,21,25,42,13
736,33,140,40,16,112,46,39,138,104
736,34,83,63,104,40,110,36,117,127
736,35,83,127,140,84,79,49,50,101
736,36,7,116,78,140,26,8,89,38
736,37,77,14,56,95,5,99,6,136
736,38,40,0,110,93,8,68,20,87
736,39,22,75,2,115,78,135,64,28
736,40,23,133,129,35,117,44,54,53
736,41,40,68,33,112,76,119,90,89
736,42,71,107,8,123,34,119,12,99
736,43,29,15,31,76,109,116,130,111
736,44,33,31,76,17,135,19,84,122
737,3,123,118,141,119,38,76,6,134
737,4,125,34,67,12,95,48,59,112
737,5,113,89,50,55,2,140,102,86
737,6,135,20,61,99,37,11,112,86
737,7,78,75,22,87,86,19,90,52
737,8,46,10,50,11,34,26,58,8
737,9,97,94,81,71,77,127,42,121
737,10,101,72,83,138,133,131,25,143
737,11,99,23,133,75,100,104,55,22
737,12,142,37,125,71,43,13,3,36
737,13,104,130,106,134,125,91,3,105
737,14,50,7,40,76,118,19,30,74
737,15,93,116,135,18,9,57,35,118
737,16,82,0,107,125,3,133,79,28
737,17,38,59,6,91,11,90,92,128
737,18,11,86,20,130,37,141,122,77
737,19,136,5,128,71,119,77,140,120
737,20,58,53,6,12,2,135,24,46
737,21,96,115,102,63,29,110,109,107
737,22,77,18,57,33,63,11,93,78
737,23,134,80,30,125,36,77,60,128
737,24,60,94,69,140,103,137,22,84
737,25,114,117,74,85,88,70,19,107
737,26,130,113,135,89,44,97,77,42
737,27,85,88,121,27,46,133,82,130
737,28,67,137,75,64,10,51,52,86
737,29,48,29,24,120,121,103,87,42
737,30,105,12,75,11,86,18,7,21
737,31,6,122,90,135,85,31,126,136
737,32,33,25,4,37,116,64,88,131
737,33,139,142,41,38,101,135,71,120
737,34,104,125,63,137,110,38,26,92
737,35,85,127,76,35,67,41,16,83
737,36,15,51,76,79,124,13,37,110
737,37,127,99,6,48,114,59,133,105
737,38,68,27,42,20,22,141,110,18
737,39,86,22,15,19,60,53,73,83
737,40,53,24,123,62,55,29,26,5
737,41,54,98,21,89,61,26,77,67
737,42,23,107,113,8,20,96,53,26
737,43,121,72,110,124,52,10,97,112
737,44,106,40,80,95,41,129,125,92
738,3,126,72,4,46,13,129,104,113
738,4,85,40,93,95,100,116,34,88
738,5,7,9,37,30,82,95,104,12
738,6,142,135,71,5,46,34,55,139
738,7,91,106,98,126,90,94,11,81
738,8,126,118,72,46,137,5,34,45
738,9,64,52,143,81,30,94,37,129
738,10,102,50,128,127,42,69,21,33
738,11,6,8,106,4,120,13,35,44
738,12,57,55,6,131,130,142,137,7
738,13,6,98,19,46,42,25,130,104
738,14,138,64,143,73,100,45,139,69
738,15,2,68,109,142,59,53,66,1
738,16,108,45,82,101,46,75,98,14
738,17,117,116,90,30,138,59,6,132
738,18,11,28,130,103,20,86,122,46
738,19,128,118,66,136,1,94,77,71
738,20,58,31,50,67,53,65,137,39
738,21,109,115,96,63,52,105,77,134
738,22,106,33,94,18,15,57,56,82
738,23,134,80,60,41,113,28,6,98
738,24,94,32,140,22,103,0,69,81
738,25,107,117,74,70,109,43,85,18
738,26,130,27,135,89,113,97,109,44
738,27,85,88,121,46,133,82,141,27
738,28,67,64,86,51,126,52,7,98
738,29,48,15,29,38,42,121,87,20
738,30,21,75,105,11,114,116,86,80
738,31,74,102,77,136,80,78,125,127
738,32,25,12,4,112,66,64,130,74
738,33,101,106,41,98,39,71,67,16
738,34,63,125,104,140,82,38,26,92
738,35,85,83,127,76,120,62,16,67
738,36,15,51,79,92,37,16,39,88
738,37,99,127,135,15,72,48,114,6
738,38,42,110,68,27,20,50,112,100
738,39,22,86,115,105,4,23,60,73
738,40,53,24,55,23,90,133,69,106
738,41,54,40,76,21,39,33,86,110
738,42,107,44,8,47,0,123,26,21
738,43,10,34,110,90,52,15,63,103
738,44,104,81,9,33,80,122,141,0
739,3,16,133,39,37,41,71,118,40
739,4,105,108,61,125,68,86,12,22
739,5,105,29,133,59,10,110,64,121
739,6,16,52,46,77,138,120,102,11
739,7,11,5,30,137,42,36,29,43
739,8,81,47,35,49,9,3,8,46
739,9,83,73,71,142,117,43,29,27
739,10,37,106,20,17,19,85,68,143
739,11,49,0,104,121,76,69,110,66
739,12,24,23,99,95,17,104,125,37
739,13,101,128,19,6,134,5,80,108
739,14,36,18,40,16,66,123,94,2
739,15,69,1,70,121,93,9,6,128
739,16,112,47,133,125,82,57,67,71
739,17,30,34,55,43,85,82,108,12
739,18,12,122,17,132,70,23,9,115
739,19,73,32,136,71,27,140,39,95
739,20,2,63,79,6,53,32,84,73
739,21,110,115,107,63,113,130,132,103
739,22,98,77,59,63,56,18,104,70
739,23,89,56,130,134,44,6,8,98
739,24,28,60,104,103,22,100,52,143
739,25,141,107,24,88,74,109,43,139
739,26,77,96,89,35,113,37,7,91
739,27,85,135,46,82,121,27,88,5
739,28,64,120,140,52,71,51,124,81
739,29,137,65,100,121,51,87,138,42
739,30,89,52,21,56,86,50,54,74
739,31,136,76,85,20,56,31,94,98
739,32,109,90,29,106,114,125,33,105
739,33,83,106,39,71,16,112,41,135
739,34,83,104,38,117,40,103,24,65
739,35,127,54,77,99,85,83,50,67
739,36,108,15,104,92,116,110,36,27
739,37,134,76,19,14,99,95,133,84
739,38,68,27,20,112,100,24,110,9
739,39,6,86,44,87,28,60,115,119
739,40,133,94,122,69,117,72,29,4
739,41,97,68,33,89,112,18,128,69
739,42,107,8,18,1,58,26,120,123
739,43,55,132,42,110,111,104,47,116
739,44,91,93,124,80,31,24,130,17
740,3,26,129,136,104,54,39,11,80
740,4,46,110,81,87,136,4,22,80
740,5,73,45,9,43,98,0,35,58
740,6,78,142,121,68,130,101,118,125
740,7,87,98,24,106,119,101,134,129
740,8,126,43,68,26,9,41,60,33
740,9,9,30,141,75,104,69,139,119
740,10,102,42,127,49,24,69,41,116
740,11,6,120,8,64,10,113,1,138
740,12,95,7,137,11,55,103,16,98
740,13,6,19,42,101,140,134,96,46
740,14,138,69,36,100,143,139,32,45
740,15,59,66,3,109,53,1,93,131
740,16,101,87,108,46,47,82,98,112
740,17,116,138,30,59,39,28,34,131
740,18,122,11,19,113,57,130,70,120
740,19,94,71,118,121,136,131,48,73
740,20,31,67,69,84,2,53,135,119
740,21,63,105,64,34,109,68,115,103
740,22,22,126,106,51,90,94,33,98
740,23,19,60,6,134,41,80,1,101
740,24,0,103,140,54,86,96,69,72
740,25,54,74,109,70,117,34,139,107
740,26,79,30,130,97,109,27,66,37
740,27,137,46,131,121,135,88,28,114
740,28,98,86,106,67,126,46,64,51
740,29,42,48,121,108,29,38,87,3
740,30,114,75,80,105,70,116,3,96
740,31,102,8,108,78,39,127,4,94
740,32,130,80,25,12,39,44,117,66
740,33,106,121,85,39,131,17,41,71
740,34,75,23,38,125,82,107,42,25
740,35,127,57,138,19,59,28,70,69
740,36,51,77,29,15,96,35,137,133
740,37,135,45,114,47,84,127,95,9
740,38,113,68,54,20,95,31,74,100
740,39,134,43,60,86,5,140,119,104
740,40,53,126,61,55,46,22,24,29
740,41,25,45,54,68,86,76,39,50
740,42,70,69,8,107,12,26,32,97
740,43,52,49,78,44,126,93,90,120
740,44,113,61,118,112,68,143,141,24
741,3,134,105,37,46,118,109,6,24
741,4,38,130,100,6,71,51,91,90
741,5,35,59,48,95,12,55,120,116
741,6,135,13,109,45,53,37,118,27
741,7,126,38,14,121,102,2,42,23
741,8,5,32,41,68,69,22,58,26
741,9,24,7,10,79,46,117,27,37
741,10,44,66,10,89,69,68,20,123
741,11,16,47,134,104,51,76,49,69
741,12,140,135,74,116,143,7,16,120
741,13,46,107,6,140,115,19,31,33
741,14,3,134,70,40,139,104,79,56
741,15,118,88,110,4,93,77,25,44
741,16,47,137,14,98,141,50,75,112
741,17,4,28,24,25,103,138,128,142
741,18,122,3,20,110,51,86,77,70
741,19,94,121,71,140,136,118,77,0
741,20,32,67,135,89,119,113,12,121
741,21,63,35,73,115,26,77,64,66
741,22,94,78,65,56,51,140,142,59
741,23,113,137,41,66,140,6,134,2
741,24,54,13,69,16,22,119,14,120
741,25,74,35,42,78,113,18,69,5
741,26,98,7,66,97,44,109,122,53
741,27,79,97,93,124,104,24,127,92
741,28,107,106,34,87,110,85,83,46
741,29,121,13,34,143,22,26,18,20
741,30,46,29,21,80,59,25,57,131
741,31,113,124,125,85,9,14,10,88
741,32,13,78,25,42,112,93,29,4
741,33,39,40,106,86,8,48,16,112
741,34,98,40,83,6,79,36,13,107
741,35,101,19,127,99,97,124,114,85
741,36,116,8,103,58,51,35,9,12
741,37,14,135,15,79,95,19,109,77
741,38,40,84,141,9,41,20,23,15
741,39,86,115,105,60,78,90,18,71
741,40,133,2,5,68,6,110,55,130
741,41,33,68,108,76,102,48,112,138
741,42,107,8,18,44,14,64,52,17
741,43,90,64,25,47,42,112,70,9
741,44,24,91,9,79,67,38,80,107
742,3,81,13,72,137,54,11,29,24
742,4,103,20,39,135,115,37,4,88
742,5,123,117,72,80,34,64,35,89
742,6,113,67,135,71,85,132,44,22
742,7,99,53,57,124,52,3,136,97
742,8,63,16,31,22,72,88,42,7
742,9,103,87,93,136,101,117,27,0
742,10,111,47,65,100,89,97,63,67
742,11,78,91,16,14,117,69,125,13
742,12,37,118,67,96,13,100,120,48
742,13,36,44,115,77,54,4,30,5
742,14,97,25,40,124,114,77,123,91
742,15,11,134,32,25,4,71,45,121
742,16,137,20,6,47,141,89,106,23
742,17,56,32,85,140,30,111,81,142
742,18,86,130,106,77,122,19,31,17
742,19,94,119,71,10,114,77,20,0
742,20,135,32,79,71,12,67,13,17
742,21,35,77,40,63,132,103,115,54
742,22,94,19,51,44,29,12,140,115
742,23,47,137,66,10,91,140,117,41
742,24,52,54,69,14,120,122,101,77
742,25,74,78,68,42,35,113,125,58
742,26,98,115,66,48,49,44,53,45
742,27,79,104,97,124,77,93,127,100
742,28,106,34,107,87,90,112,110,65
742,29,25,13,121,143,16,62,87,26
742,30,46,71,59,62,24,41,136,86
742,31,23,113,124,10,22,32,109,85
742,32,20,93,57,37,75,99,6,26
742,33,40,48,8,5,39,32,16,13
742,34,98,40,79,83,11,65,107,36
742,35,109,101,124,4,119,114,10,99
742,36,48,116,82,103,58,36,60,96
742,37,117,53,135,72,40,16,75,109
742,38,62,40,142,20,82,33,100,67
742,39,115,52,10,2,46,0,141,39
742,40,6,92,118,84,5,68,81,125
742,41,63,33,50,91,28,44,49,142
742,42,107,8,14,34,80,78,64,52
742,43,74,95,90,129,9,123,97,112
742,44,139,70,25,38,64,39,143,31
743,3,41,85,91,143,93,53,114,113
743,4,70,128,125,122,129,4,137,62
743,5,131,56,36,37,128,142,116,88
743,6,85,46,114,89,129,136,86,113
743,7,17,9,53,82,36,15,104,140
743,8,128,12,62,25,91,40,10,98
743,9,12,38,4,14,88,118,97,41
743,10,122,86,36,30,18,38,113,8
743,11,67,85,32,80,36,89,110,117
743,12,69,70,96,134,58,118,38,143
743,13,5,123,81,62,28,30,34,45
743,14,52,0,103,10,53,14,124,65
743,15,139,108,19,44,64,76,59,1
743,16,63,48,22,85,93,12,56,77
743,17,56,140,121,81,20,115,36,16
743,18,143,106,46,130,44,50,42,19
743,19,10,63,114,119,36,61,41,54
743,20,80,105,42,32,100,65,20,36
743,21,77,141,121,115,20,12,104,116
743,22,29,21,49,113,101,31,19,28
743,23,78,104,117,24,4,29,118,46
743,24,69,82,130,18,6,125,57,33
743,25,74,125,78,35,126,42,58,102
743,26,98,115,48,66,44,49,68,76
743,27,79,104,97,124,13,114,62,127
743,28,34,31,106,95,141,25,2,90
743,29,110,13,25,121,0,87,26,75
743,30,46,27,136,24,96,44,59,131
743,31,91,23,22,124,10,45,32,135
743,32,20,75,99,42,84,123,138,32
743,33,40,32,39,63,48,5,125,34
743,34,83,67,79,6,134,136,28,65
743,35,109,124,123,131,19,58,102,4
743,36,60,116,48,72,27,43,114,50
743,37,82,14,16,53,29,104,27,134
743,38,2,55,62,72,49,14,8,111
743,39,136,141,10,2,52,44,46,93
743,40,106,58,20,68,124,37,93,121
743,41,33,74,143,48,131,142,1,138
743,42,3,64,81,8,58,78,107,0
743,43,74,0,85,46,53,43,102,112
743,44,50,63,94,31,137,136,90,127
744,3,108,49,85,91,68,122,43,138
744,4,72,52,125,21,135,62,88,117
744,5,27,142,36,141,136,135,40,111
744,6,123,111,71,85,69,87,8,75
744,7,104,99,17,82,36,18,59,32
744,8,100,39,22,101,60,105,109,40
744,9,92,52,84,143,118,27,63,16
744,10,48,3,122,69,2,83,50,20
744,11,124,41,67,85,121,33,92,111
744,12,115,72,70,59,69,133,19,52
744,13,126,69,41,80,62,83,71,1
744,14,128,90,53,68,52,103,24,10
744,15,19,23,121,46,59,79,65,80
744,16,63,115,88,80,98,86,83,75
744,17,56,83,89,81,16,109,25,142
744,18,42,104,106,125,39,65,87,67
744,19,63,10,6,119,36,133,12,110
744,20,36,105,102,100,50,80,97,65
744,21,2,141,77,0,88,84,20,70
744,22,29,10,31,21,100,53,80,42
744,23,33,117,79,25,112,74,68,118
744,24,130,18,69,125,15,57,12,97
744,25,74,42,113,112,125,41,126,102
744,26,98,115,66,114,7,82,25,109
744,27,104,79,76,97,24,13,109,114
744,28,107,31,141,106,65,95,25,90
744,29,13,116,0,121,2,126,87,54
744,30,46,44,136,59,53,29,92,24
744,31,91,124,23,30,3,22,10,113
744,32,93,20,97,75,72,123,42,84
744,33,40,136,39,65,32,48,56,63
744,34,112,11,83,98,99,117,67,136
744,35,84,79,124,4,50,101,10,114
744,36,95,116,48,99,65,140,96,23
744,37,70,14,82,57,27,77,67,121
744,38,78,134,86,34,62,2,20,25
744,39,115,82,114,24,10,49,121,137
744,40,106,124,121,25,68,71,88,118
744,41,33,77,138,82,141,91,15,89
744,42,45,133,8,34,81,10,72,0
744,43,114,74,102,142,99,60,112,58
744,44,117,5,75,48,74,6,59,85
745,3,102,98,91,123,46,18,68,54
745,4,38,111,109,78,113,60,120,65
745,5,16,129,20,36,111,78,35,138
745,6,52,95,51,62,24,117,86,43
745,7,64,110,45,130,59,104,96,118
745,8,121,86,136,134,98,28,99,100
745,9,69,55,56,73,52,31,113,140
745,10,119,81,57,56,20,9,89,103
745,11,102,71,124,54,59,10,108,143
745,12,72,20,52,49,70,0,138,69
745,13,41,69,126,133,13,131,80,74
745,14,49,103,90,128,88,53,65,2
745,15,23,19,40,80,112,118,11,34
745,16,63,80,142,31,42,53,76,134
745,17,56,101,142,36,48,16,108,118
745,18,0,42,106,125,136,30,130,19
745,19,10,63,119,77,12,3,34,142
745,20,76,97,32,27,65,137,34,105
745,21,77,141,120,93,134,88,20,89
745,22,29,46,118,143,37,117,100,78
745,23,112,118,79,117,49,62,59,11
745,24,69,33,18,125,130,32,118,124
745,25,74,42,80,58,115,68,88,44
745,26,66,98,115,97,127,109,27,132
745,27,79,97,32,13,130,119,42,81
745,28,141,119,31,34,106,66,107,132
745,29,13,121,116,138,18,87,29,127
745,30,46,44,136,59,29,131,130,96
745,31,124,30,113,23,125,31,3,120
745,32,99,93,78,85,75,70,42,104
745,33,40,39,136,32,65,43,125,48
745,34,98,112,83,11,117,67,68,143
745,35,127,19,84,101,48,113,50,124
745,36,116,95,58,48,99,27,34,136
745,37,43,15,14,100,82,71,109,18
745,38,78,134,62,44,32,94,59,20
745,39,115,13,50,72,121,60,63,127
745,40,106,2,68,124,6,23,121,91
745,41,33,116,42,118,68,27,85,75
745,42,45,34,8,78,141,84,16,51
745,43,74,102,99,60,58,46,103,82
745,44,122,94,21,143,5,89,76,140
746,3,65,126,127,41,45,32,94,13
746,4,66,79,93,4,56,65,136,71
746,5,37,97,20,110,143,52,86,75
746,6,40,62,51,82,112,86,114,47
746,7,127,124,105,130,13,101,134,94
746,8,65,100,106,17,91,20,105,41
746,9,10,3,6,136,69,16,58,71
746,10,36,46,139,80,143,32,83,126
746,11,90,44,67,54,73,71,100,143
746,12,72,12,70,61,1,97,124,96
746,13,107,133,41,80,136,82,126,96
746,14,127,90,103,2,53,60,56,73
746,15,19,23,33,104,15,119,58,47
746,16,142,63,53,15,105,80,31,134
746,17,89,56,15,16,48,83,81,109
746,18,106,136,104,125,89,10,87,58
746,19,10,63,112,119,21,90,142,137
746,20,100,1,11,97,88,46,40,102
746,21,143,88,141,106,7,77,2,139
746,22,100,29,10,31,117,21,119,103
746,23,33,117,112,25,59,85,16,118
746,24,69,66,18,130,97,125,129,70
746,25,74,42,44,113,39,125,31,52
746,26,98,115,66,127,82,122,97,109
746,27,79,42,13,104,32,20,76,93
746,28,107,141,124,132,110,119,117,106
746,29,13,121,123,143,88,138,54,18
746,30,46,59,44,53,3,131,71,29
746,31,124,22,10,3,1,23,113,30
746,32,93,99,78,75,37,85,86,5
746,33,40,39,32,48,44,65,136,63
746,34,98,83,40,11,117,39,80,104
746,35,99,127,101,121,129,120,73,19
746,36,116,58,48,103,82,99,136,27
746,37,100,14,15,68,66,113,117,104
746,38,134,60,40,124,143,25,20,62
746,39,115,60,92,90,127,88,78,67
746,40,106,20,68,6,2,134,113,133
746,41,33,27,68,120,138,141,118,42
746,42,14,34,8,0,78,18,64,13
746,43,74,66,68,109,90,37,103,42
746,44,1,91,97,67,107,47,32,92
747,3,120,143,107,85,46,89,26,66
747,4,133,143,102,117,129,77,136,121
747,5,58,82,104,143,36,6,116,14
747,6,46,28,76,8,4,134,110,39
747,7,139,36,64,13,53,87,93,130
747,8,140,54,11,55,75,0,18,61
747,9,11,10,113,41,114,128,88,27
747,10,113,35,68,8,40,143,44,83
747,11,83,67,61,112,100,87,73,44
747,12,70,117,61,60,64,101,28,68
747,13,123,73,107,20,24,120,51,34
747,14,90,14,127,52,103,2,0,28
747,15,19,14,139,33,123,46,1,60
747,16,48,105,19,30,137,44,67,63
747,17,15,115,21,56,81,16,1,99
747,18,136,143,58,125,106,95,10,59
747,19,10,142,14,119,137,41,46,36
747,20,74,44,61,114,92,34,21,65
747,21,88,77,106,143,12,40,85,46
747,22,113,29,1,117,67,136,53,31
747,23,79,112,75,25,97,74,117,120
747,24,18,97,69,105,125,8,129,12
747,25,74,42,88,78,43,113,40,115
747,26,98,66,114,115,53,97,58,1
747,27,79,32,97,76,20,13,33,124
747,28,141,119,107,106,66,132,31,95
747,29,13,121,123,44,138,116,0,18
747,30,46,44,59,53,3,131,29,96
747,31,124,125,113,3,1,91,85,46
747,32,93,85,70,72,66,97,78,5
747,33,40,39,65,44,125,43,32,136
747,34,83,105,63,80,98,13,117,67
747,35,129,19,127,140,101,23,116,36
747,36,116,27,99,48,39,14,95,136
747,37,14,10,117,15,77,100,27,98
747,38,134,51,62,40,44,41,20,93
747,39,13,22,60,50,86,63,115,72
747,40,124,133,106,23,129,68,2,65
747,41,33,27,68,90,116,94,17,37
747,42,8,107,0,34,18,89,39,64
747,43,74,111,11,65,15,143,99,127
747,44,5,91,94,44,122,80,51,64
748,3,34,141,81,40,86,114,94,55
748,4,110,13,38,31,97,34,39,53
748,5,72,117,128,93,89,104,36,8
748,6,16,51,24,71,106,123,96,85
748,7,108,74,139,99,137,64,20,131
748,8,63,121,114,68,33,128,120,27
748,9,56,130,136,131,109,133,97,81
748,10,57,51,56,103,54,73,9,69
748,11,101,102,56,113,137,82,117,75
748,12,20,96,131,138,3,52,13,1
748,13,66,45,41,86,107,91,60,51
748,14,49,90,55,46,65,2,127,103
748,15,20,112,23,11,19,34,68,35
748,16,69,126,106,63,80,19,134,43
748,17,56,74,49,30,16,12,6,142
748,18,106,46,130,31,132,42,77,90
748,19,10,63,119,77,37,59,48,12
748,20,65,137,76,97,143,100,135,37
748,21,77,141,65,9,106,20,115,63
748,22,46,114,29,106,78,118,80,71
748,23,118,46,97,128,134,38,112,33
748,24,69,126,107,12,32,42,90,22
748,25,74,88,126,136,115,42,20,112
748,26,98,66,115,97,109,127,1,7
748,27,79,97,42,32,124,76,20,104
748,28,106,107,66,141,29,119,45,7
748,29,121,44,116,138,13,48,95,18
748,30,46,29,44,3,21,24,96,72
748,31,1,124,125,3,113,120,85,26
748,32,85,66,93,70,78,0,25,60
748,33,39,40,32,43,125,65,48,35
748,34,83,63,98,80,105,117,104,13
748,35,127,140,129,19,101,83,97,9
748,36,116,27,99,103,12,58,39,140
748,37,14,77,15,10,56,25,95,100
748,38,134,51,40,93,44,84,68,16
748,39,22,115,13,50,86,28,72,60
748,40,133,23,124,129,106,62,5,68
748,41,116,33,68,90,76,40,47,112
748,42,37,107,8,0,34,123,64,87
748,43,111,15,11,132,57,112,52,116
748,44,122,44,91,80,89,79,24,52
749,3,126,104,68,94,55,141,74,46
749,4,93,116,91,86,142,13,74,87
749,5,9,30,125,86,104,26,128,36
749,6,142,40,20,24,14,44,139,37
749,7,33,35,57,117,69,71,96,125
749,8,125,17,69,45,71,12,26,124
749,9,64,78,131,103,58,94,35,97
749,10,128,139,69,56,104,83,85,89
749,11,8,132,101,1,26,102,44,45
749,12,7,108,57,131,21,55,51,136
749,13,66,6,44,60,19,13,70,25
749,14,73,75,138,55,25,57,33,31
749,15,33,68,102,20,11,2,59,44
749,16,108,27,46,47,106,126,137,71
749,17,56,11,30,74,103,24,49,90
749,18,106,20,86,122,132,119,77,130
749,19,10,37,77,128,119,59,71,100
749,20,12,65,82,137,37,135,67,32
749,21,77,115,9,63,109,28,132,116
749,22,106,18,35,78,114,59,80,56
749,23,134,113,46,95,54,6,28,118
749,24,69,22,32,120,114,70,140,12
749,25,74,42,58,16,113,39,126,112
749,26,98,115,66,130,97,109,1,113
749,27,79,104,97,32,20,124,42,24
749,28,141,126,106,87,107,110,67,29
749,29,121,48,29,18,13,38,81,95
749,30,21,46,75,72,96,59,29,50
749,31,74,124,113,125,103,102,123,78
749,32,25,12,4,2,60,93,80,66
749,33,32,40,39,8,48,17,41,106
749,34,98,83,40,63,82,104,36,26
749,35,127,79,83,67,97,48,89,124
749,36,116,51,12,58,140,78,133,96
749,37,14,15,77,127,25,100,56,5
749,38,84,40,110,27,18,23,87,68
749,39,92,22,115,18,68,118,60,139
749,40,106,5,23,133,20,90,130,65
749,41,33,68,6,76,40,44,108,63
749,42,18,107,8,14,44,34,39,0
749,43,34,42,111,11,103,116,115,109
749,44,91,24,9,67,114,79,64,31
750,3,108,49,122,52,85,91,63,43
750,4,72,122,132,126,37,52,81,99
750,5,141,88,86,32,46,78,89,83
750,6,89,49,123,105,61,85,67,39
750,7,99,104,139,82,96,81,122,53
750,8,55,73,109,62,71,25,103,75
750,9,92,143,70,71,118,75,67,97
750,10,122,48,89,88,44,30,38,69
750,11,85,67,124,69,121,115,39,143
750,12,115,70,69,59,133,19,136,0
750,13,126,69,41,62,71,86,51,25
750,14,53,90,128,117,68,52,24,10
750,15,19,23,9,46,121,65,15,94
750,16,63,115,82,88,138,105,21,67
750,17,56,24,16,118,25,111,45,71
750,18,104,42,106,125,39,65,1,67
750,19,10,63,133,119,8,12,36,67
750,20,102,100,46,37,36,50,12,65
750,21,2,141,104,115,77,116,46,20
750,22,31,29,26,10,101,44,141,41
750,23,78,4,46,33,25,79,117,24
750,24,69,130,15,125,46,18,82,97
750,25,74,42,58,136,21,102,112,31
750,26,98,115,90,7,136,97,42,40
750,27,104,79,100,24,76,77,92,20
750,28,31,107,141,108,57,95,65,133
750,29,13,116,18,121,24,104,2,0
750,30,46,136,44,29,59,53,129,89
750,31,23,91,124,30,113,114,22,3
750,32,93,42,75,97,99,123,20,78
750,33,40,39,32,48,125,136,56,8
750,34,112,11,40,83,67,98,117,63
750,35,50,140,127,124,79,73,4,84
750,36,116,95,140,48,136,12,23,125
750,37,14,43,112,70,29,5,127,25
750,38,134,78,34,2,20,9,55,8
750,39,115,49,13,30,143,82,2,92
750,40,106,124,23,133,68,14,71,90
750,41,33,70,68,19,90,77,40,102
750,42,45,8,0,107,133,72,46,111
750,43,114,142,99,143,111,53,6,60
750,44,31,117,75,79,74,119,44,64
751,3,65,95,114,0,36,100,75,45
751,4,38,66,111,79,25,135,136,18
751,5,16,37,47,129,46,40,3,72
751,6,117,52,95,51,50,112,62,138
751,7,124,104,127,89,64,27,117,41
751,8,65,86,100,17,106,98,41,133
751,9,10,69,3,6,136,48,113,112
751,10,81,46,36,57,78,80,24,32
751,11,59,71,31,90,85,54,102,45
751,12,12,72,61,115,143,70,136,97
751,13,133,10,107,41,31,82,69,33
751,14,127,90,88,59,128,68,125,6
751,15,19,33,23,104,42,58,11,77
751,16,22,142,63,53,105,15,31,5
751,17,56,118,77,99,25,21,16,89
751,18,136,106,30,104,46,6,125,42
751,19,10,112,90,119,21,8,133,12
751,20,46,100,65,1,11,88,102,40
751,21,77,143,106,88,35,2,115,139
751,22,100,31,48,29,46,118,99,19
751,23,59,112,93,121,62,142,25,130
751,24,69,66,59,97,130,133,129,46
751,25,74,42,125,41,17,44,113,68
751,26,98,115,66,58,120,110,127,114
751,27,79,32,81,13,76,77,20,59
751,28,107,141,121,135,71,124,95,65
751,29,13,54,143,123,87,22,26,75
751,30,53,46,71,136,59,62,131,44
751,31,23,124,113,73,91,10,3,2
751,32,93,76,72,37,97,84,20,64
751,33,40,32,109,138,113,48,13,39
751,34,6,98,83,79,39,88,75,143
751,35,18,48,121,101,23,120,19,129
751,36,116,103,136,48,99,107,12,81
751,37,100,14,0,117,16,25,49,27
751,38,49,60,18,134,100,59,25,55
751,39,115,2,117,30,127,60,87,138
751,40,68,106,124,92,71,44,73,137
751,41,33,120,63,11,96,138,13,137
751,42,14,8,34,64,0,107,136,86
751,43,95,123,109,90,103,129,82,6
751,44,139,25,70,31,85,64,12,141
752,3,120,143,85,26,89,75,107,66
752,4,45,117,129,111,102,133,76,42
752,5,58,56,82,27,104,36,122,47
752,6,46,4,28,76,75,39,8,52
752,7,139,13,36,82,35,118,114,137
752,8,55,140,75,73,54,29,0,61
752,9,10,11,113,41,114,128,122,88
752,10,113,8,48,68,40,123,6,83
752,11,85,67,83,61,112,80,100,135
752,12,70,61,117,86,101,64,52,0
752,13,107,123,41,133,135,51,33,20
752,14,90,127,53,2,65,124,28,82
752,15,19,33,23,79,113,14,123,104
752,16,142,48,63,105,53,44,88,15
752,17,15,56,21,81,16,128,71,20
752,18,136,46,95,106,104,58,96,143
752,19,10,133,14,67,142,3,46,12
752,20,44,74,100,20,105,46,1,40
752,21,88,143,46,137,77,106,54,1
752,22,31,113,100,29,93,19,134,114
752,23,43,46,97,101,125,75,63,98
752,24,18,97,69,125,129,105,46,85
752,25,74,42,88,113,20,83,40,58
752,26,98,66,114,97,115,58,113,85
752,27,76,79,97,32,13,42,124,81
752,28,66,119,141,107,31,132,106,95
752,29,123,13,44,116,121,87,88,19
752,30,46,53,136,44,59,129,131,62
752,31,124,113,23,30,120,91,3,26
752,32,93,85,66,72,78,0,100,42
752,33,40,125,39,65,32,35,70,43
752,34,83,63,13,98,105,26,117,67
752,35,129,140,67,127,101,9,36,65
752,36,116,27,12,39,14,136,99,140
752,37,14,117,25,77,10,68,100,34
752,38,134,51,110,62,40,20,44,32
752,39,13,22,115,50,63,75,72,60
752,40,124,133,23,106,129,111,65,46
752,41,33,40,68,90,28,70,9,116
752,42,0,8,107,34,53,45,121,5
752,43,111,15,6,110,11,143,132,79
752,44,44,64,89,80,33,122,135,76
753,3,119,123,38,6,76,118,134,141
753,4,125,112,107,86,119,59,14,3
753,5,89,130,113,133,102,53,55,76
753,6,135,20,37,35,84,47,82,73
753,7,22,78,19,103,42,75,14,36
753,8,46,50,10,39,58,11,55,95
753,9,94,71,97,37,127,81,29,129
753,10,101,72,133,32,110,83,137,25
753,11,99,23,49,133,75,112,140,100
753,12,142,37,3,109,96,135,43,13
753,13,130,134,104,91,126,45,106,34
753,14,50,7,40,76,8,117,25,13
753,15,93,116,18,35,39,121,1,123
753,16,0,82,28,133,3,71,79,76
753,17,139,38,11,56,59,95,30,128
753,18,37,106,86,141,20,11,10,46
753,19,10,128,136,5,120,119,77,94
753,20,58,6,53,46,135,37,134,12
753,21,96,115,1,63,80,42,17,72
753,22,77,19,18,59,35,78,11,80
753,23,63,46,125,38,128,36,4,134
753,24,60,69,13,90,140,130,22,129
753,25,74,114,19,103,40,117,20,113
753,26,98,1,66,77,132,120,109,97
753,27,79,97,42,63,32,124,24,81
753,28,75,87,141,140,45,71,106,10
753,29,24,121,60,120,13,116,11,81
753,30,12,11,46,29,50,96,18,54
753,31,6,31,122,26,125,76,113,47
753,32,33,18,93,116,134,104,0,97
753,33,139,39,104,32,57,40,138,41
753,34,98,137,13,117,21,83,40,26
753,35,124,127,101,67,85,125,140,58
753,36,34,116,12,27,14,26,90,96
753,37,117,14,100,29,77,73,23,99
753,38,93,24,18,20,32,9,40,22
753,39,115,83,13,72,15,71,39,100
753,40,96,71,69,133,130,26,14,106
753,41,61,33,52,44,9,138,68,26
753,42,87,8,113,96,64,107,23,34
753,43,109,56,112,110,106,94,90,111
753,44,16,30,64,89,24,80,126,141
754,3,100,94,76,39,29,19,66,46
754,4,17,54,91,37,16,100,93,83
754,5,122,90,127,5,115,111,70,102
754,6,69,15,65,12,71,53,59,40
754,7,73,108,57,92,85,20,140,18
754,8,56,108,1,60,39,79,12,16
754,9,32,7,0,69,125,36,89,64
754,10,23,74,139,116,69,97,89,27
754,11,135,93,23,115,35,13,33,70
754,12,56,53,76,8,96,103,120,71
754,13,30,130,126,64,13,104,5,106
754,14,112,129,50,79,24,65,7,130
754,15,71,132,18,103,47,99,89,94
754,16,143,82,57,120,106,55,84,25
754,17,41,19,56,90,45,11,30,59
754,18,130,6,106,46,135,10,20,79
754,19,10,91,108,119,17,66,11,142
754,20,74,50,137,22,0,65,58,53
754,21,111,115,43,107,72,33,112,116
754,22,85,19,29,18,35,95,116,39
754,23,4,137,40,16,48,120,90,77
754,24,120,6,128,69,121,129,97,12
754,25,74,42,78,103,35,113,107,5
754,26,98,49,120,114,66,77,58,122
754,27,32,79,63,81,97,13,124,127
754,28,87,141,34,107,117,75,138,16
754,29,84,13,51,12,143,11,121,88
754,30,2,96,46,53,117,11,59,73
754,31,29,103,113,124,131,140,130,106
754,32,93,37,100,97,3,45,69,66
754,33,40,104,73,32,39,70,138,140
754,34,98,13,26,86,60,117,107,24
754,35,8,25,48,124,101,125,65,67
754,36,116,12,46,86,133,43,113,49
754,37,117,101,99,51,100,108,27,15
754,38,49,40,126,20,18,60,93,101
754,39,115,75,7,39,51,70,100,0
754,40,34,91,23,106,46,92,55,121
754,41,108,33,9,68,118,44,43,20
754,42,14,120,8,34,64,12,107,112
754,43,109,90,56,82,111,52,93,136
754,44,93,64,94,67,24,31,135,89
755,3,120,143,89,107,26,46,97,38
755,4,68,95,133,129,102,124,62,117
755,5,58,121,105,27,95,104,88,139
755,6,28,74,110,46,134,39,37,15
755,7,64,53,36,13,128,82,114,139
755,8,56,140,55,54,18,75,124,61
755,9,11,113,88,51,122,86,128,27
755,10,68,30,40,123,85,89,113,82
755,11,73,67,61,83,112,87,85,117
755,12,70,118,117,88,96,47,120,71
755,13,112,123,61,51,62,34,78,33
755,14,90,52,28,65,0,20,124,82
755,15,19,139,14,46,113,94,96,123
755,16,105,48,92,19,30,103,126,2
755,17,140,143,45,20,56,36,95,125
755,18,136,143,6,105,58,46,95,10
755,19,10,142,108,14,29,8,119,117
755,20,74,143,90,50,137,61,58,22
755,21,111,12,141,88,11,85,117,43
755,22,85,113,29,49,31,18,116,136
755,23,136,106,4,97,46,99,98,79
755,24,6,18,42,97,129,29,125,112
755,25,42,74,78,19,113,40,129,48
755,26,114,98,68,90,84,120,15,58
755,27,81,79,32,13,124,24,15,93
755,28,34,141,107,80,31,138,95,116
755,29,13,143,54,12,126,94,51,78
755,30,53,2,73,46,55,135,131,92
755,31,30,91,124,113,106,97,122,85
755,32,93,97,20,100,124,37,111,62
755,33,40,73,32,41,22,138,35,140
755,34,11,86,6,115,117,21,98,52
755,35,6,8,18,77,101,48,67,79
755,36,95,49,140,116,92,46,43,113
755,37,117,94,0,101,100,16,34,77
755,38,49,126,134,78,2,40,62,55
755,39,39,13,81,52,137,75,69,34
755,40,121,106,124,58,32,14,44,29
755,41,33,111,129,41,120,118,123,69
755,42,45,64,111,53,8,32,135,16
755,43,136,102,132,21,90,112,53,140
755,44,64,94,21,135,89,33,76,123
756,3,74,67,95,10,47,18,71,11
756,4,115,1,39,25,121,31,75,109
756,5,47,97,46,141,128,21,40,121
756,6,19,51,50,138,95,121,35,106
756,7,73,136,58,104,74,101,130,83
756,8,105,44,139,52,86,106,108,60
756,9,6,96,71,130,116,81,109,38
756,10,92,36,15,70,104,124,79,74
756,11,21,114,2,75,140,67,73,51
756,12,9,4,124,96,117,35,32,103
756,13,26,112,40,136,38,51,118,124
756,14,97,90,6,129,50,123,77,122
756,15,98,104,19,80,117,51,133,118
756,16,22,92,68,78,19,53,52,30
756,17,91,56,19,75,95,122,26,134
756,18,6,136,130,46,40,19,135,58
756,19,17,10,72,108,105,142,66,87
756,20,74,137,50,22,17,8,95,58
756,21,111,112,43,85,80,88,107,143
756,22,99,100,19,72,102,29,13,77
756,23,136,48,88,101,130,59,112,67
756,24,66,29,97,121,129,6,85,69
756,25,42,74,78,48,113,126,111,20
756,26,98,114,140,133,58,33,87,122
756,27,81,79,32,92,13,127,50,24
756,28,56,107,112,75,141,50,119,25
756,29,13,143,54,24,34,110,98,11
756,30,46,53,62,34,51,55,71,131
756,31,91,124,96,23,99,106,113,140
756,32,93,20,75,139,85,72,36,33
756,33,40,32,13,138,8,134,89,48
756,34,6,98,143,39,35,115,88,83
756,35,109,32,36,77,87,95,54,67
756,36,116,48,113,123,81,104,133,68
756,37,53,77,16,96,29,104,41,127
756,38,49,2,60,129,33,55,115,32
756,39,100,52,2,87,78,39,115,60
756,40,32,91,7,73,71,44,68,40
756,41,33,120,138,63,28,127,86,109
756,42,14,64,8,136,96,51,53,137
756,43,90,66,95,103,129,123,82,47
756,44,139,94,70,93,64,25,123,141
757,3,140,78,85,127,52,91,60,134
757,4,95,84,68,41,89,133,69,115
757,5,56,128,82,50,51,8,22,142
757,6,94,123,4,76,109,100,61,49
757,7,70,103,101,139,42,82,80,122
757,8,55,46,109,85,75,96,60,3
757,9,11,130,41,37,8,96,143,112
757,10,14,113,8,74,48,89,101,52
757,11,73,85,21,67,108,112,75,143
757,12,70,9,117,60,32,90,42,63
757,13,26,118,51,112,25,55,139,20
757,14,90,14,122,52,53,8,91,69
757,15,19,14,101,80,70,15,59,141
757,16,92,48,105,42,30,60,67,79
757,17,57,75,26,47,36,91,95,56
757,18,58,136,130,28,6,104,143,79
757,19,10,17,66,30,108,142,36,105
757,20,50,74,95,92,44,137,25,77
757,21,88,114,8,74,49,116,143,1
757,22,13,29,72,0,101,1,18,42
757,23,75,29,88,11,129,95,1,43
757,24,137,12,97,18,69,60,102,109
757,25,42,74,114,136,78,43,34,115
757,26,114,98,93,113,77,66,140,58
757,27,97,79,32,121,124,103,85,81
757,28,137,141,106,138,75,116,34,112
757,29,33,123,103,60,87,11,13,95
757,30,20,139,125,129,11,34,16,6
757,31,6,90,83,124,101,125,113,106
757,32,34,97,85,31,33,118,0,84
757,33,134,40,32,41,138,142,22,44
757,34,9,137,24,98,33,88,117,132
757,35,67,128,140,49,101,10,75,130
757,36,63,116,104,34,131,133,90,109
757,37,77,10,123,117,27,100,108,6
757,38,129,59,40,18,20,32,71,62
757,39,115,10,39,30,15,118,42,0
757,40,123,32,106,135,133,47,129,71
757,41,33,61,72,138,31,28,86,82
757,42,23,8,107,113,52,53,96,51
757,43,90,110,24,124,70,116,121,93
757,44,129,94,64,91,34,43,74,24
758,3,39,104,134,53,94,26,11,18
758,4,46,110,81,77,84,121,53,44
758,5,43,134,0,9,73,58,114,128
758,6,78,130,68,121,142,97,34,71
758,7,24,87,98,41,119,50,123,70
758,8,126,33,43,68,84,40,26,44
758,9,9,30,141,134,138,69,81,118
758,10,102,42,127,49,69,101,123,90
758,11,6,120,8,138,99,15,4,64
758,12,137,11,55,131,16,6,71,103
758,13,6,66,42,140,46,143,78,33
758,14,100,138,143,69,66,45,112,64
758,15,66,59,3,109,1,80,131,53
758,16,101,87,108,46,82,98,58,22
758,17,116,117,19,56,138,90,95,103
758,18,103,11,130,119,10,122,19,81
758,19,94,128,118,24,71,136,131,1
758,20,58,31,135,6,69,137,17,134
758,21,105,96,52,109,63,115,137,103
758,22,82,33,106,126,94,22,18,46
758,23,19,80,60,64,41,6,134,43
758,24,140,0,94,103,86,69,22,96
758,25,70,54,109,88,74,117,43,107
758,26,79,130,30,89,135,27,97,91
758,27,137,131,121,88,11,46,133,135
758,28,98,86,126,106,67,46,29,25
758,29,42,48,121,38,29,87,108,103
758,30,114,75,116,80,21,38,105,96
758,31,102,8,108,78,101,94,122,80
758,32,130,80,25,44,12,39,117,32
758,33,106,17,85,41,131,39,121,71
758,34,23,75,107,125,38,82,132,83
758,35,127,70,57,83,128,69,67,75
758,36,51,77,35,15,96,29,13,102
758,37,135,45,15,127,14,9,99,23
758,38,68,113,109,54,74,20,18,141
758,39,134,86,104,43,60,140,7,121
758,40,126,53,61,55,24,5,46,90
758,41,25,45,54,33,76,39,68,2
758,42,70,107,69,8,12,26,64,52
758,43,49,52,78,44,90,126,116,93
758,44,113,61,118,112,68,74,143,24
759,3,39,134,137,57,3,142,6,67
759,4,119,117,61,112,90,125,34,3
759,5,113,133,23,98,15,76,52,32
759,6,46,118,20,47,90,138,89,120
759,7,22,132,50,75,86,13,55,53
759,8,98,50,10,46,49,109,72,0
759,9,21,71,81,73,0,47,94,134
759,10,101,72,44,110,10,88,66,123
759,11,99,89,49,104,121,76,23,52
759,12,37,24,142,106,84,14,135,111
759,13,134,19,28,44,126,3,106,54
759,14,40,7,50,117,111,32,108,113
759,15,35,93,40,57,129,139,124,44
759,16,32,0,112,107,43,28,91,97
759,17,118,121,34,6,141,77,38,0
759,18,9,122,115,20,124,23,70,119
759,19,42,136,65,140,68,0,33,109
759,20,135,38,106,1,63,73,121,39
759,21,132,18,80,120,20,87,63,139
759,22,98,111,59,104,78,106,42,102
759,23,68,78,89,18,77,67,104,44
759,24,103,44,28,69,27,80,72,50
759,25,43,109,107,66,74,139,114,51
759,26,108,27,109,91,13,96,79,97
759,27,65,47,131,46,93,80,113,75
759,28,106,142,99,58,132,114,52,135
759,29,24,121,79,100,75,87,103,108
759,30,10,12,104,72,70,57,32,17
759,31,122,13,45,76,85,39,31,4
759,32,109,104,39,116,114,32,134,72
759,33,100,106,42,121,8,125,139,31
759,34,100,42,25,23,109,48,70,115
759,35,21,127,80,119,124,129,10,42
759,36,135,29,108,124,89,77,123,96
759,37,33,95,36,76,47,126,133,123
759,38,92,68,98,72,54,7,20,140
759,39,84,7,64,100,83,60,47,140
759,40,122,35,49,96,114,2,110,51
759,41,109,111,58,18,65,44,89,22
759,42,84,26,135,8,96,107,11,10
759,43,132,112,13,52,111,74,56,58
759,44,80,51,53,79,6,24,135,108
760,3,68,40,52,133,76,97,88,13
760,4,99,39,24,42,22,71,102,105
760,5,21,11,133,62,40,64,85,54
760,6,45,46,96,114,99,138,47,42
760,7,140,23,86,46,5,50,45,41
760,8,61,98,10,71,35,0,81,50
760,9,21,71,83,34,81,73,38,106
760,10,18,20,94,140,37,76,143,9
760,11,99,140,49,24,30,76,79,67
760,12,37,82,24,2,70,84,95,99
760,13,19,54,101,12,134,28,124,48
760,14,40,13,18,32,72,108,19,7
760,15,123,129,93,39,35,94,8,1
760,16,43,112,32,79,97,114,93,33
760,17,55,34,141,38,6,64,30,25
760,18,9,140,115,91,23,122,124,12
760,19,42,65,140,33,71,68,0,109
760,20,38,135,106,1,121,79,90,94
760,21,132,80,18,113,107,23,139,120
760,22,98,134,77,36,12,78,42,102
760,23,61,129,117,85,56,30,104,68
760,24,103,99,50,28,80,60,69,27
760,25,107,74,43,109,18,51,116,139
760,26,27,91,108,115,97,50,90,109
760,27,65,79,103,137,119,47,59,131
760,28,106,58,99,75,132,119,121,107
760,29,121,79,60,49,82,58,103,108
760,30,104,46,57,12,10,17,92,89
760,31,76,13,122,87,39,4,94,5
760,32,116,66,39,114,62,32,74,98
760,33,42,106,104,39,97,125,135,16
760,34,100,42,125,25,115,41,117,109
760,35,127,80,101,21,119,66,124,10
760,36,89,135,27,9,96,123,124,63
760,37,95,15,10,18,91,6,106,77
760,38,54,40,72,141,20,7,131,98
760,39,84,7,47,140,60,83,4,12
760,40,2,48,49,96,52,94,69,110
760,41,65,98,18,128,44,111,76,70
760,42,26,107,110,32,8,79,116,48
760,43,13,11,111,52,101,139,93,70
760,44,80,79,53,24,6,108,135,140
761,3,33,69,124,26,87,53,45,10
761,4,73,96,80,43,29,49,20,119
761,5,91,30,109,141,9,13,128,143
761,6,42,38,142,69,92,118,87,82
761,7,118,61,24,106,45,5,119,15
761,8,137,82,25,93,72,135,22,45
761,9,140,72,131,52,53,104,43,117
761,10,0,83,49,42,41,125,98,128
761,11,121,132,1,64,34,78,16,33
761,12,42,84,7,37,95,13,108,63
761,13,70,6,19,143,134,36,125,121
761,14,73,138,69,40,32,21,45,36
761,15,78,29,87,38,102,117,3,129
761,16,81,27,46,70,58,20,112,43
761,17,51,141,138,55,34,38,100,0
761,18,140,122,119,9,91,107,23,72
761,19,71,118,21,42,136,95,33,140
761,20,31,135,79,38,68,140,73,64
761,21,18,63,132,107,105,72,59,124
761,22,126,125,106,104,98,34,22,78
761,23,115,47,95,117,41,6,60,57
761,24,99,79,69,140,122,52,103,27
761,25,79,43,74,109,142,91,107,139
761,26,31,3,79,91,15,44,0,45
761,27,65,91,119,33,143,104,79,77
761,28,20,106,5,33,91,107,25,86
761,29,121,130,3,87,103,101,108,48
761,30,46,134,126,57,110,130,141,55
761,31,121,39,127,45,85,15,51,130
761,32,48,117,143,114,138,116,104,20
761,33,93,132,85,104,14,129,16,49
761,34,25,119,108,43,40,117,19,48
761,35,42,97,127,98,128,80,111,63
761,36,96,100,51,137,90,63,124,93
761,37,91,46,45,123,135,109,129,111
761,38,54,95,87,131,98,141,20,29
761,39,43,39,53,88,2,130,125,15
761,40,2,127,60,7,91,32,44,48
761,41,50,102,44,111,88,87,86,34
761,42,107,32,94,97,127,110,52,54
761,43,138,9,105,93,78,130,131,95
761,44,69,128,95,131,8,74,142,105
762,3,15,19,136,58,142,141,91,108
762,4,115,96,2,40,37,73,104,22
762,5,91,119,124,7,72,60,118,89
762,6,67,65,18,120,135,82,42,121
762,7,18,46,85,57,122,130,103,15
762,8,107,83,94,63,137,10,68,60
762,9,93,80,108,87,1,79,27,140
762,10,47,115,81,49,63,139,128,135
762,11,78,132,121,138,104,23,49,99
762,12,42,102,67,66,7,100,119,77
762,13,36,6,143,19,70,67,15,82
762,14,105,138,97,32,69,30,78,114
762,15,78,11,130,43,104,134,3,129
762,16,81,20,6,112,24,43,31,83
762,17,51,25,0,34,141,55,138,56
762,18,140,91,122,86,119,9,12,59
762,19,71,42,141,140,139,21,0,136
762,20,79,135,121,43,68,38,64,93
762,21,18,108,42,132,63,72,113,48
762,22,91,73,125,104,41,98,7,129
762,23,47,117,115,6,91,67,143,70
762,24,52,87,99,69,79,129,81,27
762,25,79,74,101,44,142,43,139,109
762,26,31,92,3,24,0,111,22,45
762,27,65,91,56,33,71,75,104,143
762,28,5,136,106,100,48,32,90,33
762,29,121,130,101,87,25,75,28,103
762,30,46,57,134,130,141,126,115,74
762,31,66,1,138,39,121,45,13,143
762,32,143,77,138,33,24,27,115,36
762,33,93,72,5,16,49,97,132,46
762,34,25,131,43,119,108,107,117,40
762,35,42,97,98,111,128,10,86,44
762,36,96,100,137,99,113,93,132,90
762,37,91,46,123,143,63,130,77,60
762,38,87,95,84,29,141,111,40,63
762,39,59,88,126,9,39,43,15,49
762,40,127,48,54,32,118,14,40,26
762,41,50,133,44,33,111,128,65,89
762,42,106,107,94,110,36,99,32,57
762,43,130,2,9,73,129,82,45,100
762,44,25,8,74,143,7,57,93,59
763,3,54,91,97,15,133,86,94,71
763,4,100,117,90,83,9,97,56,34
763,5,118,33,55,13,113,44,39,89
763,6,67,65,36,122,37,20,120,121
763,7,59,85,5,14,81,134,112,130
763,8,107,53,10,25,102,133,98,60
763,9,105,22,38,76,45,79,8,108
763,10,81,91,47,66,115,73,38,28
763,11,78,67,104,49,121,113,140,138
763,12,66,102,110,42,22,25,120,93
763,13,98,36,19,82,41,43,71,54
763,14,32,105,84,72,71,63,10,40
763,15,32,78,134,43,69,11,44,91
763,16,140,81,6,24,33,23,66,90
763,17,51,25,56,30,85,111,141,55
763,18,91,140,31,86,122,132,56,9
763,19,79,78,140,139,95,69,34,71
763,20,135,79,121,139,75,93,49,134
763,21,18,132,108,107,93,9,63,59
763,22,91,141,125,95,15,73,37,9
763,23,117,47,24,137,22,99,111,102
763,24,87,52,99,81,69,61,72,128
763,25,74,4,101,79,113,13,67,107
763,26,31,24,92,40,47,49,111,136
763,27,119,91,79,65,104,33,114,30
763,28,32,136,34,107,25,100,33,5
763,29,53,101,130,121,87,13,25,10
763,30,57,46,51,130,86,28,60,55
763,31,138,42,66,123,85,39,45,13
763,32,143,24,84,77,27,36,138,120
763,33,72,104,88,132,58,93,48,120
763,34,108,117,25,136,40,119,142,36
763,35,42,74,97,44,10,116,0,20
763,36,5,137,100,93,124,143,50,60
763,37,91,143,48,134,12,54,133,138
763,38,36,99,55,92,74,119,18,87
763,39,72,136,15,71,142,44,42,130
763,40,38,26,32,14,44,91,118,71
763,41,50,75,34,102,44,77,24,37
763,42,107,94,32,130,35,110,34,102
763,43,9,73,18,74,130,97,83,105
763,44,71,100,98,134,16,135,142,95
764,3,33,71,54,30,19,6,53,37
764,4,115,43,37,96,103,2,15,104
764,5,137,127,10,36,83,95,134,63
764,6,65,137,67,46,135,42,18,49
764,7,59,45,46,5,52,62,74,125
764,8,25,137,26,133,22,83,72,88
764,9,53,93,140,79,139,36,38,87
764,10,0,87,142,47,41,12,101,90
764,11,78,34,138,113,97,121,37,135
764,12,42,66,37,84,7,99,102,122
764,13,70,19,36,13,143,71,6,98
764,14,40,21,32,69,84,77,36,82
764,15,78,134,32,69,100,4,140,113
764,16,140,27,81,25,6,20,94,143
764,17,51,56,30,27,59,55,141,64
764,18,130,140,106,17,35,119,20,44
764,19,10,69,11,95,79,114,3,78
764,20,135,94,129,121,137,79,75,130
764,21,132,18,107,69,19,9,20,2
764,22,141,91,70,15,125,95,109,73
764,23,117,137,47,128,6,51,100,95
764,24,87,69,14,52,97,99,62,101
764,25,4,74,113,78,13,0,42,40
764,26,49,98,24,83,31,122,127,40
764,27,119,79,15,24,127,13,49,137
764,28,34,107,141,32,8,10,75,116
764,29,13,53,143,101,15,12,87,136
764,30,46,57,2,88,55,131,68,86
764,31,138,22,123,10,35,85,59,32
764,32,143,93,75,20,24,84,27,3
764,33,104,88,40,132,135,8,11,48
764,34,50,21,36,117,40,38,81,102
764,35,137,8,36,14,31,86,115,5
764,36,5,43,48,49,9,133,140,136
764,37,91,101,117,126,88,18,5,78
764,38,99,134,55,40,119,49,9,0
764,39,79,2,26,56,72,136,52,39
764,40,38,92,44,26,68,118,121,130
764,41,50,102,33,44,24,63,34,28
764,42,107,94,8,34,110,32,73,119
764,43,9,73,18,109,105,130,95,120
764,44,71,69,8,139,74,16,59,142
765,3,100,94,76,39,17,68,25,58
765,4,17,78,54,91,99,130,106,4
765,5,122,26,137,55,70,56,39,76
765,6,65,15,9,69,21,95,67,53
765,7,73,104,59,108,136,110,84,4
765,8,108,56,79,38,133,12,7,71
765,9,0,7,69,108,136,118,114,42
765,10,23,74,115,69,126,47,59,103
765,11,67,78,135,111,62,110,40,35
765,12,56,53,42,66,139,102,91,18
765,13,30,126,50,131,13,36,34,98
765,14,112,105,5,103,24,77,40,1
765,15,71,130,55,32,69,134,53,100
765,16,11,103,26,68,143,67,57,19
765,17,19,56,51,9,0,27,6,82
765,18,130,35,17,77,12,106,21,140
765,19,11,10,108,38,20,36,12,140
765,20,98,130,75,101,79,1,63,54
765,21,76,79,18,69,126,91,35,129
765,22,95,39,16,91,21,125,19,41
765,23,137,12,117,57,42,25,120,106
765,24,6,14,120,21,133,106,72,97
765,25,78,74,113,125,112,29,119,132
765,26,49,43,98,122,76,143,84,25
765,27,79,15,49,13,127,32,93,52
765,28,34,56,141,107,74,124,8,25
765,29,13,143,12,75,87,73,77,113
765,30,2,73,46,117,15,131,83,96
765,31,138,32,31,64,106,10,85,20
765,32,93,37,20,75,27,3,104,24
765,33,40,104,134,11,32,48,120,100
765,34,11,55,117,46,47,19,36,121
765,35,137,8,101,27,102,87,114,120
765,36,103,8,41,123,60,110,43,124
765,37,101,16,123,126,27,50,105,37
765,38,49,142,100,40,8,141,7,74
765,39,24,136,2,83,100,26,16,130
765,40,115,84,40,121,6,12,125,130
765,41,72,33,15,49,108,71,102,69
765,42,14,132,107,8,102,35,34,5
765,43,90,114,21,109,130,3,47,123
765,44,117,93,107,48,132,137,135,70
766,3,25,104,0,88,24,11,40,68
766,4,23,10,17,8,104,66,39,3
766,5,126,78,104,67,86,35,83,51
766,6,15,10,117,43,71,24,102,95
766,7,104,129,59,74,73,110,82,136
766,8,92,59,56,133,108,42,139,12
766,9,113,7,0,38,112,37,114,116
766,10,4,78,23,61,130,90,103,29
766,11,67,20,27,7,29,135,91,45
766,12,56,53,51,1,100,0,123,70
766,13,30,78,126,34,8,20,1,139
766,14,32,141,35,52,33,77,25,112
766,15,32,134,45,141,87,72,9,133
766,16,89,90,33,63,23,94,54,67
766,17,32,56,85,111,140,51,2,80
766,18,31,55,51,106,77,107,119,35
766,19,94,129,131,70,100,79,64,29
766,20,109,71,135,90,69,121,79,99
766,21,9,40,63,4,132,93,103,14
766,22,12,44,22,51,23,20,130,19
766,23,19,70,98,133,117,6,2,29
766,24,6,86,14,124,133,103,84,111
766,25,78,42,102,113,74,20,112,13
766,26,49,98,43,143,48,33,110,45
766,27,79,15,13,81,32,49,127,119
766,28,34,141,56,107,13,74,9,7
766,29,13,143,12,75,104,97,87,51
766,30,73,2,46,15,83,68,131,88
766,31,138,91,32,48,31,84,13,97
766,32,93,20,75,3,36,64,74,76
766,33,40,104,134,136,25,11,32,120
766,34,11,79,47,36,117,121,55,19
766,35,8,137,101,27,5,124,87,48
766,36,103,8,29,135,58,110,43,44
766,37,101,23,117,82,16,73,126,2
766,38,49,142,100,40,8,2,7,55
766,39,2,136,10,126,24,71,16,127
766,40,84,121,6,73,115,32,128,7
766,41,63,33,49,6,77,72,108,15
766,42,14,107,8,34,111,64,102,17
766,43,90,123,68,109,95,129,3,120
766,44,139,70,93,25,132,94,107,135
767,3,120,143,26,107,75,46,85,66
767,4,68,129,32,122,133,35,31,104
767,5,58,121,105,36,44,116,140,134
767,6,124,46,74,28,134,70,103,69
767,7,36,82,53,13,17,6,64,101
767,8,140,55,56,37,75,46,11,54
767,9,11,113,41,88,16,1,27,38
767,10,35,68,113,30,40,82,70,96
767,11,83,73,67,61,112,33,138,79
767,12,70,117,1,10,123,71,64,118
767,13,123,73,81,112,118,34,20,78
767,14,90,14,28,51,16,82,91,77
767,15,139,19,8,99,14,46,69,91
767,16,105,48,92,103,19,30,67,129
767,17,115,69,15,1,129,140,143,81
767,18,143,46,58,136,95,134,72,59
767,19,10,14,142,41,36,88,108,137
767,20,74,20,114,3,44,50,9,35
767,21,88,12,143,79,14,91,57,111
767,22,16,136,113,53,1,39,49,75
767,23,106,79,42,120,86,14,7,3
767,24,97,4,57,14,6,129,72,42
767,25,78,42,74,113,89,29,119,112
767,26,114,98,33,68,49,37,0,122
767,27,79,81,15,13,32,49,127,93
767,28,34,56,141,107,33,95,74,8
767,29,13,12,143,73,54,75,87,97
767,30,73,2,46,62,53,68,135,131
767,31,30,91,85,63,97,20,46,13
767,32,93,20,37,84,36,76,24,127
767,33,40,134,136,11,41,135,139,82
767,34,11,79,36,121,139,50,117,34
767,35,8,101,6,124,77,46,123,143
767,36,95,103,68,9,133,110,124,122
767,37,117,0,23,53,29,135,16,72
767,38,100,49,40,2,8,142,9,18
767,39,120,2,133,136,69,81,71,135
767,40,121,73,81,130,40,27,65,44
767,41,105,33,69,102,89,111,71,58
767,42,57,42,5,102,10,72,25,73
767,43,102,46,83,97,47,90,45,6
767,44,94,64,6,87,34,11,15,143
768,3,4,67,74,83,130,71,60,119
768,4,0,50,55,39,64,66,38,141
768,5,97,86,141,128,9,95,131,82
768,6,40,122,86,123,134,133,19,7
768,7,73,104,12,74,110,103,141,133
768,8,105,44,74,30,40,139,66,71
768,9,49,6,120,43,130,71,29,64
768,10,104,36,92,143,69,70,62,90
768,11,21,90,60,143,67,110,2,54
768,12,124,9,117,71,4,35,43,96
768,13,136,118,51,40,112,77,33,38
768,14,97,90,123,28,25,66,141,35
768,15,104,98,19,47,117,51,72,1
768,16,92,103,137,76,131,68,121,78
768,17,122,75,89,19,12,41,139,123
768,18,130,6,19,136,17,104,77,79
768,19,10,17,108,142,36,117,137,87
768,20,74,98,17,50,90,25,137,16
768,21,143,79,12,76,116,112,100,126
768,22,16,99,39,53,11,100,70,41
768,23,136,106,79,102,59,42,67,138
768,24,66,97,13,10,6,70,129,85
768,25,78,42,113,7,48,125,126,74
768,26,33,114,98,133,127,76,37,40
768,27,79,13,49,50,52,81,4,139
768,28,34,56,107,50,77,95,21,91
768,29,13,143,24,54,12,11,75,123
768,30,73,112,53,46,138,106,15,34
768,31,32,30,2,135,3,85,91,46
768,32,37,20,16,93,75,76,32,84
768,33,134,40,113,11,32,84,98,60
768,34,11,39,6,139,79,64,36,55
768,35,101,116,87,36,46,128,28,143
768,36,103,82,8,107,48,58,110,43
768,37,0,139,43,29,68,82,125,119
768,38,142,40,49,82,71,25,88,61
768,39,133,77,79,83,34,108,95,30
768,40,73,84,12,68,121,5,20,52
768,41,33,69,120,89,81,49,122,44
768,42,14,107,8,42,108,64,6,130
768,43,68,37,50,90,30,6,112,17
768,44,97,135,88,101,142,67,11,62
769,3,41,143,91,93,113,9,114,43
769,4,70,32,52,5,90,16,127,72
769,5,131,128,36,14,94,142,82,15
769,6,124,85,123,113,134,8,100,46
769,7,9,17,36,120,139,96,85,104
769,8,128,12,72,46,139,111,61,85
769,9,97,38,41,88,133,90,14,37
769,10,113,8,35,86,62,123,1,82
769,11,67,117,21,80,73,39,36,92
769,12,69,70,134,58,71,89,38,10
769,13,81,26,5,51,122,62,34,63
769,14,14,52,69,51,0,123,91,73
769,15,19,108,139,1,141,9,76,32
769,16,48,85,92,79,103,86,40,98
769,17,115,140,26,57,15,12,142,56
769,18,143,123,59,31,17,92,42,106
769,19,10,63,36,34,121,12,114,20
769,20,44,42,36,80,41,90,1,9
769,21,121,0,139,104,132,79,91,107
769,22,16,136,101,70,21,2,53,41
769,23,106,117,78,3,6,36,15,134
769,24,69,129,57,10,8,101,82,38
769,25,42,78,74,113,126,106,7,112
769,26,33,98,114,45,122,0,49,68
769,27,79,109,89,111,15,62,132,127
769,28,34,107,77,138,33,141,8,116
769,29,13,143,110,14,107,98,72,75
769,30,73,46,39,109,34,92,86,143
769,31,91,32,0,85,106,3,66,99
769,32,20,65,69,32,88,136,84,59
769,33,134,40,136,80,73,11,31,20
769,34,11,6,79,88,143,68,64,77
769,35,109,46,36,116,131,124,87,77
769,36,95,48,49,133,43,123,107,50
769,37,57,82,110,19,18,29,41,105
769,38,2,49,114,78,136,69,15,88
769,39,95,79,52,25,126,89,53,114
769,40,121,73,25,62,58,12,110,65
769,41,143,33,69,123,74,128,89,44
769,42,3,133,10,42,64,104,111,22
769,43,46,85,0,102,43,47,90,36
769,44,94,50,63,136,142,141,19,34
770,3,140,78,91,51,10,5,52,107
770,4,95,52,133,16,37,143,121,117
770,5,27,142,111,36,136,40,80,15
770,6,94,111,123,71,133,87,70,121
770,7,104,139,83,12,80,37,125,3
770,8,100,139,75,99,28,91,40,101
770,9,11,37,57,130,101,132,34,143
770,10,48,3,82,69,74,14,123,4
770,11,73,41,124,21,85,68,98,67
770,12,9,70,115,60,124,29,52,133
770,13,118,69,51,80,56,34,25,68
770,14,90,14,122,128,71,91,123,103
770,15,19,80,1,14,101,79,59,15
770,16,92,115,48,42,36,105,63,30
770,17,57,75,114,115,26,36,12,69
770,18,58,136,130,6,104,84,28,30
770,19,10,108,17,36,142,30,117,72
770,20,74,50,92,44,66,9,95,54
770,21,88,84,143,114,116,100,134,34
770,22,1,53,16,39,89,8,94,34
770,23,106,75,110,34,74,10,86,43
770,24,97,8,123,4,102,10,119,84
770,25,42,78,113,74,112,7,88,125
770,26,33,98,114,49,94,37,53,19
770,27,15,79,13,92,24,58,113,50
770,28,34,141,132,77,61,110,8,10
770,29,13,14,143,107,5,62,103,87
770,30,39,73,46,28,74,34,129,44
770,31,66,0,85,32,94,3,106,124
770,32,65,88,75,84,32,63,20,121
770,33,134,104,136,14,79,73,11,138
770,34,11,79,88,108,68,33,2,20
770,35,23,128,46,87,63,77,36,10
770,36,95,90,48,1,119,102,124,24
770,37,57,124,108,77,20,23,27,129
770,38,78,2,141,86,120,122,88,112
770,39,95,126,88,89,53,137,16,10
770,40,121,25,83,62,12,0,125,32
770,41,105,69,89,33,71,77,44,102
770,42,133,72,42,17,10,96,34,35
770,43,46,114,102,139,93,107,17,3
770,44,5,117,3,93,122,135,59,118
771,3,102,95,98,18,94,86,10,50
771,4,109,38,113,97,76,83,89,77
771,5,16,129,35,8,125,135,128,20
771,6,95,51,33,61,102,11,3,52
771,7,64,59,4,104,88,131,66,110
771,8,127,44,104,86,134,137,105,95
771,9,133,69,85,112,41,64,84,111
771,10,119,9,95,23,56,10,130,71
771,11,126,84,28,73,106,65,58,10
771,12,62,124,54,21,33,32,57,0
771,13,118,112,67,66,125,63,20,78
771,14,32,41,119,35,39,123,77,91
771,15,34,137,19,78,69,132,72,115
771,16,36,92,137,103,3,12,129,121
771,17,75,9,71,49,12,128,44,96
771,18,130,19,6,77,17,30,138,81
771,19,108,11,10,17,36,38,72,88
771,20,25,50,74,17,137,124,90,130
771,21,126,65,1,116,106,62,100,72
771,22,34,39,46,67,70,25,89,90
771,23,25,117,98,34,75,86,33,69
771,24,102,72,19,66,114,84,18,126
771,25,36,126,43,100,48,113,4,5
771,26,33,66,88,92,25,89,76,109
771,27,37,141,22,112,125,127,24,80
771,28,105,90,117,82,81,8,91,69
771,29,119,14,37,103,75,87,73,10
771,30,39,46,28,34,68,74,138,92
771,31,66,1,0,85,122,106,19,143
771,32,95,32,59,33,88,102,65,20
771,33,134,104,73,119,120,68,88,75
771,34,88,108,68,43,79,24,19,47
771,35,84,128,46,45,143,14,42,53
771,36,99,133,113,90,1,48,124,132
771,37,90,123,108,114,67,66,72,57
771,38,99,141,72,70,136,30,62,25
771,39,114,130,2,88,19,86,39,79
771,40,83,48,26,98,121,29,40,65
771,41,42,30,116,13,1,26,111,86
771,42,110,42,107,91,34,37,32,121
771,43,81,139,58,63,83,20,32,127
771,44,122,13,74,16,41,76,31,142
772,3,98,5,57,43,41,39,25,77
772,4,129,83,105,4,7,100,40,18
772,5,0,104,116,83,35,121,76,86
772,6,95,40,56,43,46,118,49,71
772,7,104,116,136,52,4,41,132,137
772,8,88,44,75,39,22,122,4,26
772,9,136,41,15,58,108,111,86,119
772,10,47,69,122,58,103,53,90,50
772,11,58,67,127,117,60,29,7,100
772,12,33,62,31,57,24,90,82,54
772,13,99,118,27,91,34,125,121,43
772,14,126,32,105,7,106,103,24,82
772,15,143,45,43,32,34,117,92,69
772,16,11,36,78,12,125,22,103,113
772,17,83,56,132,55,19,9,10,50
772,18,130,31,17,12,28,106,114,73
772,19,39,38,66,140,11,60,125,94
772,20,124,25,50,1,73,75,53,129
772,21,107,126,14,139,91,104,95,142
772,22,34,39,20,77,105,138,86,8
772,23,25,130,117,77,105,8,57,133
772,24,25,102,36,118,18,135,60,37
772,25,19,20,109,113,5,43,4,17
772,26,53,82,33,26,10,68,4,24
772,27,25,119,112,22,93,88,124,59
772,28,105,77,25,61,39,43,75,81
772,29,107,53,103,87,75,25,59,29
772,30,46,39,55,130,52,134,28,47
772,31,92,127,0,15,66,85,4,101
772,32,33,135,53,41,32,96,51,63
772,33,75,65,31,88,80,93,73,81
772,34,108,131,9,79,117,20,114,40
772,35,42,97,84,80,21,128,86,116
772,36,93,133,48,76,14,6,9,90
772,37,90,93,105,77,48,6,19,67
772,38,132,70,72,61,30,101,104,20
772,39,114,142,87,125,15,42,79,34
772,40,48,80,4,32,113,118,27,104
772,41,42,50,23,18,111,128,115,67
772,42,110,42,10,107,32,121,27,137
772,43,20,83,9,132,45,63,66,130
772,44,31,32,36,97,108,55,6,58
773,3,3,61,142,77,118,90,67,99
773,4,21,51,101,124,61,72,19,70
773,5,136,20,32,35,128,127,98,86
773,6,107,52,43,123,93,99,108,134
773,7,44,112,131,87,74,93,52,137
773,8,49,38,50,62,124,68,88,58
773,9,28,73,41,86,69,94,47,38
773,10,6,47,86,20,72,55,101,97
773,11,52,95,67,11,99,20,15,35
773,12,31,47,43,33,36,138,106,76
773,13,99,39,44,26,91,43,121,13
773,14,7,6,53,126,52,91,68,77
773,15,143,19,141,32,31,4,140,71
773,16,36,12,11,109,103,33,28,90
773,17,132,75,3,19,96,12,26,44
773,18,130,19,6,35,71,30,28,17
773,19,11,10,17,114,36,38,108,20
773,20,50,124,130,74,17,75,98,1
773,21,102,69,34,71,92,91,40,138
773,22,39,14,94,34,19,48,140,8
773,23,34,137,64,57,6,128,110,25
773,24,123,4,127,97,25,119,14,72
773,25,42,4,74,78,113,0,52,7
773,26,98,24,33,49,25,37,76,122
773,27,79,119,13,92,15,132,50,58
773,28,107,34,74,141,8,21,61,2
773,29,53,13,87,37,15,62,73,75
773,30,46,57,28,64,55,123,52,117
773,31,138,92,123,51,106,32,85,135
773,32,96,143,51,131,32,84,24,74
773,33,88,132,11,112,33,32,16,104
773,34,40,36,74,20,136,117,114,60
773,35,97,57,101,143,15,36,86,81
773,36,5,93,48,82,60,43,133,90
773,37,91,50,126,9,119,100,77,106
773,38,99,25,55,27,20,74,132,128
773,39,79,117,129,120,135,52,137,43
773,40,38,48,71,92,118,125,81,44
773,41,42,50,75,121,33,102,128,76
773,42,107,32,138,13,25,42,139,64
773,43,20,9,90,112,130,52,83,58
773,44,134,11,45,34,74,110,95,143
774,3,1,33,69,57,82,71,134,7
774,4,85,138,96,43,119,100,65,84
774,5,129,37,67,138,72,70,44,104
774,6,32,38,118,141,20,49,18,61
774,7,59,88,104,45,93,131,110,74
774,8,112,82,137,25,20,84,23,138
774,9,33,72,64,143,140,69,36,53
774,10,0,31,56,41,135,90,138,69
774,11,37,34,100,110,138,98,24,35
774,12,31,122,33,106,44,30,63,138
774,13,99,14,85,98,6,143,34,13
774,14,41,84,82,77,86,91,44,123
774,15,13,29,78,95,4,141,131,137
774,16,81,140,62,22,51,125,139,98
774,17,75,12,68,9,56,28,128,100
774,18,130,6,35,103,17,30,76,77
774,19,17,102,10,11,57,37,111,69
774,20,54,135,130,121,124,17,19,129
774,21,79,138,107,34,69,71,132,99
774,22,48,14,123,94,46,67,82,15
774,23,34,115,22,117,6,57,13,51
774,24,4,48,62,87,123,127,119,85
774,25,4,74,42,113,0,52,78,119
774,26,24,98,49,83,33,127,53,122
774,27,119,79,13,15,132,92,24,58
774,28,107,141,32,34,21,8,25,90
774,29,13,53,101,62,87,73,104,75
774,30,46,57,117,28,130,52,74,55
774,31,138,123,22,92,32,61,85,134
774,32,143,93,96,37,20,36,131,104
774,33,88,132,104,11,102,32,41,73
774,34,40,74,36,77,66,39,139,0
774,35,97,137,141,87,101,46,143,5
774,36,5,82,8,60,110,43,58,48
774,37,91,108,126,50,77,23,101,100
774,38,40,99,87,20,75,116,70,98
774,39,3,56,26,115,52,43,42,60
774,40,38,118,6,82,65,73,81,12
774,41,33,50,75,63,102,44,128,24
774,42,107,8,14,34,64,80,32,126
774,43,9,73,81,90,95,130,58,120
774,44,71,69,139,8,16,128,74,85
775,3,51,71,78,36,2,38,94,61
775,4,118,105,31,78,126,33,113,70
775,5,32,93,127,76,24,140,36,33
775,6,43,21,102,65,92,120,139,135
775,7,59,122,44,101,66,36,71,103
775,8,65,38,78,3,16,75,133,55
775,9,28,44,4,129,27,81,108,73
775,10,122,47,91,115,53,18,35,58
775,11,105,67,78,9,39,106,110,24
775,12,19,132,139,42,31,119,33,70
775,13,50,109,131,41,3,132,63,2
775,14,53,52,77,105,68,103,35,79
775,15,130,32,40,35,76,125,59,100
775,16,30,35,11,113,103,68,101,33
775,17,102,56,89,3,58,121,123,142
775,18,44,136,129,58,96,65,40,53
775,19,10,58,90,142,57,54,12,44
775,20,10,130,114,76,74,113,11,86
775,21,86,69,18,5,107,88,7,132
775,22,64,1,95,47,111,123,39,70
775,23,119,18,117,51,78,6,76,128
775,24,45,111,97,130,33,101,14,124
775,25,74,42,4,113,68,52,0,43
775,26,83,98,127,110,24,122,3,53
775,27,79,119,104,139,11,13,50,59
775,28,107,141,32,65,119,2,117,21
775,29,101,13,73,87,77,62,75,21
775,30,46,57,28,52,119,10,86,130
775,31,22,85,10,80,32,23,2,19
775,32,93,143,37,52,75,36,32,15
775,33,7,48,113,98,102,11,16,15
775,34,74,6,40,28,20,36,35,115
775,35,97,121,141,101,143,21,25,14
775,36,8,82,49,60,58,48,102,14
775,37,108,38,91,29,88,48,100,50
775,38,40,111,98,79,77,17,132,94
775,39,3,129,26,56,46,43,130,83
775,40,135,20,82,6,92,73,12,44
775,41,33,44,95,102,81,111,94,15
775,42,8,14,42,136,38,115,34,135
775,43,61,37,3,23,130,139,45,21
775,44,120,119,1,127,141,11,123,89
776,3,111,70,36,51,11,77,13,64
776,4,131,125,121,13,51,56,133,34
776,5,76,44,62,24,53,124,23,58
776,6,103,107,102,112,41,87,11,37
776,7,104,36,82,101,70,41,127,118
776,8,19,65,67,10,124,57,114,12
776,9,28,4,8,140,75,67,27,113
776,10,122,34,18,47,52,91,109,76
776,11,105,67,107,121,141,45,115,35
776,12,19,70,117,4,68,22,57,138
776,13,109,41,50,55,114,34,116,78
776,14,53,35,52,68,110,90,38,111
776,15,82,130,67,125,24,80,59,131
776,16,30,13,65,35,105,117,67,128
776,17,102,56,89,3,81,96,71,128
776,18,136,125,58,44,88,79,40,81
776,19,10,142,30,117,18,54,36,44
776,20,114,10,9,1,41,86,78,128
776,21,86,94,42,104,14,130,5,88
776,22,1,64,47,40,80,41,26,44
776,23,119,117,14,6,68,120,102,39
776,24,45,111,130,97,90,10,85,65
776,25,42,4,0,113,74,68,119,7
776,26,83,98,73,127,122,3,26,84
776,27,119,32,79,13,132,141,139,124
776,28,141,26,107,90,33,25,91,117
776,29,13,4,104,73,37,87,98,80
776,30,97,57,28,83,119,110,51,77
776,31,49,22,71,123,113,23,133,130
776,32,75,96,51,6,115,10,84,41
776,33,7,32,109,11,102,87,138,85
776,34,74,6,39,13,136,78,88,83
776,35,141,121,101,48,5,120,45,41
776,36,66,48,57,8,83,116,60,59
776,37,38,100,108,102,18,140,77,68
776,38,60,99,77,40,117,49,111,93
776,39,3,115,87,26,135,113,79,118
776,40,73,82,6,131,106,119,65,40
776,41,33,81,95,1,110,138,80,69
776,42,8,14,86,136,10,34,64,114
776,43,61,37,130,142,90,139,125,107
776,44,1,127,12,57,59,123,113,141
777,3,79,64,56,71,11,84,51,44
777,4,118,80,56,21,7,90,66,55
777,5,13,72,5,33,38,28,124,23
777,6,102,57,105,122,43,100,37,107
777,7,132,110,101,59,4,130,52,2
777,8,67,65,16,38,78,12,58,108
777,9,105,56,44,87,84,8,101,67
777,10,122,47,3,105,95,21,97,23
777,11,78,105,67,35,31,95,27,98
777,12,19,132,100,117,128,109,119,63
777,13,50,109,41,25,34,20,33,35
777,14,53,52,35,46,68,32,22,57
777,15,130,131,57,69,107,103,35,81
777,16,13,35,30,137,105,103,67,19
777,17,81,56,137,71,47,109,24,3
777,18,136,6,58,130,123,101,30,38
777,19,10,142,90,108,112,3,36,15
777,20,74,137,17,8,40,129,56,135
777,21,2,106,88,116,86,100,7,69
777,22,70,39,25,143,109,95,30,47
777,23,6,10,117,137,119,12,102,104
777,24,45,133,84,14,97,6,72,90
777,25,42,74,52,4,38,113,78,0
777,26,83,98,127,3,113,73,84,110
777,27,119,79,32,139,132,24,11,13
777,28,141,107,26,117,91,56,21,18
777,29,13,4,104,53,73,87,74,131
777,30,97,6,10,57,101,88,119,112
777,31,49,22,123,32,85,119,130,46
777,32,75,22,120,51,5,15,32,96
777,33,7,32,109,102,128,11,86,138
777,34,74,6,13,39,98,88,83,28
777,35,141,121,101,48,18,25,97,67
777,36,12,59,57,49,48,8,103,7
777,37,38,108,100,102,77,12,73,72
777,38,60,111,77,117,40,99,132,97
777,39,3,115,26,30,87,135,137,118
777,40,82,131,6,73,106,135,65,79
777,41,33,81,95,80,1,76,96,11
777,42,14,8,86,136,64,34,10,60
777,43,37,61,130,90,142,53,4,125
777,44,1,12,59,89,17,143,140,19
778,3,60,70,136,75,51,93,14,41
778,4,32,125,107,86,122,92,87,20
778,5,32,61,102,22,116,114,139,52
778,6,128,6,124,34,45,83,53,73
778,7,17,22,104,103,36,13,130,82
778,8,140,55,30,10,72,61,46,85
778,9,141,71,11,122,88,15,27,128
778,10,35,101,122,26,110,15,40,108
778,11,67,36,99,85,73,55,79,11
778,12,117,70,96,2,87,71,46,65
778,13,123,62,126,65,56,78,51,130
778,14,141,90,52,44,8,63,53,30
778,15,19,123,58,133,80,0,14,35
778,16,54,48,92,125,85,76,28,83
778,17,22,94,126,81,57,95,109,72
778,18,58,136,44,130,42,131,96,123
778,19,10,14,109,87,58,27,20,36
778,20,74,106,10,137,53,55,14,98
778,21,86,5,88,80,123,142,100,92
778,22,47,128,39,112,113,42,77,4
778,23,107,12,136,82,66,51,102,6
778,24,106,44,10,97,100,80,45,112
778,25,42,63,113,52,38,74,87,29
778,26,98,83,127,103,131,3,122,26
778,27,49,102,79,13,81,111,52,132
778,28,56,107,141,74,140,132,8,25
778,29,13,24,143,73,87,62,97,104
778,30,112,101,46,117,109,131,10,119
778,31,91,31,141,61,0,46,130,85
778,32,99,20,22,24,37,36,109,76
778,33,7,136,16,102,11,100,66,23
778,34,36,43,88,15,19,98,21,33
778,35,21,101,36,46,77,133,41,86
778,36,103,32,82,14,133,41,48,7
778,37,43,94,33,69,105,29,23,100
778,38,132,142,2,40,141,114,87,128
778,39,114,131,100,83,42,34,130,87
778,40,56,82,80,131,14,142,40,113
778,41,80,105,109,33,13,111,89,1
778,42,135,96,38,42,64,8,84,34
778,43,69,112,140,67,90,3,139,107
778,44,41,63,90,51,85,123,34,136
779,3,98,5,104,83,19,74,54,139
779,4,50,1,115,66,18,56,28,122
779,5,83,97,20,36,136,68,89,43
779,6,40,10,43,95,21,46,139,1
779,7,136,104,59,53,132,137,5,65
779,8,74,116,68,20,12,72,30,71
779,9,85,96,29,120,67,52,36,128
779,10,56,80,124,13,23,82,128,63
779,11,114,84,73,113,67,92,23,39
779,12,35,23,9,117,130,46,71,114
779,13,2,136,40,56,30,13,126,20
779,14,54,126,10,141,44,90,122,30
779,15,42,48,117,133,69,77,96,19
779,16,35,68,78,103,30,119,74,105
779,17,22,56,122,89,57,94,74,128
779,18,44,136,58,120,53,111,8,17
779,19,10,58,90,142,54,12,21,48
779,20,98,10,130,74,76,11,135,15
779,21,7,76,107,5,79,86,63,88
779,22,47,39,1,14,41,78,25,70
779,23,12,136,9,117,47,6,129,51
779,24,106,66,97,39,85,124,10,84
779,25,42,113,52,74,63,119,102,30
779,26,98,127,131,83,122,36,143,140
779,27,49,79,13,81,132,24,124,111
779,28,107,56,141,74,8,119,48,25
779,29,13,143,24,87,73,100,75,62
779,30,112,109,46,117,10,119,66,123
779,31,141,61,91,127,85,102,32,19
779,32,20,37,99,24,141,76,51,75
779,33,136,16,11,41,84,79,9,102
779,34,11,98,21,79,19,36,43,33
779,35,36,101,77,143,14,116,0,72
779,36,103,82,119,14,8,6,43,7
779,37,43,101,105,69,78,29,47,77
779,38,142,114,40,141,88,2,55,15
779,39,131,42,0,34,75,108,100,52
779,40,84,73,62,82,131,113,68,14
779,41,33,13,120,20,131,123,71,130
779,42,14,64,13,8,100,42,137,104
779,43,68,37,21,90,112,47,80,29
779,44,97,67,135,101,88,141,15,35
780,3,41,143,91,93,43,113,114,129
780,4,70,32,127,122,2,9,90,11
780,5,131,36,111,14,116,15,114,128
780,6,124,85,49,134,46,113,8,71
780,7,17,9,104,53,36,132,96,67
780,8,128,12,72,71,62,46,133,40
780,9,97,143,37,38,116,134,14,88
780,10,113,123,82,86,18,89,75,24
780,11,67,117,73,92,46,83,39,80
780,12,69,70,134,71,58,38,14,10
780,13,81,5,80,126,26,62,34,51
780,14,14,52,0,141,77,56,51,103
780,15,19,108,139,1,9,44,51,141
780,16,48,85,103,115,100,86,43,98
780,17,115,140,81,57,142,1,26,36
780,18,58,143,125,39,45,28,1,93
780,19,10,52,115,108,36,7,87,94
780,20,74,9,99,55,42,32,44,50
780,21,88,121,74,0,29,95,111,104
780,22,62,101,136,0,4,130,6,29
780,23,29,78,3,6,36,104,108,5
780,24,82,97,10,110,103,105,53,54
780,25,42,74,126,22,20,40,54,30
780,26,98,122,136,84,114,113,0,1
780,27,79,111,52,89,124,24,97,132
780,28,141,107,138,8,68,25,95,116
780,29,13,143,110,87,73,100,75,56
780,30,109,46,143,131,119,96,50,123
780,31,91,30,106,61,76,32,82,114
780,32,20,99,32,36,84,59,110,69
780,33,136,40,75,41,80,11,79,112
780,34,11,6,79,115,77,70,72,52
780,35,109,36,124,131,77,41,116,138
780,36,95,48,50,133,49,96,72,119
780,37,43,82,54,110,12,78,98,19
780,38,2,78,94,71,79,140,88,120
780,39,25,114,83,79,10,40,137,88
780,40,62,58,32,82,98,40,68,44
780,41,143,33,124,123,85,112,130,131
780,42,3,133,64,13,102,10,134,95
780,43,85,46,0,102,90,36,112,24
780,44,94,50,63,48,136,92,49,141
781,3,140,78,10,91,51,112,52,5
781,4,95,133,121,69,143,51,37,16
781,5,111,142,36,27,80,136,34,15
781,6,94,111,123,71,133,89,52,1
781,7,104,17,139,53,108,83,80,101
781,8,100,99,75,124,28,136,40,103
781,9,11,130,37,143,101,34,57,118
781,10,48,3,14,82,69,123,60,90
781,11,73,41,124,85,67,75,13,39
781,12,9,70,115,35,65,133,117,124
781,13,69,56,80,51,126,20,24,139
781,14,90,14,128,52,122,47,68,109
781,15,19,101,80,1,59,51,62,24
781,16,48,105,115,92,60,35,30,98
781,17,57,115,1,36,140,81,109,28
781,18,143,136,58,39,131,104,28,17
781,19,10,115,36,142,34,56,88,8
781,20,36,44,74,9,14,29,54,47
781,21,0,88,12,74,84,121,104,91
781,22,53,136,62,42,1,101,137,16
781,23,106,79,26,86,76,94,36,38
781,24,97,10,69,129,112,57,8,4
781,25,42,74,52,113,125,112,102,76
781,26,114,98,113,50,122,68,61,127
781,27,79,13,109,81,24,49,28,92
781,28,107,56,12,95,74,65,124,8
781,29,13,87,73,35,75,62,68,56
781,30,109,68,143,73,131,46,54,55
781,31,30,91,85,106,76,102,2,112
781,32,20,36,99,32,24,33,37,76
781,33,136,75,40,11,80,9,41,38
781,34,11,79,70,33,52,117,88,109
781,35,23,131,16,138,36,124,50,100
781,36,95,133,9,48,124,50,109,6
781,37,54,78,43,110,88,108,126,51
781,38,78,142,2,20,71,141,122,18
781,39,25,114,10,79,15,43,26,42
781,40,62,25,44,65,40,82,121,68
781,41,105,33,143,89,103,17,44,48
781,42,133,34,102,5,137,41,10,72
781,43,102,114,99,112,46,3,101,93
781,44,117,59,49,87,34,48,22,135
782,3,102,38,54,123,10,46,57,134
782,4,38,113,60,74,135,130,26,83
782,5,16,20,36,8,128,25,129,111
782,6,62,51,3,133,95,24,82,66
782,7,64,37,110,132,112,80,111,134
782,8,136,30,134,121,127,99,21,100
782,9,55,69,5,143,138,32,42,86
782,10,119,103,57,12,81,9,79,24
782,11,90,73,102,39,65,54,71,59
782,12,70,9,101,46,82,124,71,136
782,13,51,89,133,34,78,126,103,57
782,14,90,52,53,63,91,8,141,107
782,15,19,1,39,9,44,94,31,100
782,16,15,63,48,0,19,31,67,76
782,17,20,142,91,94,36,128,80,34
782,18,58,130,46,42,30,125,106,128
782,19,10,11,57,34,122,108,87,54
782,20,74,76,50,32,130,17,137,53
782,21,88,40,54,17,92,111,134,129
782,22,94,29,62,12,51,109,30,18
782,23,6,137,64,4,3,63,11,102
782,24,97,69,119,12,14,4,6,13
782,25,78,42,74,35,58,43,54,113
782,26,98,66,113,109,1,53,35,49
782,27,79,97,92,127,93,124,59,30
782,28,34,74,67,65,106,140,1,112
782,29,121,13,18,20,43,50,63,26
782,30,59,46,57,29,34,131,96,120
782,31,124,113,125,123,9,85,83,54
782,32,42,2,78,44,110,73,130,68
782,33,40,39,104,32,73,86,129,89
782,34,83,98,13,80,36,75,68,79
782,35,49,101,127,19,125,124,46,54
782,36,12,116,51,136,48,15,58,63
782,37,14,15,64,16,99,113,27,12
782,38,40,89,60,109,9,25,69,44
782,39,115,28,86,67,60,134,127,71
782,40,133,126,143,106,5,46,134,6
782,41,76,33,68,57,138,6,118,107
782,42,58,64,18,8,17,6,103,37
782,43,90,46,24,102,20,33,79,99
782,44,122,31,94,143,93,48,66,102
783,3,126,94,142,74,24,136,66,56
783,4,93,4,127,56,6,39,66,113
783,5,97,37,71,20,52,68,127,110
783,6,62,40,50,14,51,55,49,126
783,7,125,35,20,137,104,39,74,12
783,8,100,125,15,99,59,17,12,1
783,9,6,3,58,78,143,128,79,1
783,10,36,128,139,46,90,92,12,62
783,11,90,54,123,143,73,44,102,67
783,12,136,9,61,117,133,71,46,97
783,13,51,133,66,35,24,103,126,20
783,14,75,90,127,52,91,141,107,8
783,15,19,33,1,72,99,15,23,79
783,16,142,92,55,53,115,61,105,103
783,17,83,89,122,99,16,68,71,128
783,18,136,6,106,39,104,113,53,17
783,19,10,104,90,112,36,119,94,46
783,20,88,36,11,102,98,76,58,134
783,21,143,84,0,2,139,88,92,120
783,22,100,10,53,77,102,134,71,143
783,23,59,56,48,33,61,102,129,85
783,24,70,66,97,39,85,129,54,10
783,25,42,47,74,113,125,138,106,29
783,26,114,76,90,140,12,122,3,46
783,27,79,109,112,24,105,33,52,58
783,28,107,74,8,13,61,25,45,43
783,29,107,13,53,87,75,65,10,103
783,30,109,46,28,52,125,96,119,74
783,31,94,19,85,142,0,127,54,109
783,32,33,27,32,41,36,59,20,24
783,33,75,136,65,9,138,79,31,24
783,34,9,21,52,79,140,88,81,108
783,35,128,102,131,50,78,36,143,138
783,36,95,6,109,133,119,132,41,90
783,37,90,108,105,54,69,20,18,77
783,38,132,133,2,9,74,20,15,34
783,39,114,25,26,137,87,42,118,34
783,40,25,48,65,62,118,113,46,39
783,41,42,33,143,120,115,85,15,130
783,42,14,34,121,13,18,10,42,137
783,43,103,68,20,109,112,66,100,90
783,44,97,67,101,49,38,107,135,48
784,3,120,143,107,46,89,85,29,97
784,4,67,133,68,136,121,134,77,129
784,5,58,82,116,142,14,104,128,121
784,6,4,124,28,46,134,39,123,37
784,7,36,13,35,139,64,17,87,96
784,8,140,11,55,46,75,124,18,95
784,9,11,41,113,10,128,59,143,81
784,10,113,8,68,92,123,6,40,76
784,11,83,68,73,123,100,87,112,143
784,12,136,70,61,117,64,71,114,32
784,13,51,73,133,66,34,116,20,24
784,14,90,14,75,52,103,82,28,17
784,15,19,33,139,14,1,123,99,100
784,16,48,92,105,103,19,127,67,18
784,17,115,99,15,75,71,128,48,1
784,18,58,143,136,39,6,135,96,113
784,19,10,104,14,112,36,132,87,46
784,20,74,92,88,44,69,17,36,53
784,21,84,88,143,0,92,12,102,91
784,22,53,136,4,100,113,0,41,89
784,23,106,110,34,3,48,26,121,75
784,24,4,97,8,70,10,119,14,113
784,25,42,0,78,4,113,52,38,74
784,26,98,24,114,127,49,136,29,103
784,27,119,79,15,52,125,92,132,24
784,28,34,107,135,18,74,132,21,25
784,29,53,13,107,73,15,87,75,103
784,30,28,46,57,60,2,24,86,76
784,31,138,85,94,137,46,123,13,61
784,32,143,96,88,32,26,41,115,57
784,33,104,75,88,132,73,11,102,99
784,34,108,36,52,51,117,27,140,114
784,35,77,14,133,130,102,27,20,57
784,36,14,90,5,49,133,6,143,1
784,37,100,6,143,67,19,90,21,54
784,38,99,119,132,128,20,74,141,114
784,39,114,25,79,43,129,130,34,42
784,40,48,82,25,139,110,44,14,7
784,41,42,50,130,1,89,85,44,13
784,42,32,121,23,73,34,13,103,42
784,43,20,47,9,112,130,139,84,60
784,44,110,134,143,95,74,56,6,45
785,3,1,33,69,57,82,48,94,71
785,4,85,138,53,84,76,89,61,96
785,5,129,138,111,89,67,68,137,107
785,6,32,38,118,141,81,49,20,31
785,7,88,59,110,81,66,45,50,8
785,8,112,82,20,138,12,25,99,132
785,9,33,72,140,34,143,36,29,73
785,10,31,56,45,0,103,140,90,101
785,11,37,34,100,110,35,115,99,73
785,12,20,122,21,14,33,61,136,71
785,13,14,85,51,2,66,6,56,13
785,14,41,86,107,90,91,75,4,141
785,15,13,29,19,51,15,131,11,123
785,16,81,62,103,31,126,117,67,89
785,17,75,46,102,57,10,114,121,92
785,18,48,136,58,39,6,125,26,79
785,19,57,10,142,36,24,12,34,137
785,20,74,10,36,130,92,17,54,88
785,21,138,36,88,6,100,69,63,92
785,22,123,17,53,41,39,89,99,14
785,23,22,34,115,57,51,114,137,23
785,24,4,48,62,72,53,70,97,74
785,25,74,0,4,113,78,42,132,52
785,26,49,24,98,65,29,10,37,70
785,27,119,79,15,132,93,49,92,125
785,28,34,107,69,74,8,138,25,124
785,29,53,13,143,73,62,15,75,87
785,30,46,2,57,28,68,24,86,131
785,31,138,85,126,123,9,45,114,122
785,32,143,32,115,20,41,39,24,88
785,33,104,88,132,100,139,40,63,58
785,34,132,36,107,136,42,81,117,33
785,35,137,14,45,31,8,21,134,102
785,36,49,5,14,136,60,6,135,110
785,37,101,117,100,67,54,50,105,138
785,38,119,99,8,9,51,55,20,114
785,39,2,42,128,79,83,52,43,51
785,40,38,82,113,110,44,128,91,72
785,41,50,13,63,3,102,86,138,41
785,42,107,80,121,8,34,17,64,137
785,43,9,90,81,73,130,95,47,63
785,44,8,69,139,71,16,70,74,128
786,3,100,94,76,58,44,39,68,137
786,4,17,54,87,60,99,121,130,91
786,5,111,90,26,122,70,23,76,32
786,6,65,9,15,69,53,82,120,3
786,7,73,110,59,108,104,52,92,53
786,8,108,56,79,12,133,118,99,139
786,9,0,7,69,108,136,143,118,36
786,10,23,74,115,69,66,90,94,85
786,11,67,135,10,7,77,111,5,35
786,12,56,53,42,132,138,90,33,21
786,13,30,126,50,13,35,38,111,49
786,14,112,105,70,77,40,91,141,123
786,15,71,130,55,69,140,115,9,32
786,16,11,67,103,57,117,121,54,0
786,17,19,9,78,56,118,75,1,6
786,18,130,6,58,79,17,111,117,28
786,19,11,108,10,36,142,12,88,46
786,20,98,74,75,25,130,17,76,119
786,21,79,69,76,35,100,92,88,7
786,22,95,39,16,70,116,14,85,30
786,23,137,12,106,44,113,42,36,0
786,24,6,120,39,14,97,21,53,72
786,25,78,42,113,30,74,52,112,68
786,26,49,98,43,29,122,136,111,45
786,27,79,49,15,13,119,32,139,92
786,28,34,56,107,69,74,90,21,117
786,29,13,143,12,87,73,135,75,106
786,30,73,2,46,117,83,15,96,115
786,31,138,106,85,126,31,3,32,71
786,32,36,93,20,32,37,116,84,74
786,33,40,104,134,73,63,11,100,79
786,34,11,121,19,107,21,43,42,52
786,35,137,8,27,130,4,5,54,10
786,36,103,41,76,49,6,133,124,110
786,37,101,117,53,29,105,108,52,104
786,38,49,142,100,8,55,141,20,114
786,39,24,137,130,129,50,108,79,100
786,40,115,84,121,44,32,104,40,110
786,41,72,108,141,118,86,77,15,139
786,42,14,132,51,16,73,135,67,119
786,43,90,114,47,21,83,1,4,112
786,44,117,93,48,11,89,135,99,59
787,3,25,104,0,24,88,44,11,10
787,4,23,10,104,39,143,8,67,3
787,5,126,104,78,35,38,51,7,85
787,6,15,10,24,117,74,71,43,3
787,7,104,129,110,74,73,132,59,17
787,8,59,42,133,56,92,25,61,139
787,9,113,35,86,36,5,81,34,103
787,10,4,75,23,136,100,1,130,78
787,11,67,29,45,27,117,14,7,35
787,12,70,56,34,53,51,123,136,99
787,13,6,78,30,8,34,57,126,20
787,14,138,32,52,25,78,69,100,21
787,15,38,87,1,11,80,135,92,44
787,16,46,112,87,20,101,94,119,138
787,17,129,34,138,131,6,85,140,119
787,18,122,119,115,120,84,69,72,81
787,19,21,12,22,73,40,136,33,106
787,20,31,73,64,68,1,79,81,134
787,21,27,68,63,124,91,134,122,132
787,22,142,23,22,41,106,78,98,13
787,23,6,70,2,51,133,37,64,127
787,24,79,103,53,69,92,74,43,84
787,25,139,60,40,79,74,91,76,31
787,26,15,0,79,22,122,91,18,70
787,27,92,93,24,113,30,31,114,58
787,28,33,20,48,95,126,21,86,10
787,29,74,130,62,87,103,81,29,113
787,30,126,43,141,80,58,42,9,75
787,31,57,48,124,109,10,68,137,130
787,32,57,117,138,131,87,115,135,14
787,33,85,1,5,14,121,41,67,73
787,34,25,75,119,123,39,23,50,3
787,35,98,15,42,106,57,72,55,127
787,36,96,99,65,97,100,49,124,113
787,37,45,74,44,139,9,46,135,105
787,38,131,54,67,76,12,100,7,32
787,39,43,108,136,49,15,2,60,121
787,40,7,3,137,78,104,98,81,118
787,41,57,44,63,26,109,138,129,71
787,42,14,10,39,107,141,6,48,8
787,43,90,24,123,95,129,3,47,4
787,44,139,70,11,89,94,32,93,128
788,3,107,60,142,85,140,127,14,52
788,4,95,68,34,59,133,116,11,108
788,5,56,58,105,34,89,102,25,116
788,6,124,134,89,130,15,74,87,43
788,7,104,82,17,132,23,65,130,78
788,8,55,136,62,46,60,69,75,30
788,9,11,41,88,128,34,15,27,94
788,10,113,35,14,85,30,101,68,130
788,11,73,83,67,61,39,19,115,98
788,12,70,117,1,9,82,86,75,49
788,13,123,112,81,58,136,53,116,126
788,14,90,14,52,122,0,35,51,103
788,15,19,96,60,100,105,1,123,24
788,16,48,105,103,19,5,2,120,92
788,17,115,57,114,140,12,121,36,129
788,18,58,143,46,136,113,10,30,84
788,19,10,142,108,48,115,9,36,41
788,20,74,27,98,3,50,20,17,44
788,21,88,143,12,89,13,100,0,92
788,22,136,16,53,113,20,143,90,44
788,23,106,42,94,98,7,3,26,6
788,24,97,4,6,42,129,10,72,57
788,25,42,78,113,50,74,52,112,132
788,26,98,114,33,136,89,122,127,0
788,27,79,15,81,49,13,125,92,111
788,28,34,56,107,138,74,21,8,33
788,29,13,12,143,73,33,87,62,5
788,30,73,2,88,130,68,53,34,93
788,31,30,35,3,2,91,85,106,0
788,32,93,84,36,32,76,115,51,27
788,33,40,134,136,73,41,11,79,96
788,34,11,121,43,79,109,33,19,3
788,35,45,8,77,130,36,62,33,101
788,36,95,103,133,113,6,48,49,9
788,37,117,0,121,88,53,110,124,105
788,38,100,49,8,61,2,121,27,20
788,39,44,83,10,93,95,126,69,131
788,40,121,131,73,82,44,65,37,27
788,41,105,77,94,40,142,89,51,69
788,42,102,34,121,73,5,22,21,10
788,43,46,102,106,10,63,130,84,47
788,44,94,64,89,17,15,34,85,123
789,3,4,67,83,71,13,60,26,74
789,4,0,50,130,64,66,39,135,55
789,5,97,9,86,141,128,131,140,35
789,6,40,122,86,123,55,87,129,54
789,7,73,11,12,104,111,141,74,80
789,8,105,44,30,99,91,139,62,74
789,9,49,6,130,120,116,43,64,34
789,10,104,36,92,143,70,18,69,101
789,11,21,90,54,2,117,60,140,73
789,12,124,9,4,117,71,97,103,53
789,13,136,51,118,40,112,122,77,133
789,14,97,90,122,63,91,28,123,42
789,15,104,19,98,47,51,1,80,9
789,16,92,137,103,68,52,131,77,30
789,17,75,122,89,139,57,44,91,19
789,18,58,6,130,123,136,19,79,84
789,19,10,108,72,17,88,117,137,90
789,20,74,98,25,17,75,88,133,28
789,21,143,79,112,116,76,88,100,7
789,22,16,39,99,11,143,67,53,70
789,23,136,56,106,12,42,25,112,36
789,24,66,39,97,6,10,129,29,13
789,25,42,78,50,113,126,74,43,30
789,26,33,98,127,114,29,76,113,34
789,27,79,49,13,81,52,105,139,132
789,28,56,34,13,107,10,75,91,84
789,29,13,14,87,143,20,24,74,134
789,30,39,73,34,53,68,130,93,88
789,31,66,0,94,3,85,54,50,64
789,32,65,36,20,124,32,88,139,135
789,33,134,139,80,20,73,9,138,31
789,34,11,33,2,91,107,121,143,88
789,35,33,46,128,116,143,130,27,75
789,36,95,64,22,6,1,119,94,48
789,37,57,48,108,19,20,36,129,12
789,38,121,122,112,20,120,101,119,71
789,39,95,79,83,117,131,130,26,69
789,40,121,131,0,73,44,84,82,113
789,41,120,86,77,71,131,94,40,139
789,42,14,104,34,22,42,121,10,134
789,43,68,66,37,103,90,83,47,63
789,44,67,1,97,123,135,76,143,17
790,3,60,70,136,75,93,14,84,2
790,4,32,107,86,87,125,134,3,11
790,5,128,120,110,14,114,32,116,102
790,6,124,128,6,53,34,83,123,69
790,7,17,37,80,19,65,13,52,70
790,8,140,30,55,72,85,61,124,71
790,9,141,41,11,71,15,112,131,27
790,10,101,113,110,123,26,14,44,140
790,11,83,99,73,21,11,79,67,36
790,12,117,70,2,71,60,10,0,136
790,13,81,51,56,118,26,120,122,63
790,14,141,90,14,44,122,47,30,16
790,15,19,15,123,58,14,80,115,133
790,16,92,48,4,125,54,103,79,85
790,17,115,75,26,57,95,114,71,12
790,18,58,136,143,39,6,8,79,113
790,19,10,108,137,142,22,102,34,41
790,20,74,3,44,36,88,47,54,125
790,21,84,116,88,114,142,0,92,143
790,22,136,1,77,53,113,70,16,96
790,23,48,43,128,26,3,44,118,69
790,24,8,137,70,10,72,25,84,101
790,25,36,50,113,20,126,10,109,114
790,26,33,88,92,66,25,0,85,76
790,27,37,125,105,15,112,33,24,9
790,28,105,34,33,82,97,43,117,61
790,29,14,119,122,103,87,75,6,37
790,30,39,46,28,68,34,138,115,127
790,31,66,0,85,94,127,51,137,46
790,32,65,36,116,95,32,136,88,27
790,33,134,63,73,14,79,20,0,89
790,34,108,24,11,68,120,43,109,26
790,35,84,45,46,143,128,59,82,42
790,36,95,90,0,97,124,132,6,119
790,37,57,108,123,59,7,72,41,48
790,38,8,141,34,20,121,96,88,55
790,39,95,39,130,136,137,117,109,69
790,40,121,0,83,140,25,104,113,26
790,41,105,89,128,50,13,123,111,26
790,42,66,42,10,27,84,105,91,1
790,43,46,63,83,139,10,60,76,42
790,44,122,110,81,0,49,92,51,123
791,3,72,102,98,48,73,54,58,94
791,4,109,91,97,36,39,84,83,77
791,5,108,32,109,104,89,35,113,134
791,6,51,61,3,31,97,11,62,78
791,7,23,64,69,110,98,132,4,52
791,8,127,44,104,79,105,21,134,20
791,9,133,85,41,112,131,20,111,43
791,10,119,56,9,18,10,71,13,52
791,11,126,84,28,73,101,59,115,106
791,12,62,124,54,33,138,57,14,91
791,13,118,66,67,63,20,30,125,53
791,14,32,97,41,119,122,57,23,35
791,15,34,137,19,78,132,69,112,94
791,16,36,92,103,137,3,102,83,21
791,17,75,9,1,44,36,71,114,128
791,18,130,58,19,6,71,123,8,81
791,19,11,108,38,72,36,10,137,88
791,20,74,25,17,124,76,67,141,75
791,21,126,116,64,65,137,62,91,110
791,22,34,70,39,67,90,15,143,93
791,23,25,43,112,1,34,10,82,98
791,24,102,69,54,19,63,101,96,90
791,25,36,50,28,81,113,20,5,10
791,26,33,66,92,88,76,19,139,10
791,27,37,54,105,11,33,117,9,95
791,28,105,103,10,90,96,8,25,117
791,29,53,119,14,122,91,87,37,88
791,30,138,86,39,34,28,50,45,19
791,31,66,109,142,1,126,46,143,35
791,32,128,62,102,121,24,33,76,138
791,33,14,81,20,65,73,79,5,138
791,34,113,55,142,52,120,78,136,117
791,35,46,88,136,129,86,72,123,80
791,36,88,25,97,129,139,90,124,1
791,37,88,136,59,65,97,25,9,64
791,38,12,29,32,87,84,25,100,6
791,39,110,44,27,102,19,79,70,16
791,40,104,94,143,14,80,110,65,118
791,41,100,135,92,114,51,24,15,41
791,42,91,10,110,18,42,37,32,39
791,43,81,32,24,83,63,130,139,47
791,44,122,13,16,0,42,102,81,92
792,3,5,98,57,43,138,25,41,39
792,4,129,83,88,100,39,21,7,40
792,5,0,121,115,139,116,71,4,35
792,6,95,56,40,43,46,49,3,118
792,7,116,136,5,104,132,4,41,11
792,8,88,44,75,22,124,39,26,71
792,9,136,41,15,58,73,13,94,95
792,10,47,69,53,103,59,90,67,50
792,11,58,127,67,77,29,117,7,4
792,12,33,62,31,57,24,14,138,124
792,13,99,118,27,91,125,42,116,20
792,14,126,32,7,77,106,6,37,19
792,15,143,45,43,34,89,92,140,100
792,16,36,109,11,137,12,125,100,57
792,17,97,132,71,131,142,34,96,85
792,18,139,130,70,20,141,37,4,28
792,19,94,140,0,33,118,77,121,42
792,20,135,79,32,121,65,12,140,13
792,21,115,68,103,63,132,64,73,49
792,22,23,19,65,51,98,106,78,12
792,23,134,6,140,2,101,133,41,137
792,24,22,69,54,56,86,103,14,142
792,25,74,35,69,43,54,18,109,60
792,26,7,66,97,113,109,27,30,1
792,27,79,97,104,93,11,108,59,77
792,28,67,106,46,7,98,34,51,29
792,29,121,43,42,18,50,3,44,74
792,30,46,29,75,116,59,32,131,23
792,31,8,108,124,125,76,85,80,75
792,32,44,29,42,117,57,59,88,4
792,33,39,106,86,63,8,46,85,112
792,34,83,13,40,80,104,107,26,98
792,35,127,19,85,49,124,101,83,16
792,36,15,58,116,96,51,103,16,26
792,37,14,45,135,95,3,99,9,114
792,38,68,40,9,44,84,41,73,53
792,39,60,86,28,92,105,67,140,39
792,40,143,5,126,59,43,133,109,37
792,41,68,45,10,115,50,42,87,58
792,42,58,110,18,1,41,46,64,51
792,43,20,24,104,45,79,90,124,47
792,44,31,93,97,13,108,19,83,89
793,3,3,61,77,142,118,90,67,99
793,4,21,51,124,61,19,72,65,101
793,5,136,20,32,128,89,35,46,127
793,6,107,52,123,43,93,99,3,108
793,7,44,131,112,8,87,4,93,74
793,8,49,50,38,62,124,58,9,133
793,9,28,73,86,116,20,38,94,69
793,10,6,101,110,88,72,55,73,139
793,11,95,52,99,20,11,15,100,60
793,12,31,47,33,43,36,71,63,106
793,13,99,39,44,26,43,121,103,116
793,14,7,6,107,91,77,126,50,64
793,15,143,105,4,89,43,92,121,51
793,16,109,36,51,103,12,137,125,97
793,17,75,114,46,91,9,44,108,26
793,18,130,58,35,6,79,103,19,71
793,19,57,10,11,121,17,130,137,37
793,20,76,75,124,74,54,19,130,66
793,21,137,138,107,79,6,139,36,66
793,22,34,19,90,131,67,77,94,123
793,23,34,117,57,112,18,87,128,102
793,24,127,119,48,36,25,4,109,60
793,25,4,74,36,101,0,113,5,43
793,26,24,65,51,98,92,0,76,111
793,27,79,116,67,55,37,127,95,92
793,28,141,32,117,61,25,8,21,124
793,29,104,121,130,87,103,68,53,69
793,30,46,90,130,34,55,57,28,131
793,31,92,138,85,123,130,15,51,109
793,32,143,53,96,33,26,104,59,117
793,33,88,132,16,65,102,34,79,125
793,34,108,40,9,51,3,120,107,26
793,35,14,42,128,86,10,75,116,133
793,36,5,93,124,90,6,49,92,133
793,37,6,81,77,23,93,47,16,48
793,38,19,56,59,62,99,18,141,8
793,39,115,114,47,69,15,125,81,137
793,40,48,44,118,51,39,32,3,80
793,41,42,50,13,122,120,44,75,131
793,42,107,32,8,52,80,119,139,73
793,43,20,9,58,1,112,130,10,120
793,44,134,45,95,15,49,86,81,110
794,3,1,33,69,57,82,94,54,7
794,4,85,138,89,96,108,76,67,49
794,5,121,89,129,137,37,44,107,20
794,6,32,38,141,20,118,137,49,61
794,7,88,59,110,45,93,91,121,8
794,8,112,82,138,20,137,31,122,23
794,9,33,53,36,72,143,64,140,73
794,10,31,0,56,41,10,87,142,49
794,11,37,34,100,64,110,98,5,138
794,12,31,122,33,44,63,90,106,138
794,13,14,99,85,6,140,33,91,143
794,14,41,84,77,123,91,82,9,86
794,15,13,29,95,46,109,15,69,131
794,16,81,140,51,62,50,22,125,79
794,17,9,75,58,78,138,28,56,55
794,18,35,119,30,51,3,79,110,12
794,19,57,111,121,37,3,94,10,12
794,20,60,76,75,130,135,54,119,121
794,21,79,69,18,6,107,132,71,34
794,22,123,48,94,91,14,50,141,2
794,23,117,22,115,34,112,6,86,13
794,24,48,62,119,69,4,87,133,54
794,25,74,4,113,42,0,36,13,107
794,26,98,65,24,3,25,49,53,45
794,27,79,55,132,93,127,124,137,28
794,28,141,32,34,107,117,8,25,128
794,29,104,13,117,53,121,101,87,11
794,30,46,90,57,130,62,131,74,99
794,31,138,23,22,113,85,124,123,130
794,32,143,20,75,33,104,93,26,27
794,33,88,16,48,132,32,40,8,130
794,34,40,55,36,139,85,117,136,33
794,35,103,101,116,54,10,95,106,130
794,36,5,82,68,138,141,49,110,6
794,37,83,48,5,77,16,47,72,81
794,38,99,40,55,87,98,134,8,34
794,39,115,44,87,90,52,51,71,2
794,40,38,5,118,44,12,51,88,81
794,41,50,13,33,122,63,0,34,75
794,42,107,8,80,94,18,32,52,119
794,43,73,9,95,81,130,120,58,70
794,44,69,139,71,8,16,10,95,85
795,3,100,94,76,58,44,39,68,139
795,4,17,54,87,60,121,91,99,40
795,5,122,90,111,109,23,32,76,55
795,6,65,15,9,69,100,23,82,120
795,7,73,108,92,110,59,84,52,134
795,8,108,56,79,133,12,39,22,118
795,9,0,7,69,108,36,118,143,117
795,10,23,74,115,69,126,66,116,94
795,11,67,135,69,7,5,62,77,117
795,12,56,53,31,106,46,138,132,90
795,13,30,126,50,13,33,131,78,140
795,14,112,70,105,77,40,123,2,141
795,15,71,55,130,69,128,9,88,115
795,16,11,49,57,21,103,67,137,77
795,17,78,19,9,4,1,6,128,142
795,18,130,110,28,79,58,21,117,17
795,19,108,10,11,142,36,34,57,48
795,20,50,98,25,130,119,76,137,32
795,21,69,79,126,35,111,17,107,72
795,22,16,95,39,85,21,34,36,41
795,23,137,106,117,120,51,7,25,3
795,24,6,129,4,120,72,84,97,53
795,25,74,78,113,42,126,112,5,76
795,26,49,98,43,33,0,44,120,76
795,27,79,15,13,132,93,137,125,63
795,28,34,56,87,107,124,21,2,138
795,29,13,143,12,26,39,104,11,136
795,30,46,2,73,117,96,62,39,60
795,31,138,23,126,106,140,46,85,135
795,32,20,37,93,65,75,27,104,115
795,33,40,134,104,73,32,13,48,41
795,34,11,33,67,68,19,55,64,43
795,35,137,8,101,54,121,49,117,31
795,36,76,110,60,41,43,106,133,6
795,37,101,87,16,48,130,27,20,72
795,38,49,142,100,141,60,33,9,18
795,39,24,95,70,10,2,15,18,137
795,40,115,121,84,32,6,130,12,92
795,41,72,33,13,49,15,107,102,108
795,42,14,132,107,8,10,124,103,102
795,43,90,114,130,109,21,76,3,112
795,44,93,117,31,99,48,34,135,85
796,3,25,104,0,24,88,44,16,138
796,4,23,10,39,104,121,143,3,87
796,5,126,121,8,104,85,109,35,57
796,6,15,10,24,74,117,71,3,100
796,7,129,104,110,73,74,132,95,141
796,8,59,92,42,56,133,33,62,39
796,9,113,35,86,5,36,34,17,37
796,10,4,75,100,69,23,128,78,103
796,11,67,69,14,29,45,27,91,54
796,12,70,34,123,51,82,119,136,49
796,13,6,78,8,71,38,34,57,20
796,14,138,100,40,20,66,32,17,21
796,15,38,87,1,134,11,102,92,57
796,16,112,46,87,20,71,47,89,85
796,17,34,129,32,138,131,93,97,12
796,18,115,122,9,59,119,69,34,107
796,19,136,73,71,21,33,140,124,32
796,20,79,140,73,64,31,18,1,55
796,21,63,68,27,49,34,39,110,124
796,22,98,79,22,140,41,51,46,126
796,23,6,132,60,70,134,2,3,133
796,24,96,27,103,74,86,53,56,99
796,25,139,60,66,91,24,6,141,54
796,26,44,30,15,79,113,0,70,37
796,27,46,135,132,128,31,137,138,131
796,28,64,33,95,51,98,48,91,46
796,29,42,125,74,87,111,65,41,138
796,30,70,4,141,52,114,126,3,80
796,31,8,86,51,24,39,127,57,94
796,32,138,39,117,25,22,112,131,80
796,33,121,85,1,67,128,129,68,98
796,34,92,25,38,20,75,101,127,82
796,35,12,70,76,59,98,131,62,55
796,36,128,96,100,69,13,16,51,67
796,37,45,81,135,127,40,72,9,44
796,38,131,54,97,113,74,141,19,100
796,39,47,43,104,73,134,135,53,67
796,40,7,24,53,55,22,17,121,61
796,41,57,58,87,63,21,10,118,86
796,42,14,8,107,10,119,84,103,64
796,43,90,123,130,95,129,68,37,46
796,44,139,70,94,25,93,74,31,128
797,3,107,60,142,85,140,127,14,9
797,4,95,34,68,108,116,11,59,133
797,5,58,105,34,89,116,121,106,134
797,6,124,130,134,89,87,48,43,100
797,7,132,65,23,17,80,142,67,78
797,8,136,99,0,69,62,91,60,42
797,9,11,41,101,128,34,88,135,27
797,10,14,85,30,113,59,90,21,8
797,11,73,83,87,19,117,10,98,39
797,12,88,70,49,9,117,65,114,1
797,13,81,112,34,118,51,63,53,116
797,14,90,14,52,122,35,65,91,48
797,15,19,14,123,1,100,60,24,51
797,16,135,48,105,103,92,19,120,21
797,17,115,57,75,140,36,121,12,85
797,18,58,143,4,136,28,110,123,125
797,19,10,108,142,115,36,41,48,21
797,20,74,50,98,36,55,58,44,25
797,21,111,35,12,88,143,17,20,11
797,22,16,75,136,53,113,39,31,57
797,23,106,88,79,75,42,76,6,104
797,24,6,57,4,97,129,72,113,84
797,25,74,78,42,113,36,112,5,89
797,26,98,33,114,49,0,110,84,3
797,27,79,15,74,93,139,132,22,137
797,28,34,124,25,139,90,138,33,97
797,29,13,12,143,104,11,126,73,10
797,30,73,39,2,46,93,34,123,43
797,31,66,91,126,23,140,88,85,50
797,32,65,37,20,75,63,35,27,121
797,33,134,40,136,73,16,89,11,34
797,34,11,79,143,139,35,52,0,24
797,35,8,49,101,54,130,14,87,63
797,36,95,60,48,49,27,113,6,23
797,37,0,57,101,23,124,16,20,7
797,38,100,2,49,20,8,72,121,25
797,39,95,2,10,98,69,42,89,71
797,40,121,0,32,83,4,50,65,26
797,41,105,33,69,120,89,131,86,44
797,42,8,125,64,52,103,58,5,53
797,43,46,102,7,90,67,108,130,93
797,44,94,64,122,3,89,140,59,135
798,3,72,102,98,48,73,86,88,80
798,4,109,97,76,91,3,135,84,22
798,5,108,128,32,134,3,35,135,60
798,6,11,97,96,3,62,34,70,61
798,7,23,64,131,141,69,104,11,101
798,8,44,127,104,137,40,20,64,114
798,9,133,41,85,112,131,116,56,118
798,10,119,56,9,95,71,18,10,24
798,11,126,84,28,67,102,13,34,73
798,12,124,62,9,54,91,18,41,65
798,13,118,66,39,121,67,1,131,33
798,14,6,32,90,97,52,132,88,5
798,15,19,137,34,78,112,45,56,59
798,16,36,92,26,120,22,63,77,107
798,17,75,9,19,111,132,56,6,92
798,18,28,130,58,125,10,79,21,69
798,19,10,57,108,36,30,11,81,66
798,20,50,25,130,22,93,16,76,124
798,21,69,126,79,43,17,42,8,111
798,22,39,16,34,46,15,102,0,23
798,23,34,88,75,117,39,112,25,120
798,24,72,48,102,137,126,96,101,81
798,25,36,74,4,107,113,20,125,19
798,26,33,88,65,85,24,84,66,10
798,27,37,79,111,28,143,93,132,24
798,28,32,82,38,124,61,25,90,138
798,29,104,11,10,98,14,41,103,121
798,30,39,46,90,34,86,68,19,134
798,31,66,1,138,64,123,0,116,85
798,32,65,96,27,75,36,121,115,104
798,33,134,88,16,48,70,65,13,125
798,34,108,40,43,70,4,67,20,36
798,35,14,103,86,128,80,101,120,36
798,36,99,5,47,49,68,93,129,70
798,37,90,83,63,97,81,108,77,16
798,38,99,143,62,87,98,141,55,70
798,39,115,92,56,42,60,90,15,117
798,40,83,44,40,12,65,125,118,121
798,41,30,33,42,122,13,48,96,44
798,42,107,8,88,80,32,14,121,42
798,43,81,130,120,21,58,108,60,37
798,44,122,71,13,16,17,19,88,81
799,3,86,133,63,134,108,58,51,19
799,4,105,72,118,12,83,126,18,56
799,5,115,89,104,72,15,64,4,13
799,6,108,9,11,95,12,6,43,123
799,7,104,69,139,132,59,15,38,3
799,8,72,124,78,16,75,44,34,12
799,9,41,27,130,12,136,89,108,4
799,10,53,122,69,126,44,10,75,27
799,11,67,3,117,78,126,13,43,18
799,12,19,62,132,100,14,21,42,46
799,13,108,118,67,71,41,99,125,122
799,14,32,26,53,68,52,10,65,56
799,15,34,130,35,40,43,119,91,100
799,16,36,130,15,68,3,74,89,103
799,17,83,56,9,7,75,49,131,123
799,18,31,106,86,21,28,10,93,36
799,19,63,111,10,119,77,34,12,53
799,20,76,124,75,63,70,125,1,60
799,21,79,93,106,139,14,58,92,42
799,22,20,37,21,10,2,6,114,28
799,23,117,103,112,57,38,98,47,2
799,24,21,115,130,33,53,54,113,9
799,25,74,125,61,21,36,22,106,131
799,26,92,10,140,3,71,45,110,106
799,27,59,84,79,28,77,30,128,93
799,28,132,61,25,124,131,10,128,91
799,29,104,86,13,23,68,51,25,11
799,30,46,86,90,102,130,110,39,60
799,31,23,22,138,10,48,126,124,113
799,32,123,93,37,52,33,51,75,24
799,33,48,15,16,111,5,73,32,13
799,34,74,48,33,40,70,10,36,107
799,35,103,26,99,101,5,119,50,133
799,36,5,116,107,50,31,141,8,43
799,37,83,118,72,7,133,5,77,17
799,38,97,84,99,27,40,70,76,109
799,39,115,49,45,120,83,92,90,2
799,40,20,142,44,64,90,135,21,92
799,41,33,13,44,122,140,61,67,51
799,42,107,8,103,141,132,35,95,14
799,43,43,129,130,21,83,63,58,32
799,44,93,50,16,84,37,45,74,81
800,3,8,86,42,90,125,143,24,54
800,4,101,66,21,119,111,137,16,74
800,5,33,73,8,139,103,127,35,89
800,6,117,102,49,140,89,59,67,13
800,7,59,104,109,112,17,48,132,116
800,8,52,78,122,67,134,26,72,111
800,9,105,117,27,108,52,36,140,37
800,10,122,110,126,63,124,89,90,76
800,11,67,3,78,106,11,4,13,134
800,12,34,19,70,6,25,132,42,137
800,13,6,71,20,41,8,101,78,23
800,14,40,17,52,6,106,20,123,25
800,15,32,92,134,131,1,93,89,19
800,16,15,100,70,18,63,25,21,94
800,17,32,138,97,34,131,56,24,11
800,18,119,86,122,20,70,103,11,76
800,19,71,94,136,118,140,121,128,77
800,20,135,121,69,79,67,31,9,2
800,21,63,132,115,109,4,103,68,107
800,22,22,51,33,140,23,15,106,94
800,23,19,6,80,101,2,51,132,41
800,24,69,22,142,103,107,86,54,0
800,25,74,88,117,18,116,109,68,76
800,26,97,118,137,27,98,89,7,123
800,27,79,42,93,125,94,106,76,71
800,28,29,106,107,27,39,2,139,95
800,29,121,96,81,7,59,138,30,97
800,30,57,29,72,122,46,41,116,139
800,31,113,125,124,85,41,53,80,10
800,32,29,59,44,14,109,46,115,108
800,33,40,106,39,127,104,48,16,123
800,34,83,80,98,11,42,40,13,79
800,35,127,101,99,119,92,91,10,63
800,36,58,103,116,8,9,107,29,96
800,37,14,68,95,64,113,53,7,133
800,38,40,68,109,136,55,9,84,88
800,39,60,7,86,28,68,115,77,67
800,40,133,20,2,143,37,106,6,68
800,41,33,68,76,17,11,102,10,97
800,42,107,8,132,14,141,19,103,58
800,43,129,108,24,130,11,117,124,91
800,44,16,139,84,70,93,18,7,105
801,3,55,39,51,66,118,35,80,4
801,4,106,142,15,125,90,116,128,42
801,5,33,19,54,133,34,102,47,55
801,6,45,107,111,102,90,76,122,75
801,7,136,104,59,87,130,40,2,14
801,8,78,67,10,34,137,60,0,75
801,9,4,16,12,108,27,84,36,66
801,10,122,48,23,58,68,5,79,126
801,11,67,124,31,85,121,43,137,100
801,12,133,19,115,31,70,30,0,34
801,13,69,71,41,100,62,12,0,126
801,14,53,26,68,52,28,106,65,69
801,15,55,19,94,69,44,129,35,89
801,16,15,63,30,103,67,27,132,76
801,17,83,56,89,109,70,61,10,67
801,18,125,106,104,31,58,17,86,77
801,19,10,63,119,142,137,117,12,36
801,20,142,135,63,125,76,9,67,50
801,21,139,104,106,128,74,93,13,130
801,22,10,58,20,21,36,6,126,90
801,23,117,93,98,134,33,105,99,103
801,24,21,39,15,130,129,109,69,54
801,25,21,74,10,102,125,119,36,131
801,26,53,92,68,8,61,76,85,122
801,27,79,13,77,129,25,59,8,137
801,28,56,124,50,38,33,25,132,117
801,29,68,13,104,11,10,39,87,35
801,30,46,106,62,130,126,44,91,68
801,31,23,59,127,112,32,46,4,39
801,32,123,75,20,99,30,51,24,33
801,33,56,40,75,111,8,23,89,85
801,34,112,33,48,55,9,21,79,43
801,35,23,14,128,133,132,58,106,84
801,36,33,113,6,48,133,90,124,23
801,37,70,59,108,75,30,124,48,58
801,38,59,142,34,55,88,98,18,20
801,39,82,114,15,137,87,102,78,42
801,40,115,84,132,4,44,12,51,1
801,41,13,79,33,127,77,61,118,26
801,42,81,132,102,10,8,107,42,17
801,43,114,109,47,21,59,87,91,107
801,44,119,137,117,141,31,48,39,114
802,3,143,41,85,119,75,38,142,56
802,4,70,78,4,52,26,65,21,91
802,5,126,131,36,115,58,116,64,35
802,6,124,75,100,39,13,44,52,28
802,7,53,17,132,36,9,101,74,85
802,8,128,140,86,92,71,39,30,35
802,9,110,37,41,143,126,88,94,81
802,10,78,13,126,113,82,36,86,69
802,11,36,80,32,61,83,112,67,117
802,12,69,104,70,75,42,58,52,14
802,13,62,123,81,28,80,122,136,34
802,14,26,53,106,10,4,120,65,59
802,15,108,143,86,79,60,92,123,23
802,16,63,48,89,131,42,129,103,77
802,17,115,15,83,84,56,8,1,6
802,18,143,125,46,44,137,106,95,87
802,19,10,63,36,119,122,107,7,49
802,20,20,50,38,3,40,100,70,87
802,21,0,104,57,88,49,79,46,93
802,22,136,21,113,6,62,25,101,1
802,23,93,99,7,18,3,38,6,14
802,24,8,129,69,54,130,103,113,16
802,25,42,74,119,113,38,5,89,41
802,26,61,87,131,50,98,3,116,29
802,27,79,49,13,39,81,59,24,112
802,28,56,141,12,132,25,13,139,124
802,29,13,68,104,24,72,62,25,98
802,30,46,117,62,112,106,83,19,18
802,31,23,91,30,85,22,32,19,46
802,32,75,20,123,30,99,116,93,36
802,33,40,8,89,73,12,15,70,80
802,34,98,143,67,33,55,136,21,34
802,35,23,128,15,10,132,131,130,62
802,36,33,82,23,1,121,124,140,136
802,37,43,106,126,77,48,125,72,30
802,38,142,2,59,121,18,55,112,132
802,39,115,95,90,78,46,44,39,61
802,40,84,6,118,27,128,104,78,44
802,41,13,33,105,127,73,18,113,17
802,42,133,8,42,137,130,10,5,51
802,43,46,97,71,130,47,108,1,90
802,44,110,63,58,15,81,31,91,143
803,3,131,132,40,13,26,71,53,137
803,4,58,45,36,136,4,88,37,113
803,5,101,100,93,131,115,35,1,8
803,6,91,25,7,48,46,49,47,139
803,7,69,92,99,121,78,112,21,110
803,8,74,123,130,71,99,83,4,51
803,9,123,3,41,141,27,109,65,143
803,10,107,57,10,128,56,44,67,69
803,11,25,114,97,54,53,13,3,42
803,12,79,23,40,31,14,39,29,38
803,13,136,40,117,108,80,2,121,57
803,14,59,119,26,82,51,33,65,113
803,15,86,19,100,35,43,60,72,42
803,16,63,142,78,55,15,74,21,26
803,17,8,83,97,89,1,76,6,36
803,18,139,60,125,77,18,8,113,42
803,19,10,117,63,111,96,46,12,75
803,20,112,1,134,98,92,15,110,125
803,21,7,79,112,93,26,134,118,46
803,22,87,99,138,93,94,25,48,10
803,23,93,23,59,12,141,136,117,127
803,24,66,21,106,39,115,118,97,13
803,25,42,74,113,125,102,5,112,119
803,26,61,131,136,0,53,122,76,87
803,27,49,79,13,24,114,31,55,132
803,28,141,56,57,12,8,107,25,117
803,29,13,104,68,24,62,25,87,51
803,30,117,46,112,62,109,110,130,131
803,31,23,30,91,22,32,86,9,19
803,32,20,123,75,99,30,116,49,37
803,33,40,48,32,8,16,15,12,89
803,34,98,21,50,33,79,139,143,67
803,35,103,23,143,99,130,131,46,128
803,36,82,23,136,60,106,110,15,108
803,37,43,83,71,134,110,48,72,141
803,38,142,2,40,121,76,55,23,132
803,39,115,131,108,30,135,39,44,95
803,40,84,6,68,35,118,14,23,92
803,41,33,13,49,113,108,15,112,2
803,42,14,107,8,64,95,42,41,137
803,43,68,37,97,82,87,108,90,112
803,44,97,88,3,143,67,1,34,135
804,3,41,91,143,93,89,9,113,129
804,4,70,134,52,32,72,11,5,3
804,5,131,64,36,78,94,12,87,46
804,6,124,85,46,114,49,87,100,134
804,7,9,17,114,143,96,132,100,85
804,8,128,46,133,124,12,39,72,61
804,9,97,41,37,143,38,90,14,134
804,10,113,8,82,62,36,109,69,20
804,11,32,83,117,39,115,33,11,89
804,12,69,70,134,38,58,14,10,71
804,13,81,5,126,104,43,125,30,34
804,14,14,52,109,77,0,25,2,66
804,15,108,8,59,79,19,51,1,139
804,16,100,85,93,89,21,67,94,87
804,17,32,103,138,131,97,6,34,11
804,18,119,9,122,115,51,77,3,17
804,19,94,71,140,129,131,136,118,32
804,20,67,69,62,79,119,121,113,84
804,21,34,4,39,116,63,132,38,52
804,22,140,22,33,51,106,90,65,125
804,23,101,132,19,98,41,133,6,2
804,24,86,103,63,96,0,54,100,69
804,25,74,54,109,88,34,139,85,126
804,26,30,113,7,75,27,130,103,99
804,27,133,131,121,135,85,46,33,128
804,28,67,46,98,106,89,29,52,99
804,29,42,50,121,81,3,18,74,20
804,30,116,46,38,3,70,125,114,131
804,31,108,101,47,8,122,51,85,4
804,32,117,44,26,127,59,57,118,12
804,33,106,39,86,131,121,48,85,8
804,34,83,40,25,79,36,38,23,107
804,35,127,118,69,115,19,16,35,100
804,36,29,15,58,61,96,116,137,73
804,37,45,91,84,135,110,18,114,78
804,38,68,110,87,104,12,0,138,15
804,39,60,86,92,134,67,64,140,121
804,40,143,66,121,134,23,55,29,126
804,41,33,10,3,18,113,118,45,143
804,42,3,134,8,42,10,45,95,27
804,43,0,46,85,102,36,43,112,10
804,44,50,63,94,136,34,19,92,83
805,3,108,49,122,91,138,68,41,85
805,4,52,72,21,125,62,103,82,88
805,5,142,36,111,27,135,141,8,25
805,6,123,111,71,85,100,61,87,89
805,7,104,99,17,36,82,137,18,53
805,8,100,60,139,39,109,25,11,75
805,9,92,57,27,135,34,109,84,143
805,10,48,3,143,44,20,69,131,112
805,11,124,41,67,85,92,13,113,111
805,12,115,72,9,70,59,126,138,133
805,13,69,126,80,62,83,28,34,23
805,14,128,90,53,68,52,71,77,24
805,15,19,23,79,62,59,91,35,65
805,16,63,115,103,44,76,67,19,128
805,17,83,89,15,115,108,81,48,1
805,18,39,125,143,50,106,96,104,136
805,19,10,63,6,137,46,43,12,119
805,20,36,134,92,15,32,9,58,54
805,21,0,88,79,139,143,121,104,93
805,22,10,53,138,93,110,99,101,65
805,23,93,38,3,29,102,105,104,8
805,24,39,97,130,108,13,129,53,57
805,25,42,74,102,113,52,17,112,20
805,26,61,136,76,0,50,3,19,89
805,27,13,81,79,109,49,33,30,127
805,28,56,12,141,107,65,8,95,66
805,29,13,68,62,143,87,116,28,103
805,30,109,130,117,19,123,88,93,131
805,31,30,91,114,23,136,19,82,61
805,32,99,30,123,1,20,75,57,81
805,33,40,136,138,32,9,38,8,112
805,34,93,11,79,21,70,99,112,138
805,35,50,23,143,41,5,69,10,130
805,36,95,9,120,141,19,24,43,48
805,37,82,27,34,18,136,66,110,43
805,38,78,2,121,140,25,30,34,79
805,39,114,24,25,26,79,117,72,131
805,40,106,25,58,121,29,44,40,68
805,41,33,105,12,143,69,15,77,71
805,42,133,45,34,72,102,48,134,10
805,43,102,114,142,99,46,71,60,106
805,44,117,5,59,93,6,92,115,48
806,3,102,123,46,54,91,57,68,10
806,4,38,111,26,88,60,99,65,120
806,5,16,20,36,111,116,21,85,129
806,6,52,62,49,31,133,3,100,75
806,7,64,110,37,80,111,121,112,132
806,8,134,136,121,99,30,21,62,58
806,9,69,55,81,5,60,37,32,143
806,10,119,103,69,29,81,20,12,89
806,11,54,113,59,102,100,98,33,44
806,12,70,82,38,107,34,0,105,49
806,13,89,71,34,126,17,86,8,121
806,14,63,117,72,52,53,77,112,123
806,15,31,32,39,41,9,121,35,124
806,16,90,15,131,100,18,89,77,75
806,17,97,110,85,56,24,121,129,131
806,18,86,99,20,70,106,77,110,30
806,19,70,0,94,42,140,54,59,77
806,20,122,79,135,99,65,120,17,121
806,21,18,53,49,38,113,104,47,98
806,22,139,132,19,65,98,70,109,30
806,23,72,101,96,83,95,41,134,133
806,24,99,69,104,91,134,103,25,50
806,25,35,116,60,115,78,74,43,19
806,26,78,1,122,105,108,120,97,54
806,27,79,71,78,42,125,97,47,128
806,28,73,1,136,99,27,106,87,142
806,29,121,109,57,55,137,63,3,13
806,30,59,120,57,46,96,131,83,60
806,31,98,115,113,119,124,106,122,50
806,32,68,108,84,100,5,42,92,116
806,33,137,40,104,129,32,39,58,42
806,34,13,132,83,87,80,98,79,121
806,35,49,101,19,127,125,21,17,116
806,36,12,58,103,35,122,38,108,107
806,37,14,27,64,113,1,68,45,16
806,38,31,40,118,25,43,37,69,112
806,39,28,60,86,30,133,67,138,77
806,40,69,73,133,143,117,98,1,6
806,41,33,103,11,116,5,118,68,76
806,42,34,45,58,112,84,51,133,103
806,43,102,46,109,3,99,24,112,71
806,44,122,143,21,56,92,17,130,59
807,3,65,126,127,32,71,36,41,13
807,4,66,79,4,93,71,56,136,11
807,5,37,20,97,86,36,143,110,32
807,6,40,62,114,82,60,86,112,94
807,7,127,94,124,110,54,117,80,112
807,8,65,100,62,17,99,20,134,41
807,9,10,3,6,136,79,114,58,69
807,10,36,46,61,143,126,29,116,137
807,11,90,44,54,100,73,81,13,71
807,12,72,61,12,111,14,46,114,126
807,13,107,133,24,80,35,69,30,139
807,14,90,127,128,65,95,2,56,60
807,15,19,23,104,33,117,62,79,111
807,16,142,63,103,127,125,53,44,134
807,17,15,89,97,83,16,34,48,6
807,18,139,106,59,77,104,113,138,10
807,19,10,94,77,48,121,34,119,91
807,20,135,65,32,58,53,12,9,140
807,21,115,73,132,63,4,77,106,64
807,22,71,51,22,33,94,35,140,106
807,23,132,140,2,6,101,64,19,117
807,24,69,54,22,13,90,63,0,142
807,25,74,85,18,39,54,117,93,88
807,26,97,113,7,115,98,118,27,42
807,27,79,104,42,24,93,59,137,77
807,28,106,107,46,67,65,71,52,98
807,29,121,13,43,42,50,95,138,26
807,30,46,29,116,75,131,72,96,21
807,31,124,113,47,125,10,14,85,101
807,32,93,117,44,37,59,112,78,142
807,33,39,48,106,40,85,8,32,112
807,34,40,98,80,83,104,6,125,60
807,35,127,97,101,85,99,50,124,17
807,36,58,116,8,51,96,103,82,123
807,37,45,53,135,109,15,14,20,23
807,38,40,84,68,41,141,25,73,9
807,39,86,67,10,60,92,28,87,134
807,40,5,2,143,6,84,126,20,68
807,41,33,57,72,100,48,124,138,6
807,42,14,58,64,102,18,13,121,8
807,43,68,90,109,97,103,104,3,37
807,44,97,32,67,143,4,1,38,101
808,3,120,143,46,107,89,29,85,26
808,4,133,143,77,136,117,102,129,121
808,5,58,36,143,82,64,116,8,71
808,6,46,4,28,124,8,94,110,134
808,7,139,53,13,64,87,70,114,18
808,8,140,11,18,0,43,75,124,9
808,9,10,11,113,41,128,17,88,134
808,10,113,8,68,44,143,74,96,69
808,11,83,100,112,73,108,35,61,44
808,12,70,61,101,39,10,119,105,117
808,13,73,24,107,34,81,80,132,20
808,14,90,14,52,121,24,82,65,127
808,15,19,123,8,139,117,33,1,62
808,16,48,19,44,105,127,125,57,103
808,17,15,115,142,1,140,79,45,48
808,18,58,39,143,125,42,96,136,113
808,19,10,3,43,14,8,34,121,36
808,20,92,9,35,44,32,53,134,69
808,21,40,88,84,102,130,91,4,139
808,22,62,138,136,53,44,20,101,134
808,23,93,3,6,2,141,37,121,29
808,24,118,97,8,13,39,27,129,54
808,25,42,74,44,89,38,5,112,114
808,26,98,61,68,40,3,13,140,10
808,27,79,49,13,81,31,139,94,59
808,28,56,12,107,61,90,25,2,21
808,29,13,143,68,80,87,132,24,97
808,30,106,109,112,62,46,130,114,19
808,31,23,91,85,19,32,13,97,122
808,32,30,37,20,76,84,36,128,24
808,33,16,40,11,15,20,94,136,13
808,34,79,98,52,75,55,35,43,29
808,35,23,97,130,133,84,50,54,143
808,36,33,82,95,125,8,40,35,143
808,37,0,27,128,47,100,23,119,71
808,38,59,142,104,15,25,2,114,16
808,39,114,34,79,42,2,0,95,121
808,40,84,40,32,25,118,44,93,100
808,41,33,105,127,111,77,139,15,13
808,42,58,67,107,23,64,14,133,42
808,43,90,47,83,106,103,102,46,58
808,44,110,47,45,74,143,135,2,112
809,3,131,132,54,26,32,63,76,142
809,4,58,45,113,136,36,42,124,89
809,5,101,100,96,115,93,128,12,32
809,6,25,7,91,5,46,85,49,61
809,7,77,122,131,12,74,6,118,78
809,8,123,74,110,105,130,27,99,20
809,9,123,3,41,34,111,98,109,36
809,10,107,74,119,130,58,21,56,121
809,11,25,106,138,21,20,110,15,35
809,12,79,40,9,105,57,14,0,30
809,13,24,117,64,135,126,20,102,78
809,14,92,119,90,59,129,24,74,113
809,15,19,1,100,35,60,34,101,94
809,16,142,19,63,44,132,128,84,43
809,17,89,57,84,15,34,128,1,10
809,18,58,125,89,136,60,39,131,17
809,19,10,142,96,22,109,21,46,143
809,20,74,20,46,55,102,2,100,50
809,21,46,7,134,88,13,79,130,40
809,22,87,1,138,25,71,36,100,28
809,23,33,56,2,112,6,16,3,44
809,24,69,130,118,66,53,46,129,13
809,25,74,39,40,126,112,44,68,113
809,26,98,115,97,113,36,122,68,140
809,27,79,32,20,137,93,22,59,24
809,28,107,61,128,106,87,117,1,116
809,29,13,63,121,18,82,136,68,104
809,30,46,62,29,136,14,59,130,131
809,31,23,124,113,97,22,102,10,88
809,32,37,93,78,107,26,76,110,57
809,33,40,16,39,102,91,32,85,13
809,34,98,83,40,6,79,68,55,115
809,35,127,103,99,101,120,54,50,97
809,36,116,136,48,91,123,44,103,50
809,37,14,64,113,13,100,83,106,16
809,38,40,60,141,87,104,84,109,121
809,39,115,130,68,92,129,10,90,83
809,40,143,5,112,133,6,141,68,12
809,41,33,122,100,3,107,118,48,77
809,42,107,14,8,13,58,64,67,42
809,43,90,68,47,20,83,37,66,130
809,44,97,1,48,135,83,15,3,143
810,3,107,142,60,140,9,85,47,14
810,4,134,95,11,108,104,81,137,133
810,5,111,24,41,58,32,21,115,102
810,6,124,134,13,100,43,48,130,26
810,7,132,143,78,3,37,67,65,95
810,8,140,69,136,96,55,62,133,60
810,9,11,41,34,143,78,27,81,128
810,10,74,14,113,85,67,20,90,8
810,11,73,83,19,98,61,117,13,115
810,12,101,70,4,14,71,65,114,36
810,13,24,81,56,53,126,34,59,20
810,14,90,14,52,122,33,110,35,109
810,15,19,105,1,8,123,17,100,53
810,16,48,109,44,103,18,43,125,21
810,17,46,1,128,75,58,44,49,24
810,18,28,52,35,58,130,125,137,39
810,19,10,108,66,36,11,142,57,33
810,20,50,124,25,24,19,95,22,76
810,21,102,138,107,72,84,6,19,8
810,22,15,67,127,29,21,93,94,90
810,23,80,110,117,98,88,77,72,33
810,24,69,12,25,63,101,90,72,50
810,25,74,115,36,107,43,38,136,127
810,26,66,115,109,97,27,137,113,85
810,27,97,79,37,88,121,77,132,11
810,28,105,106,71,25,67,27,65,8
810,29,121,90,116,81,107,87,97,20
810,30,46,28,59,120,131,14,136,34
810,31,92,124,125,113,83,123,76,109
810,32,53,57,2,33,117,83,32,96
810,33,104,40,39,75,106,65,73,129
810,34,98,83,125,104,36,80,79,63
810,35,49,127,85,101,79,54,2,120
810,36,51,116,136,27,76,58,93,15
810,37,14,99,15,64,13,84,113,120
810,38,44,40,51,9,20,41,6,88
810,39,115,114,7,134,87,44,15,60
810,40,133,48,25,2,137,113,43,26
810,41,42,50,76,77,118,33,114,123
810,42,66,107,110,91,142,125,103,25
810,43,20,46,90,94,7,130,42,1
810,44,74,134,110,86,108,31,95,81
811,3,33,1,103,80,64,56,60,137
811,4,85,138,76,108,109,65,53,26
811,5,129,108,104,89,106,137,50,35
811,6,32,38,118,47,54,126,123,81
811,7,88,59,119,15,121,132,87,91
811,8,112,82,84,71,20,4,11,64
811,9,72,33,64,53,1,143,36,73
811,10,0,31,82,56,41,135,123,52
811,11,37,100,29,28,64,35,115,138
811,12,20,3,31,44,14,63,122,33
811,13,14,85,42,99,29,6,116,23
811,14,41,86,123,91,84,32,82,19
811,15,13,29,11,129,9,131,125,15
811,16,51,81,139,3,94,71,128,79
811,17,46,75,19,52,103,47,105,80
811,18,28,35,130,31,132,137,122,93
811,19,66,11,108,36,1,77,69,12
811,20,50,124,65,19,25,137,24,8
811,21,107,120,65,62,19,132,72,79
811,22,15,93,126,67,46,94,98,25
811,23,134,80,77,117,1,98,61,6
811,24,22,63,69,25,127,126,60,0
811,25,74,36,127,88,85,18,107,43
811,26,113,27,130,109,135,7,93,137
811,27,121,37,88,56,91,132,71,46
811,28,105,106,20,67,124,125,61,43
811,29,90,121,40,130,53,42,87,75
811,30,46,28,141,55,125,90,11,64
811,31,92,135,127,130,109,106,45,126
811,32,96,51,117,104,57,33,20,83
811,33,132,88,5,14,65,71,138,73
811,34,119,9,7,108,36,117,107,114
811,35,74,42,14,128,111,59,46,84
811,36,93,48,90,6,5,96,129,133
811,37,6,90,123,143,130,48,108,77
811,38,36,62,95,54,131,9,141,81
811,39,47,87,15,16,88,52,131,42
811,40,2,95,35,26,51,113,40,125
811,41,50,128,63,26,113,107,42,111
811,42,107,115,94,32,110,53,121,130
811,43,73,81,95,118,1,45,130,32
811,44,69,8,139,16,95,74,85,128
812,3,34,15,73,82,58,80,141,2
812,4,115,137,95,40,41,72,88,119
812,5,74,72,105,44,104,89,23,15
812,6,93,69,74,16,143,24,109,113
812,7,46,16,15,53,141,92,111,45
812,8,83,107,63,33,121,72,85,45
812,9,56,91,80,108,45,86,104,136
812,10,53,87,47,49,69,24,73,82
812,11,64,102,132,121,39,78,29,44
812,12,44,131,132,7,138,3,20,41
812,13,6,29,143,14,19,13,38,25
812,14,78,84,138,32,105,17,40,51
812,15,20,3,83,11,112,129,127,77
812,16,126,131,101,51,46,108,43,98
812,17,52,103,55,46,100,56,138,116
812,18,119,122,103,91,90,55,35,106
812,19,37,131,59,71,118,136,77,102
812,20,135,121,31,140,69,38,93,129
812,21,65,107,105,132,109,52,63,137
812,22,126,46,106,15,33,51,22,94
812,23,19,80,64,60,128,87,117,77
812,24,63,0,140,126,69,103,114,74
812,25,74,85,54,69,43,34,109,70
812,26,113,27,109,30,130,97,79,53
812,27,121,131,108,56,137,97,88,11
812,28,106,98,46,126,67,86,8,74
812,29,121,48,42,108,29,87,111,43
812,30,125,114,141,38,116,11,75,70
812,31,78,1,108,19,102,127,123,8
812,32,130,117,80,23,2,25,87,118
812,33,142,106,85,104,17,135,68,39
812,34,125,75,104,82,63,132,47,36
812,35,85,127,128,83,140,124,138,9
812,36,51,13,96,15,16,90,125,99
812,37,135,15,45,127,9,8,99,75
812,38,68,131,113,32,40,74,25,117
812,39,104,134,22,43,96,60,105,87
812,40,53,126,2,61,77,48,26,78
812,41,50,87,25,45,76,54,138,37
812,42,127,54,107,8,69,97,20,39
812,43,74,131,138,90,91,132,48,78
812,44,134,95,131,5,112,61,55,100
813,3,33,10,63,13,29,24,90,19
813,4,115,49,77,40,56,34,139,2
813,5,108,21,137,72,13,109,31,74
813,6,65,18,16,125,20,49,121,69
813,7,24,119,106,15,66,109,93,61
813,8,107,94,4,25,135,116,33,10
813,9,53,56,131,130,118,1,108,141
813,10,0,87,49,42,53,41,130,73
813,11,64,120,121,1,113,29,35,117
813,12,131,11,137,16,7,120,6,41
813,13,6,143,19,29,20,42,23,132
813,14,138,78,69,84,64,139,71,106
813,15,3,20,29,11,80,87,112,131
813,16,81,126,101,46,131,89,108,98
813,17,116,100,138,103,55,34,131,125
813,18,119,9,122,90,91,103,23,12
813,19,136,71,118,21,42,37,32,73
813,20,31,69,140,73,106,2,38,79
813,21,105,63,132,109,52,34,71,139
813,22,106,98,51,126,22,46,94,140
813,23,19,60,115,41,64,6,134,101
813,24,0,140,103,74,96,54,114,119
813,25,54,74,66,85,139,88,70,109
813,26,30,113,44,7,130,27,97,79
813,27,131,46,133,121,135,128,137,27
813,28,98,46,67,126,86,29,76,142
813,29,42,48,121,38,74,87,81,3
813,30,116,114,80,75,46,11,70,38
813,31,108,8,85,78,102,19,88,127
813,32,117,44,80,130,25,0,118,59
813,33,106,39,121,85,17,86,142,131
813,34,38,83,75,25,23,104,127,63
813,35,127,83,85,28,69,113,12,76
813,36,15,16,96,51,13,111,69,9
813,37,45,135,114,9,8,81,95,7
813,38,68,31,141,40,84,15,32,110
813,39,60,86,140,104,92,134,71,115
813,40,53,61,5,126,66,55,1,23
813,41,25,87,50,68,45,76,72,33
813,42,54,107,127,8,69,39,113,14
813,43,138,131,78,90,70,95,126,93
813,44,69,10,131,128,95,112,125,74
814,3,105,96,109,118,134,90,6,128
814,4,38,6,100,91,51,89,141,90
814,5,35,10,95,48,12,102,107,60
814,6,13,45,109,135,82,27,53,92
814,7,126,38,114,102,14,0,112,8
814,8,5,32,58,41,68,26,22,105
814,9,24,7,117,10,0,129,79,43
814,10,44,10,115,66,20,89,69,103
814,11,16,134,47,49,51,89,111,76
814,12,140,135,143,37,116,7,138,84
814,13,46,107,6,111,13,5,115,19
814,14,3,139,30,79,40,21,56,114
814,15,118,110,69,25,4,65,102,89
814,16,14,47,98,97,137,75,133,112
814,17,24,28,25,121,142,85,30,92
814,18,20,122,110,23,55,70,119,86
814,19,94,121,140,21,33,42,136,71
814,20,32,2,135,121,67,37,12,113
814,21,115,73,64,63,77,132,110,124
814,22,65,59,94,78,56,35,140,104
814,23,113,134,41,140,6,137,3,40
814,24,13,54,16,69,22,119,143,140
814,25,74,35,18,88,107,43,86,113
814,26,97,98,7,27,53,66,109,44
814,27,79,97,104,124,92,93,24,128
814,28,106,85,46,67,107,74,34,83
814,29,121,34,20,48,95,18,81,22
814,30,46,21,29,80,59,120,57,74
814,31,125,127,124,113,10,85,14,23
814,32,13,112,25,29,42,78,4,74
814,33,39,106,40,16,86,8,101,48
814,34,40,98,83,13,125,30,79,36
814,35,127,101,19,99,85,124,9,120
814,36,116,51,58,8,15,96,16,9
814,37,14,135,15,99,9,77,45,139
814,38,40,68,84,141,104,9,23,109
814,39,86,115,78,105,60,18,92,28
814,40,133,55,53,90,2,5,23,6
814,41,33,68,76,112,102,21,28,54
814,42,107,8,18,64,44,1,14,39
814,43,90,25,10,70,47,64,42,111
814,44,24,91,9,67,79,31,71,55
815,3,81,72,13,94,54,24,11,71
815,4,103,20,39,37,67,88,135,120
815,5,117,123,80,64,72,34,104,116
815,6,113,67,135,106,71,85,44,123
815,7,99,53,124,57,3,97,109,70
815,8,63,16,22,72,31,7,5,91
815,9,103,87,93,136,59,127,27,101
815,10,47,111,65,100,63,89,114,5
815,11,78,91,16,125,29,56,13,110
815,12,37,67,118,7,96,100,98,0
815,13,36,44,115,5,70,54,77,6
815,14,97,25,114,17,119,40,3,123
815,15,11,134,25,32,4,121,100,45
815,16,20,6,47,137,141,106,86,57
815,17,56,118,24,121,142,6,11,51
815,18,106,78,86,132,122,20,110,130
815,19,79,10,77,94,59,34,84,140
815,20,32,105,135,113,65,137,50,12
815,21,77,73,35,115,141,63,20,92
815,22,78,29,118,56,65,94,59,37
815,23,47,91,4,24,117,18,137,112
815,24,69,52,54,59,120,122,119,14
815,25,74,68,125,39,113,76,40,112
815,26,115,118,143,7,44,48,97,122
815,27,104,79,100,77,93,124,71,128
815,28,106,107,48,90,139,87,124,31
815,29,25,121,13,16,62,87,101,98
815,30,71,46,136,115,51,32,131,62
815,31,10,22,23,32,124,113,85,109
815,32,93,57,20,37,75,6,26,5
815,33,40,48,5,8,39,16,73,15
815,34,40,98,79,26,64,107,36,43
815,35,99,4,127,97,10,103,86,101
815,36,48,116,82,58,110,36,60,99
815,37,91,9,43,16,109,67,7,72
815,38,62,84,20,109,116,33,27,8
815,39,18,92,10,90,52,71,44,141
815,40,6,92,5,84,2,81,125,88
815,41,63,33,28,21,72,50,61,122
815,42,107,8,14,78,64,34,80,6
815,43,74,90,95,9,129,123,109,130
815,44,139,70,25,71,31,38,68,143
816,3,41,85,91,93,143,114,53,10
816,4,70,122,128,5,30,129,4,103
816,5,131,56,36,142,116,128,26,93
816,6,85,129,46,114,136,113,89,42
816,7,9,17,36,53,104,15,6,70
816,8,128,12,25,91,62,122,40,133
816,9,38,12,4,14,88,86,118,116
816,10,30,86,122,18,113,69,38,20
816,11,85,67,78,117,92,80,11,39
816,12,69,70,14,58,98,118,134,1
816,13,5,81,62,104,30,34,36,28
816,14,0,103,25,14,77,124,8,52
816,15,108,139,19,92,51,59,76,1
816,16,63,85,22,6,91,71,47,77
816,17,56,140,121,20,118,108,142,39
816,18,106,44,110,105,143,78,130,42
816,19,10,63,114,119,36,142,45,81
816,20,32,65,42,137,105,100,50,53
816,21,77,141,115,121,20,35,49,111
816,22,29,49,31,21,56,75,78,80
816,23,78,117,4,104,134,24,36,112
816,24,69,82,18,130,59,6,12,125
816,25,74,78,58,5,126,19,42,125
816,26,98,115,48,7,97,66,116,76
816,27,104,97,79,62,24,75,124,89
816,28,31,106,38,133,128,34,95,33
816,29,110,13,121,25,127,0,138,75
816,30,46,136,27,29,44,109,123,24
816,31,91,23,22,124,10,45,54,122
816,32,20,75,99,93,42,123,84,138
816,33,40,39,32,136,48,73,63,11
816,34,83,40,6,134,67,13,79,100
816,35,109,6,73,4,58,124,131,87
816,36,116,48,43,96,9,68,140,60
816,37,82,14,16,29,112,59,139,105
816,38,2,49,55,109,134,62,140,20
816,39,45,52,92,10,44,141,2,108
816,40,106,58,20,2,68,5,23,125
816,41,33,74,123,142,92,112,143,138
816,42,3,64,8,107,0,58,81,111
816,43,74,0,85,46,43,53,112,102
816,44,50,94,63,31,137,136,90,142
817,3,140,78,85,91,51,52,112,10
817,4,95,16,135,133,121,30,69,37
817,5,27,36,142,136,111,80,40,6
817,6,94,111,123,87,8,37,1,70
817,7,104,103,80,139,12,108,0,87
817,8,100,91,28,75,99,136,40,101
817,9,11,130,37,57,143,118,58,34
817,10,48,3,14,82,69,122,90,9
817,11,73,41,124,85,67,39,13,75
817,12,9,70,115,101,133,52,42,117
817,13,69,41,83,80,71,62,23,56
817,14,90,128,122,68,53,103,6,77
817,15,19,101,92,80,141,1,51,106
817,16,115,105,92,30,48,60,75,63
817,17,56,126,57,109,142,81,140,121
817,18,106,136,42,104,58,123,130,131
817,19,10,36,115,8,142,119,34,41
817,20,36,74,143,97,100,65,105,50
817,21,141,88,11,74,111,77,122,46
817,22,29,31,137,10,49,53,16,70
817,23,117,46,112,33,4,76,68,123
817,24,69,18,125,130,112,46,15,6
817,25,74,39,78,58,42,77,126,112
817,26,98,115,114,97,143,90,113,7
817,27,79,104,76,30,4,42,26,24
817,28,31,107,66,143,106,95,12,124
817,29,13,94,123,121,82,101,116,95
817,30,46,29,44,136,109,73,86,80
817,31,91,10,22,124,32,1,82,2
817,32,93,37,20,78,74,42,41,81
817,33,40,39,125,136,43,48,65,32
817,34,40,67,112,6,86,11,80,83
817,35,97,101,6,140,72,127,36,102
817,36,116,48,95,8,103,9,62,99
817,37,14,117,29,70,68,105,57,109
817,38,134,40,62,100,86,141,17,9
817,39,13,18,5,57,64,10,88,15
817,40,124,2,133,111,68,5,73,118
817,41,33,90,68,70,27,72,143,9
817,42,111,107,0,133,8,72,41,64
817,43,74,114,9,65,142,113,136,103
817,44,117,75,119,64,44,5,94,92
818,3,95,10,34,45,90,80,109,142
818,4,38,31,102,113,60,74,34,77
818,5,16,72,8,128,129,137,104,54
818,6,16,51,123,24,95,3,120,39
818,7,108,4,45,89,74,20,112,99
818,8,63,121,114,134,86,68,29,33
818,9,69,56,130,136,109,81,55,133
818,10,51,57,103,56,85,20,81,9
818,11,102,101,73,39,108,13,67,98
818,12,127,52,131,96,0,124,3,20
818,13,10,41,66,131,91,13,45,25
818,14,49,90,88,103,122,55,2,129
818,15,112,20,19,11,80,34,127,116
818,16,69,60,106,137,105,101,63,126
818,17,56,74,16,30,109,24,12,142
818,18,42,105,106,31,130,136,111,79
818,19,10,119,36,59,8,142,12,63
818,20,65,137,135,143,100,32,97,50
818,21,141,77,115,20,91,46,10,19
818,22,46,29,78,70,31,118,80,137
818,23,112,46,24,117,134,11,63,76
818,24,69,18,126,125,46,130,42,114
818,25,74,39,113,116,102,76,58,126
818,26,98,115,97,25,118,143,113,109
818,27,79,104,42,76,75,100,119,26
818,28,31,107,66,106,143,80,29,121
818,29,121,13,94,101,95,82,116,44
818,30,46,29,44,24,67,89,136,123
818,31,1,32,22,125,91,82,10,70
818,32,93,37,78,42,21,66,20,138
818,33,39,40,43,125,48,35,113,16
818,34,40,6,80,67,83,86,107,117
818,35,97,127,101,140,72,62,99,69
818,36,116,8,82,62,58,99,91,9
818,37,14,29,68,15,109,75,105,77
818,38,134,40,9,20,17,100,41,128
818,39,13,28,75,63,7,64,18,5
818,40,124,133,111,68,110,23,66,73
818,41,33,90,68,116,76,72,70,96
818,42,37,107,111,0,8,64,58,36
818,43,9,142,111,57,113,143,120,26
818,44,44,122,79,52,64,7,71,43
819,3,99,1,7,6,38,94,45,86
819,4,28,142,72,91,119,65,4,88
819,5,4,112,8,116,15,51,114,93
819,6,29,140,12,87,123,44,100,60
819,7,100,1,116,112,74,93,81,137
819,8,111,5,40,117,51,109,32,105
819,9,138,119,94,58,101,35,86,133
819,10,54,57,116,69,103,130,89,32
819,11,94,11,101,115,29,70,33,138
819,12,109,127,96,37,123,94,0,93
819,13,45,91,40,27,44,99,38,13
819,14,31,71,33,117,124,129,2,40
819,15,92,16,32,93,20,58,25,103
819,16,69,18,106,74,91,47,137,126
819,17,56,139,74,24,95,30,11,6
819,18,106,105,31,86,42,125,46,138
819,19,10,79,59,8,36,113,142,119
819,20,143,100,37,65,137,12,125,114
819,21,77,115,141,11,70,96,78,72
819,22,80,29,141,78,11,46,63,56
819,23,46,38,55,4,40,16,112,134
819,24,46,69,42,143,122,13,130,90
819,25,74,39,136,42,58,105,112,94
819,26,98,95,115,22,113,42,110,143
819,27,79,104,94,24,75,4,76,50
819,28,57,107,7,31,112,143,37,50
819,29,85,101,13,95,121,6,39,133
819,30,46,123,29,24,53,95,57,86
819,31,22,10,59,91,124,32,2,1
819,32,93,37,21,127,78,76,36,20
819,33,40,113,48,32,140,39,15,46
819,34,6,40,86,83,35,39,107,18
819,35,97,101,79,127,73,31,119,72
819,36,82,8,140,116,91,9,48,123
819,37,5,109,14,105,68,95,29,20
819,38,40,0,100,128,20,110,49,41
819,39,13,75,92,63,28,45,57,90
819,40,23,2,73,66,133,44,5,12
819,41,33,114,9,11,68,40,96,48
819,42,107,64,8,71,14,136,36,128
819,43,9,29,76,111,128,6,64,103
819,44,71,64,33,31,17,109,135,47
820,3,140,78,52,127,123,122,60,39
820,4,95,84,123,23,126,124,12,68
820,5,106,41,28,61,113,25,24,32
820,6,94,99,135,110,89,123,37,47
820,7,42,130,53,101,103,70,137,80
820,8,70,55,2,89,40,0,114,65
820,9,11,77,130,71,128,37,79,34
820,10,14,122,48,30,116,89,85,47
820,11,73,63,67,85,10,124,75,27
820,12,70,88,127,96,19,24,9,119
820,13,41,93,59,109,3,55,123,56
820,14,90,53,122,68,52,91,111,63
820,15,19,101,9,125,15,46,119,88
820,16,30,105,92,119,60,63,22,74
820,17,56,16,57,30,134,40,123,71
820,18,136,106,125,130,58,42,104,111
820,19,10,142,84,36,67,119,113,12
820,20,114,143,65,37,74,100,137,12
820,21,77,104,115,20,141,11,2,74
820,22,80,26,1,29,141,63,55,31
820,23,78,46,142,61,25,67,68,134
820,24,130,69,46,18,80,112,29,111
820,25,74,39,58,42,136,20,31,112
820,26,98,115,7,82,97,95,110,113
820,27,79,104,4,94,111,24,45,35
820,28,107,31,114,27,25,95,125,143
820,29,120,13,101,85,95,72,133,126
820,30,46,86,95,29,135,53,123,62
820,31,22,10,23,91,124,82,32,13
820,32,93,37,76,33,109,36,81,10
820,33,97,48,15,113,40,32,100,138
820,34,6,112,40,108,74,107,79,28
820,35,97,101,21,73,119,103,42,116
820,36,8,116,114,20,95,118,23,9
820,37,51,54,29,71,20,23,119,105
820,38,40,109,111,18,20,104,34,119
820,39,49,63,45,10,13,111,98,20
820,40,64,122,20,5,73,92,12,126
820,41,33,70,103,74,101,72,117,138
820,42,125,38,107,8,96,40,64,136
820,43,61,86,100,9,113,94,66,39
820,44,127,43,119,136,64,48,99,20
821,3,79,8,11,92,61,71,44,52
821,4,7,118,78,91,80,2,135,141
821,5,13,67,28,104,38,72,84,20
821,6,102,57,135,55,43,127,76,69
821,7,101,132,13,61,87,74,23,104
821,8,65,16,67,116,105,124,15,62
821,9,105,44,28,117,77,87,29,64
821,10,122,47,3,91,14,52,105,72
821,11,78,67,105,63,18,20,88,108
821,12,19,70,127,119,128,4,0,112
821,13,41,109,59,135,51,20,55,3
821,14,53,90,68,124,122,35,38,50
821,15,19,32,121,125,46,51,24,15
821,16,30,92,77,67,21,60,110,31
821,17,56,30,16,2,44,109,95,96
821,18,136,125,106,79,123,58,8,105
821,19,10,142,119,67,12,109,8,99
821,20,114,143,74,65,38,104,131,102
821,21,74,135,141,77,52,64,13,104
821,22,1,80,29,141,13,103,64,86
821,23,33,29,46,25,75,121,129,61
821,24,130,18,69,46,111,81,109,129
821,25,74,39,26,123,136,31,131,55
821,26,98,113,97,115,93,77,1,99
821,27,79,83,42,76,75,24,60,4
821,28,107,137,69,25,31,27,10,127
821,29,120,95,85,126,116,123,13,103
821,30,29,95,80,44,20,46,131,43
821,31,82,90,22,124,96,23,14,3
821,32,93,34,85,4,78,37,81,0
821,33,44,39,40,135,51,48,108,16
821,34,40,80,83,6,107,137,86,139
821,35,97,101,99,1,127,102,69,3
821,36,8,116,58,70,91,9,62,133
821,37,94,14,67,117,105,92,77,31
821,38,40,129,41,119,3,59,9,71
821,39,13,76,129,77,41,63,135,137
821,40,73,6,105,64,133,23,53,46
821,41,33,72,9,37,21,26,68,48
821,42,8,0,23,107,115,113,143,12
821,43,61,116,9,113,24,90,93,142
821,44,64,43,116,74,106,37,24,114
822,3,25,104,0,44,63,73,40,74
822,4,23,10,8,77,91,143,9,13
822,5,126,64,38,78,114,26,23,28
822,6,10,24,117,15,85,142,16,51
822,7,129,112,134,101,142,53,9,11
822,8,33,59,92,43,134,101,122,26
822,9,35,103,113,120,63,5,57,101
822,10,4,78,100,69,62,65,139,90
822,11,45,8,63,26,91,29,39,101
822,12,123,57,96,19,51,55,120,127
822,13,78,59,6,41,27,36,70,13
822,14,2,88,124,141,27,138,50,53
822,15,47,68,102,133,32,25,2,36
822,16,119,108,30,133,13,63,28,74
822,17,30,134,117,95,56,45,11,90
822,18,86,111,106,125,56,123,105,46
822,19,10,77,79,67,95,8,59,142
822,20,143,37,65,114,131,12,100,120
822,21,72,77,115,52,96,11,70,116
822,22,80,35,106,141,103,29,94,55
822,23,47,46,134,125,55,29,129,95
822,24,114,32,46,130,124,69,142,29
822,25,74,26,39,105,102,55,104,58
822,26,98,113,115,22,143,1,93,42
822,27,79,24,75,4,77,35,72,94
822,28,107,16,69,25,44,27,85,21
822,29,30,95,36,106,38,101,13,54
822,30,46,95,29,80,57,24,83,121
822,31,32,10,23,22,124,113,3,14
822,32,93,60,2,37,78,0,76,36
822,33,113,40,135,48,108,39,139,22
822,34,83,40,80,6,139,86,35,39
822,35,101,97,99,127,91,31,116,79
822,36,8,140,58,26,116,82,29,59
822,37,5,95,104,105,0,41,79,75
822,38,40,98,119,84,41,0,9,87
822,39,129,111,20,130,136,1,15,42
822,40,7,73,23,133,41,64,55,103
822,41,6,33,63,117,14,9,122,68
822,42,107,8,20,64,44,0,36,26
822,43,95,9,123,23,116,119,29,34
822,44,128,120,29,70,64,95,10,73
823,3,111,11,70,45,112,8,79,36
823,4,131,98,136,133,93,56,42,11
823,5,76,44,34,13,23,58,134,89
823,6,103,79,41,76,28,112,93,39
823,7,70,30,139,134,84,19,130,93
823,8,19,57,55,124,26,80,0,89
823,9,28,23,82,12,35,98,112,75
823,10,112,34,122,91,47,72,143,27
823,11,107,67,141,54,115,121,57,100
823,12,101,19,70,96,110,80,117,68
823,13,55,22,59,41,114,94,3,102
823,14,53,52,90,68,110,117,116,38
823,15,67,28,24,82,125,6,45,25
823,16,30,13,65,117,133,92,5,113
823,17,87,56,134,57,38,120,96,91
823,18,125,78,111,123,63,58,79,127
823,19,10,30,142,18,119,120,122,17
823,20,6,129,77,114,58,37,125,65
823,21,8,72,97,96,80,111,29,74
823,22,86,80,1,54,102,29,77,35
823,23,75,39,88,61,68,125,29,86
823,24,85,60,130,114,81,46,76,12
823,25,74,114,104,19,39,34,55,131
823,26,98,1,113,97,46,94,123,117
823,27,79,24,83,75,4,90,45,77
823,28,138,1,75,27,107,52,114,58
823,29,95,106,120,49,64,124,19,13
823,30,29,46,12,67,131,42,47,39
823,31,6,14,113,23,122,53,34,97
823,32,50,37,93,88,129,0,10,35
823,33,135,22,139,40,18,16,48,125
823,34,83,133,139,80,40,52,68,132
823,35,101,99,97,116,127,64,31,91
823,36,8,104,26,29,63,48,76,130
823,37,95,39,54,134,17,141,79,23
823,38,56,40,129,13,84,98,41,18
823,39,111,124,1,49,130,20,87,26
823,40,33,108,54,6,113,32,133,91
823,41,31,33,117,119,27,14,122,52
823,42,107,93,8,33,76,43,42,49
823,43,84,33,116,137,111,40,139,93
823,44,20,8,27,3,74,126,6,24
824,3,73,70,92,47,10,125,60,15
824,4,99,56,33,125,90,52,20,121
824,5,88,82,102,8,76,41,105,14
824,6,90,123,128,89,41,106,65,37
824,7,139,61,35,17,55,52,1,85
824,8,2,55,124,39,60,15,13,96
824,9,71,98,28,37,45,47,8,122
824,10,52,92,43,72,62,34,5,82
824,11,82,74,123,67,54,96,108,4
824,12,19,33,96,65,70,32,136,2
824,13,41,55,59,57,48,23,114,44
824,14,53,110,52,68,117,35,116,90
824,15,24,67,82,125,25,47,121,33
824,16,30,13,65,92,133,117,107,5
824,17,56,30,11,91,92,128,38,134
824,18,123,58,125,136,63,130,6,79
824,19,142,10,119,30,105,29,9,18
824,20,74,65,39,114,53,58,93,35
824,21,115,77,97,8,111,49,52,96
824,22,54,29,1,80,55,63,18,5
824,23,125,97,29,88,75,46,113,39
824,24,130,94,105,12,120,69,60,137
824,25,74,39,114,42,58,83,71,88
824,26,98,97,132,123,113,93,101,54
824,27,79,42,97,119,118,24,104,62
824,28,107,137,14,127,75,106,80,116
824,29,120,95,106,64,44,18,49,13
824,30,20,29,12,131,93,6,138,11
824,31,6,14,36,125,101,53,122,113
824,32,0,110,85,93,78,28,116,88
824,33,135,57,112,139,22,18,106,69
824,34,76,137,83,68,121,139,63,36
824,35,101,127,64,99,17,91,83,97
824,36,104,26,8,122,16,6,7,39
824,37,134,39,95,10,28,31,17,77
824,38,40,129,68,13,93,9,22,71
824,39,111,1,14,20,53,133,34,55
824,40,103,54,31,23,129,6,32,0
824,41,117,14,52,33,122,40,89,68
824,42,107,76,8,26,23,49,113,110
824,43,116,90,9,29,130,74,93,111
824,44,3,33,30,89,24,109,124,125
825,3,128,112,45,129,8,88,101,32
825,4,129,102,74,9,60,7,122,104
825,5,73,25,75,70,82,60,40,17
825,6,126,37,55,53,57,59,12,80
825,7,11,33,61,85,55,39,49,8
825,8,9,1,22,109,79,60,108,55
825,9,134,101,140,71,122,42,34,36
825,10,116,139,80,27,23,97,89,24
825,11,82,110,76,13,102,136,89,135
825,12,76,96,8,19,53,21,56,0
825,13,116,38,30,59,55,41,78,0
825,14,42,32,116,52,53,63,50,124
825,15,51,37,47,111,99,31,67,125
825,16,77,143,13,55,133,21,76,30
825,17,41,38,19,30,24,11,90,54
825,18,125,123,86,79,111,135,56,63
825,19,10,119,120,142,67,17,21,46
825,20,0,2,65,22,6,42,93,28
825,21,72,111,96,29,115,11,77,97
825,22,35,85,80,25,55,56,78,77
825,23,16,131,25,4,88,11,56,121
825,24,128,43,9,6,130,69,121,108
825,25,74,104,126,5,39,44,82,102
825,26,1,98,97,113,117,77,46,120
825,27,79,75,4,77,24,8,45,83
825,28,1,107,52,136,50,69,109,10
825,29,95,133,106,81,13,39,64,54
825,30,46,29,8,57,42,60,84,47
825,31,14,113,22,97,52,124,56,104
825,32,88,37,55,45,27,0,93,36
825,33,135,13,99,18,47,40,113,48
825,34,83,139,80,132,40,36,117,116
825,35,101,99,64,127,91,143,116,133
825,36,8,26,29,130,104,124,69,43
825,37,39,95,104,79,28,101,18,108
825,38,119,40,84,13,68,98,141,120
825,39,111,130,20,1,18,57,39,56
825,40,67,15,54,103,40,133,72,135
825,41,117,122,33,17,46,65,40,14
825,42,107,76,49,8,26,64,2,110
825,43,116,117,98,82,101,130,103,120
825,44,142,125,17,56,53,120,41,24
826,3,109,88,62,77,63,79,104,113
826,4,112,89,34,125,26,136,27,91
826,5,90,48,130,142,133,28,23,13
826,6,12,106,0,55,34,105,72,84
826,7,22,3,82,74,53,70,80,42
826,8,72,55,88,8,10,81,46,109
826,9,1,71,24,94,90,73,76,29
826,10,110,80,28,89,14,84,126,68
826,11,112,99,10,49,86,20,67,127
826,12,2,96,110,22,4,70,33,135
826,13,130,106,116,0,1,112,41,33
826,14,10,27,116,52,32,34,63,89
826,15,35,57,101,47,6,117,31,18
826,16,21,85,77,133,57,84,120,76
826,17,38,41,24,90,91,19,30,138
826,18,125,86,123,79,55,122,135,120
826,19,10,119,120,127,81,71,105,140
826,20,2,22,65,58,0,6,53,46
826,21,96,115,104,72,111,63,1,31
826,22,80,35,0,54,55,78,19,43
826,23,88,134,36,69,104,125,129,56
826,24,80,68,90,128,114,69,28,44
826,25,74,82,104,34,2,31,136,5
826,26,108,1,113,98,117,22,97,125
826,27,8,79,75,83,45,95,77,24
826,28,109,52,114,107,58,142,2,10
826,29,95,79,133,33,106,136,81,63
826,30,12,47,46,57,29,43,66,92
826,31,14,45,112,68,122,56,113,3
826,32,88,51,93,37,110,121,33,27
826,33,135,18,47,69,112,72,16,48
826,34,83,139,116,40,36,107,117,6
826,35,127,101,64,91,99,143,133,56
826,36,26,8,130,104,29,86,100,49
826,37,39,95,78,28,79,77,108,18
826,38,119,40,98,41,115,141,68,120
826,39,111,130,1,20,70,41,39,133
826,40,35,79,54,15,110,52,91,133
826,41,117,33,14,122,5,65,95,17
826,42,107,76,8,26,49,53,110,105
826,43,98,116,12,101,9,112,82,111
826,44,3,56,19,39,125,53,24,135
827,3,55,28,96,34,52,115,123,63
827,4,52,16,125,123,14,88,48,22
827,5,114,115,52,55,11,75,141,44
827,6,77,28,45,135,106,82,11,121
827,7,128,17,104,86,81,82,42,130
827,8,46,55,34,122,30,10,62,84
827,9,76,71,37,1,108,13,54,86
827,10,2,121,101,44,135,69,9,98
827,11,67,55,116,108,94,29,121,7
827,12,96,19,82,120,13,17,22,89
827,13,41,137,82,112,0,55,32,71
827,14,116,32,52,60,137,24,142,91
827,15,31,115,125,25,15,47,106,12
827,16,76,21,30,52,13,133,110,32
827,17,38,20,124,24,30,19,90,34
827,18,125,123,86,40,79,56,58,49
827,19,10,119,142,120,21,17,108,105
827,20,2,65,22,137,131,82,121,39
827,21,116,104,77,128,1,38,115,64
827,22,80,54,29,55,101,19,0,1
827,23,7,125,134,64,1,88,80,44
827,24,94,69,130,90,137,12,19,71
827,25,74,88,39,34,70,16,35,69
827,26,98,113,97,130,1,7,4,132
827,27,79,75,88,97,133,85,45,20
827,28,93,36,67,137,52,106,127,69
827,29,33,95,106,18,42,121,88,43
827,30,105,75,29,120,46,137,57,11
827,31,90,14,125,136,83,6,113,97
827,32,4,37,25,0,121,59,68,34
827,33,135,40,48,39,113,86,15,47
827,34,83,6,80,40,139,98,117,36
827,35,101,99,127,97,64,91,128,116
827,36,8,26,29,51,130,16,82,9
827,37,95,39,8,53,77,28,79,5
827,38,40,119,34,41,68,18,9,84
827,39,111,1,20,86,18,22,14,39
827,40,54,133,113,6,23,98,125,134
827,41,14,33,21,61,122,117,10,9
827,42,23,105,113,129,107,51,13,87
827,43,32,116,121,90,112,110,67,70
827,44,3,106,64,37,41,33,143,55
828,3,72,98,102,94,86,73,90,88
828,4,109,95,84,91,39,23,34,61
828,5,108,3,75,121,58,95,68,89
828,6,142,62,109,82,130,54,135,34
828,7,23,64,98,134,35,69,122,12
828,8,127,126,104,68,121,72,60,98
828,9,112,56,133,139,55,111,127,30
828,10,71,102,51,9,42,17,127,103
828,11,28,106,8,102,13,51,113,120
828,12,54,57,6,21,131,116,55,79
828,13,6,66,59,63,46,42,116,0
828,14,49,55,64,138,35,143,124,119
828,15,112,2,68,66,101,35,1,132
828,16,126,108,30,133,138,46,101,45
828,17,117,30,95,11,90,56,25,38
828,18,123,125,11,103,63,79,29,58
828,19,10,142,128,105,119,24,30,72
828,20,65,6,74,39,2,52,58,82
828,21,52,77,96,115,1,116,134,109
828,22,46,54,80,29,33,114,1,78
828,23,88,134,80,43,125,113,28,46
828,24,94,69,32,19,109,12,10,90
828,25,74,39,83,58,70,114,129,71
828,26,98,132,97,109,123,113,25,7
828,27,79,42,119,104,97,125,118,76
828,28,107,106,143,14,75,67,137,117
828,29,43,120,44,121,48,123,33,13
828,30,29,105,46,20,11,72,89,118
828,31,90,1,82,125,53,124,36,101
828,32,85,118,60,66,93,25,4,54
828,33,39,40,16,101,139,51,142,48
828,34,40,80,83,107,98,63,137,68
828,35,140,127,101,1,83,99,97,124
828,36,116,58,62,99,8,63,79,9
828,37,14,15,8,29,77,113,99,59
828,38,40,17,104,41,95,141,51,9
828,39,22,28,7,124,86,64,75,110
828,40,133,129,62,23,20,26,53,55
828,41,116,33,68,76,40,61,85,138
828,42,113,143,121,107,58,8,115,23
828,43,15,76,113,9,115,93,111,32
828,44,122,114,76,91,33,104,24,80
829,3,126,104,94,38,74,68,44,58
829,4,93,116,109,91,88,119,4,53
829,5,30,9,12,86,104,125,55,7
829,6,142,40,20,37,139,34,134,78
829,7,33,35,57,117,46,126,125,140
829,8,125,17,139,68,126,12,69,15
829,9,64,78,103,58,94,117,120,81
829,10,128,139,62,69,106,90,15,101
829,11,8,132,28,101,45,44,6,26
829,12,57,54,55,131,21,7,136,6
829,13,66,6,64,44,13,134,33,60
829,14,138,73,64,75,50,143,25,40
829,15,33,68,102,2,59,127,11,103
829,16,108,46,126,27,137,101,14,133
829,17,117,49,90,95,30,6,39,138
829,18,20,123,11,29,86,106,122,132
829,19,10,128,77,94,71,119,118,105
829,20,67,39,12,135,2,32,121,31
829,21,115,77,109,63,9,20,116,110
829,22,106,56,78,63,18,114,59,70
829,23,134,113,28,80,46,6,140,40
829,24,22,94,32,140,69,114,143,90
829,25,74,85,16,39,88,117,70,71
829,26,130,7,27,98,132,97,109,135
829,27,79,121,88,133,46,20,85,97
829,28,126,67,106,86,64,7,52,69
829,29,48,38,121,95,44,29,42,18
829,30,21,75,105,116,11,29,46,80
829,31,125,74,108,80,78,109,102,14
829,32,25,12,66,4,112,60,44,125
829,33,39,106,101,46,135,16,41,112
829,34,63,40,80,104,125,83,30,140
829,35,83,127,99,85,101,16,17,89
829,36,8,116,51,26,15,58,16,78
829,37,14,77,56,15,127,95,99,25
829,38,68,40,93,110,41,18,9,0
829,39,22,86,28,23,7,119,71,5
829,40,23,53,55,133,5,90,24,61
829,41,33,40,76,54,68,6,112,39
829,42,107,44,14,18,8,76,6,26
829,43,34,9,15,110,103,29,116,42
829,44,91,24,9,124,80,67,130,33
830,3,8,24,32,55,94,128,38,70
830,4,119,125,2,83,111,129,116,123
830,5,76,10,23,15,113,86,106,13
830,6,96,39,6,77,82,90,24,63
830,7,96,18,124,53,83,140,13,86
830,8,54,71,10,55,34,116,133,75
830,9,71,4,76,12,122,120,67,27
830,10,122,14,28,48,38,72,69,32
830,11,67,22,140,7,127,85,76,5
830,12,133,24,96,70,59,112,75,37
830,13,41,3,12,69,54,44,34,33
830,14,27,68,35,53,117,88,52,110
830,15,55,93,129,32,69,131,43,117
830,16,30,15,24,13,90,123,106,43
830,17,56,8,89,30,118,101,55,109
830,18,106,136,62,125,56,86,123,79
830,19,10,83,142,79,63,33,12,44
830,20,137,65,11,39,63,40,38,53
830,21,107,70,31,77,80,132,25,10
830,22,134,15,29,80,1,118,83,63
830,23,117,130,112,134,44,89,40,11
830,24,69,130,109,60,122,12,143,124
830,25,39,74,22,43,85,23,71,113
830,26,113,98,115,124,27,96,109,132
830,27,79,119,70,124,114,82,104,59
830,28,107,106,143,6,64,7,132,8
830,29,82,28,121,73,138,116,44,29
830,30,135,46,29,63,11,122,72,99
830,31,125,76,22,3,53,85,124,9
830,32,109,93,72,110,37,116,62,111
830,33,39,16,97,87,100,125,46,48
830,34,40,103,63,80,83,117,36,98
830,35,119,127,101,21,97,140,99,129
830,36,14,108,8,116,15,58,104,39
830,37,68,10,134,14,33,76,77,129
830,38,40,141,9,20,41,17,18,68
830,39,12,22,11,100,86,28,87,10
830,40,93,133,129,122,94,23,68,91
830,41,67,33,70,109,102,18,40,139
830,42,58,107,84,1,8,60,14,46
830,43,132,6,104,15,130,9,47,94
830,44,80,124,83,39,130,20,51,116
831,3,76,119,123,38,118,6,45,79
831,4,125,107,112,14,67,130,102,86
831,5,89,76,62,18,53,102,65,113
831,6,135,20,35,37,139,98,112,105
831,7,22,78,75,19,87,42,90,50
831,8,46,50,11,30,98,130,95,86
831,9,94,81,97,120,71,49,127,42
831,10,101,72,83,32,10,110,139,138
831,11,99,23,49,88,75,140,76,67
831,12,142,37,24,109,96,13,3,43
831,13,130,104,134,45,126,91,105,23
831,14,50,7,76,8,40,130,117,107
831,15,93,35,118,116,18,121,41,135
831,16,0,82,133,79,3,28,125,107
831,17,139,59,56,6,90,106,30,11
831,18,11,37,106,86,20,141,122,101
831,19,128,136,10,5,77,46,116,119
831,20,58,53,6,135,39,45,110,131
831,21,96,115,17,63,107,117,70,42
831,22,77,18,59,11,63,35,57,54
831,23,63,30,134,80,56,36,97,60
831,24,60,69,22,140,12,94,103,90
831,25,74,114,39,19,70,117,85,103
831,26,132,1,77,98,113,130,109,27
831,27,79,130,121,11,133,45,82,88
831,28,75,67,137,106,69,64,140,10
831,29,24,95,121,60,29,116,63,48
831,30,12,11,29,105,56,131,75,46
831,31,6,31,122,125,36,14,136,45
831,32,33,116,18,36,115,134,93,121
831,33,139,135,39,57,112,41,120,16
831,34,137,40,105,48,63,117,36,83
831,35,127,101,54,85,99,97,119,72
831,36,8,26,27,90,104,13,116,131
831,37,29,10,36,134,6,23,95,127
831,38,40,93,22,68,41,18,100,9
831,39,87,14,55,111,118,1,39,56
831,40,123,96,71,53,133,117,5,32
831,41,61,52,33,122,26,44,88,109
831,42,113,23,107,96,8,87,76,26
831,43,72,94,116,112,55,121,124,139
831,44,30,129,36,24,106,143,80,124
832,3,73,36,128,11,29,63,130,26
832,4,49,77,44,46,72,79,88,96
832,5,45,49,137,0,93,134,16,121
832,6,101,121,97,142,141,125,34,78
832,7,24,119,98,66,106,33,15,85
832,8,94,135,126,72,26,33,43,40
832,9,53,30,81,104,43,92,46,141
832,10,125,42,49,41,87,69,18,123
832,11,64,120,121,9,39,134,1,113
832,12,16,11,55,137,67,142,143,54
832,13,6,19,143,134,66,20,42,46
832,14,138,69,78,139,25,100,143,123
832,15,3,87,92,141,38,29,51,1
832,16,131,46,58,85,98,133,47,22
832,17,116,100,56,138,30,95,129,136
832,18,11,103,122,119,123,106,79,125
832,19,131,10,94,71,59,121,77,79
832,20,140,69,135,114,58,32,31,65
832,21,105,63,115,68,109,4,96,17
832,22,126,22,80,33,1,78,79,82
832,23,132,19,60,41,80,115,6,101
832,24,74,96,140,0,103,86,79,53
832,25,59,54,139,66,34,119,24,91
832,26,30,79,15,44,0,37,113,29
832,27,131,46,137,135,56,11,78,27
832,28,20,98,33,46,126,67,47,36
832,29,42,74,48,130,103,87,108,121
832,30,70,75,38,114,126,120,80,4
832,31,8,39,4,108,78,122,85,64
832,32,117,80,25,57,125,3,130,39
832,33,1,85,17,128,106,0,121,79
832,34,38,92,25,123,107,75,114,109
832,35,98,15,67,59,85,76,33,138
832,36,96,15,51,13,16,100,41,84
832,37,45,135,114,127,81,53,69,9
832,38,54,29,131,113,74,68,141,109
832,39,43,96,86,104,60,48,42,136
832,40,53,7,61,78,55,105,2,26
832,41,50,87,25,57,45,55,39,86
832,42,127,54,107,8,69,39,1,70
832,43,138,131,78,70,126,23,116,112
832,44,69,131,10,128,95,112,36,125
833,3,22,54,127,11,105,31,10,13
833,4,39,131,108,69,130,101,91,77
833,5,119,74,89,51,128,121,140,4
833,6,115,120,2,42,47,142,45,79
833,7,79,111,5,31,84,122,106,52
833,8,116,76,98,103,80,141,68,127
833,9,93,82,25,141,136,81,92,120
833,10,39,115,135,56,49,73,24,99
833,11,32,38,132,16,117,104,111,49
833,12,16,106,13,129,14,67,7,116
833,13,115,94,107,6,104,46,140,114
833,14,24,21,132,121,72,134,45,125
833,15,4,130,17,32,9,25,26,126
833,16,141,27,112,98,46,20,70,67
833,17,125,4,103,138,100,34,0,131
833,18,119,122,51,9,72,91,55,3
833,19,94,131,71,140,4,121,33,136
833,20,113,119,69,140,67,116,84,73
833,21,34,4,63,71,89,118,68,103
833,22,140,126,78,22,79,50,43,142
833,23,58,124,60,41,76,6,133,98
833,24,74,69,110,99,96,95,22,54
833,25,119,109,9,139,17,136,59,19
833,26,122,37,79,87,91,42,0,15
833,27,71,131,20,46,56,31,70,78
833,28,29,106,20,74,138,67,38,48
833,29,140,3,121,74,103,30,108,135
833,30,70,75,72,17,124,46,3,87
833,31,94,39,101,8,78,19,84,15
833,32,117,138,1,131,2,116,118,84
833,33,129,128,1,106,84,46,71,39
833,34,47,43,98,65,19,91,62,100
833,35,15,83,128,127,126,75,138,58
833,36,89,13,78,102,16,6,90,96
833,37,109,103,135,48,88,126,12,3
833,38,54,29,63,101,18,32,20,55
833,39,52,43,71,105,2,24,104,140
833,40,2,55,91,44,102,49,65,7
833,41,139,138,55,18,64,48,113,93
833,42,26,53,119,70,61,41,127,48
833,43,36,64,70,137,1,138,127,120
833,44,74,41,92,129,45,2,135,65
834,3,42,99,128,73,136,26,62,15
834,4,46,81,80,7,101,2,104,140
834,5,119,9,73,140,35,15,134,50
834,6,78,121,54,34,130,73,118,20
834,7,105,5,111,45,106,23,11,109
834,8,116,11,127,26,43,22,50,93
834,9,141,93,138,134,136,128,73,117
834,10,39,56,24,99,67,5,69,10
834,11,16,132,62,70,14,69,111,117
834,12,37,16,106,120,7,13,10,36
834,13,115,44,70,54,71,111,15,106
834,14,72,63,112,40,66,134,77,0
834,15,32,4,64,93,121,39,9,116
834,16,141,33,27,47,107,90,137,86
834,17,31,4,103,60,56,67,34,32
834,18,106,86,60,73,51,107,63,120
834,19,94,100,119,129,59,140,102,84
834,20,113,119,27,109,30,103,65,135
834,21,89,77,9,120,1,96,92,116
834,22,117,50,130,12,78,44,37,118
834,23,72,133,120,117,49,140,58,24
834,24,69,22,50,120,95,143,109,90
834,25,74,115,38,126,107,86,22,139
834,26,97,115,66,118,46,12,91,105
834,27,104,20,120,79,33,12,62,97
834,28,133,106,107,38,29,25,136,8
834,29,121,104,3,26,119,87,88,39
834,30,46,72,28,29,41,123,96,44
834,31,22,124,10,9,85,123,32,64
834,32,20,42,37,93,2,131,4,88
834,33,39,40,127,129,60,119,106,62
834,34,40,83,98,129,33,36,42,140
834,35,127,73,65,80,124,5,81,117
834,36,116,111,35,61,36,14,76,9
834,37,14,16,111,109,15,112,84,7
834,38,134,96,64,84,18,68,117,109
834,39,115,92,86,28,105,13,134,121
834,40,133,2,124,126,91,98,37,90
834,41,68,33,90,7,76,75,37,58
834,42,107,8,69,26,44,18,10,127
834,43,64,49,70,24,1,25,131,6
834,44,61,143,113,17,79,118,34,24
835,3,81,13,24,94,136,15,54,38
835,4,103,20,88,135,37,106,39,65
835,5,91,117,123,80,29,89,107,85
835,6,113,67,106,135,34,42,132,71
835,7,99,53,52,57,124,137,140,111
835,8,63,16,31,42,72,101,27,91
835,9,103,87,93,136,36,101,141,42
835,10,111,47,65,39,100,99,66,58
835,11,78,91,59,104,117,138,69,66
835,12,37,67,13,140,98,59,49,120
835,13,115,36,10,70,54,60,44,86
835,14,72,25,95,97,63,123,40,24
835,15,32,11,134,4,25,116,76,44
835,16,20,6,141,33,47,107,45,56
835,17,56,67,0,31,4,6,140,43
835,18,31,86,106,73,91,132,107,3
835,19,79,129,94,37,59,140,119,71
835,20,105,135,113,45,67,30,49,102
835,21,9,113,14,89,120,77,92,85
835,22,12,44,20,117,78,101,103,125
835,23,24,117,47,105,58,98,133,10
835,24,69,33,27,61,95,32,129,35
835,25,74,45,115,114,76,109,126,38
835,26,115,134,118,78,75,116,47,97
835,27,25,100,104,71,120,77,70,56
835,28,31,38,106,119,29,25,139,120
835,29,121,0,103,26,76,52,87,27
835,30,44,142,104,46,51,101,28,124
835,31,19,15,94,130,10,143,45,66
835,32,42,70,37,129,59,51,10,88
835,33,39,56,129,13,65,68,71,52
835,34,112,100,40,47,67,106,42,107
835,35,66,127,143,69,6,113,59,138
835,36,89,48,111,27,116,63,6,35
835,37,70,10,88,69,123,71,48,95
835,38,62,134,101,18,20,32,114,71
835,39,84,105,82,71,89,86,137,44
835,40,2,48,44,4,68,88,49,118
835,41,63,28,86,91,21,112,90,141
835,42,107,89,119,17,90,8,125,141
835,43,74,129,95,70,66,120,1,107
835,44,139,70,68,115,143,10,45,25
836,3,55,85,41,96,43,93,25,37
836,4,105,125,86,5,66,2,126,93
836,5,56,36,128,102,62,116,54,139
836,6,63,52,89,50,34,37,49,39
836,7,36,17,18,130,82,70,19,85
836,8,10,54,55,46,81,122,68,62
836,9,15,4,122,14,71,83,12,88
836,10,122,53,28,17,86,96,22,113
836,11,7,85,67,121,104,26,110,100
836,12,70,59,117,115,2,120,81,112
836,13,108,21,10,100,90,3,142,34
836,14,0,10,72,53,103,117,111,68
836,15,76,32,64,40,93,57,121,14
836,16,37,80,13,111,33,27,116,21
836,17,67,56,31,123,37,81,110,74
836,18,31,106,0,73,42,107,33,115
836,19,129,119,78,59,63,37,140,64
836,20,109,102,27,105,12,135,49,127
836,21,89,120,9,14,77,13,92,115
836,22,117,44,103,20,130,128,12,101
836,23,117,24,105,49,133,118,33,112
836,24,69,15,18,33,139,50,95,82
836,25,74,38,136,115,109,93,86,88
836,26,91,115,97,118,7,53,88,4
836,27,100,104,25,71,33,120,112,23
836,28,29,106,38,119,67,120,133,134
836,29,121,3,103,29,27,100,48,140
836,30,104,44,46,41,72,67,142,21
836,31,125,124,94,29,15,51,19,143
836,32,42,66,2,118,4,70,12,116
836,33,39,106,129,43,117,130,16,41
836,34,40,100,112,83,42,104,23,30
836,35,127,19,62,124,75,67,73,83
836,36,116,61,111,89,35,46,131,69
836,37,14,70,15,141,95,16,129,109
836,38,134,64,44,117,54,32,96,30
836,39,115,86,105,84,135,92,13,82
836,40,2,124,133,98,49,46,32,104
836,41,90,68,27,142,66,70,75,50
836,42,38,89,107,10,22,119,53,17
836,43,86,74,66,13,69,114,107,127
836,44,127,136,5,22,90,119,49,34
837,3,103,92,143,85,11,25,55,37
837,4,37,27,75,35,125,81,20,133
837,5,133,47,44,140,8,110,41,66
837,6,5,28,105,49,87,138,52,31
837,7,36,17,82,13,43,42,137,18
837,8,81,54,46,125,53,40,29,62
837,9,57,4,142,88,109,12,128,27
837,10,3,122,105,135,77,90,45,38
837,11,67,85,121,100,98,61,92,123
837,12,52,117,59,70,50,75,25,11
837,13,21,93,108,69,65,124,84,10
837,14,0,38,72,10,130,48,53,117
837,15,63,14,64,121,33,75,114,143
837,16,111,13,99,95,116,73,30,27
837,17,22,126,69,56,42,81,21,59
837,18,33,106,80,102,42,20,115,72
837,19,50,63,119,10,29,22,20,37
837,20,102,65,12,103,135,130,99,108
837,21,54,11,47,77,20,64,49,107
837,22,130,119,29,12,6,117,62,36
837,23,112,117,33,29,11,100,120,133
837,24,139,141,69,15,84,82,109,17
837,25,74,39,115,58,139,113,19,38
837,26,105,98,115,97,109,17,12,1
837,27,12,97,79,5,128,106,70,33
837,28,38,106,107,130,65,120,58,66
837,29,104,121,138,57,61,95,18,87
837,30,46,29,17,110,59,99,136,131
837,31,22,124,63,125,10,2,3,46
837,32,20,42,78,37,76,131,5,59
837,33,62,39,4,119,86,112,73,67
837,34,40,99,98,80,83,115,36,68
837,35,127,73,65,5,94,124,117,113
837,36,121,116,82,51,35,58,112,17
837,37,14,64,115,15,132,95,113,65
837,38,64,127,134,130,40,136,32,18
837,39,115,28,92,135,67,141,90,44
837,40,82,133,124,64,100,126,65,28
837,41,68,90,33,75,29,76,118,19
837,42,107,89,8,47,42,10,119,102
837,43,74,13,65,114,112,4,93,59
837,44,5,119,44,22,79,117,86,31
838,3,72,59,95,80,13,34,109,141
838,4,73,80,93,25,13,126,38,116
838,5,30,9,117,99,47,93,127,70
838,6,16,51,66,92,37,116,130,42
838,7,118,117,108,139,70,93,11,101
838,8,93,17,22,63,68,137,112,25
838,9,52,140,131,56,130,32,104,101
838,10,83,13,51,102,57,56,27,69
838,11,101,1,132,16,77,26,8,102
838,12,108,37,110,85,57,84,21,58
838,13,60,86,70,10,6,54,44,115
838,14,73,55,72,0,138,77,124,40
838,15,117,32,4,48,68,109,59,127
838,16,27,47,102,132,137,83,46,57
838,17,31,0,141,74,56,43,6,140
838,18,106,107,86,122,20,70,57,130
838,19,119,77,78,100,118,71,140,59
838,20,67,135,12,127,121,79,37,17
838,21,9,63,77,115,132,110,28,1
838,22,125,78,65,106,18,59,57,133
838,23,54,72,137,133,140,113,6,2
838,24,69,22,120,50,99,129,56,95
838,25,74,38,76,88,115,86,139,17
838,26,97,115,91,46,70,53,118,66
838,27,104,120,20,62,97,71,94,58
838,28,106,133,29,38,107,126,121,86
838,29,121,3,29,44,103,26,113,87
838,30,46,21,72,96,67,41,28,29
838,31,22,124,125,29,10,94,103,74
838,32,42,66,2,12,37,60,4,13
838,33,39,106,129,127,112,43,41,55
838,34,40,83,98,30,140,42,127,104
838,35,127,73,65,35,117,124,62,39
838,36,116,121,46,35,61,9,110,14
838,37,14,15,16,141,7,115,84,126
838,38,134,64,87,18,54,117,135,27
838,39,115,86,92,105,9,28,135,64
838,40,133,124,2,98,32,55,66,36
838,41,90,68,76,50,6,66,75,33
838,42,107,8,36,47,26,44,53,1
838,43,49,25,111,81,64,54,125,59
838,44,44,79,22,31,7,135,86,24
839,3,5,98,41,29,72,128,13,45
839,4,129,106,61,105,107,2,24,142
839,5,91,136,6,133,29,64,82,143
839,6,56,45,95,76,46,86,4,134
839,7,5,41,101,18,50,15,93,102
839,8,88,54,140,75,91,64,132,10
839,9,15,71,136,115,55,13,127,60
839,10,121,19,47,37,86,71,93,137
839,11,7,127,94,104,2,117,67,140
839,12,33,96,37,127,12,109,57,49
839,13,27,86,99,10,71,101,137,41
839,14,126,76,124,72,71,22,113,67
839,15,143,45,32,127,43,93,129,17
839,16,78,11,74,106,120,110,21,67
839,17,56,134,140,43,0,95,121,6
839,18,106,42,31,86,105,10,46,77
839,19,63,119,9,79,10,90,130,64
839,20,143,63,65,100,76,114,127,12
839,21,77,139,10,70,116,106,17,20
839,22,29,21,78,118,141,12,99,77
839,23,130,77,117,38,78,89,16,25
839,24,69,89,46,109,59,130,122,138
839,25,74,22,115,76,40,139,113,125
839,26,96,97,115,131,118,46,88,25
839,27,104,22,62,20,120,33,49,114
839,28,133,107,121,38,140,110,132,58
839,29,119,61,104,121,73,69,62,135
839,30,46,132,112,41,59,14,30,131
839,31,22,124,10,32,35,2,113,84
839,32,37,20,93,42,106,69,24,33
839,33,39,127,40,48,15,50,60,13
839,34,40,83,103,98,33,115,140,56
839,35,117,65,73,127,77,84,124,35
839,36,82,116,141,110,143,113,108,14
839,37,14,16,68,141,36,104,19,110
839,38,55,87,141,117,115,64,128,104
839,39,115,92,9,28,88,57,90,135
839,40,2,133,92,20,50,70,130,125
839,41,33,126,68,29,46,75,67,124
839,42,107,8,109,36,58,53,42,35
839,43,25,128,64,111,104,120,6,118
839,44,71,31,79,83,17,24,135,59
840,3,36,107,41,48,125,90,68,115
840,4,118,70,21,101,124,56,66,27
840,5,93,47,41,127,136,106,111,13
840,6,110,43,8,107,86,92,16,134
840,7,104,44,18,130,96,13,80,70
840,8,17,65,81,62,133,58,60,75
840,9,4,89,28,98,112,120,142,1
840,10,122,47,48,91,123,71,130,129
840,11,105,67,77,52,10,104,88,89
840,12,19,31,96,127,115,63,52,10
840,13,109,41,108,52,71,20,23,132
840,14,53,68,10,101,124,103,28,51
840,15,143,21,18,76,19,74,10,103
840,16,30,78,13,123,22,126,35,18
840,17,56,20,69,134,2,109,43,108
840,18,106,97,80,44,62,104,86,93
840,19,63,10,119,9,79,22,21,34
840,20,65,114,130,9,76,125,109,40
840,21,77,10,14,20,70,107,139,38
840,22,21,29,141,26,1,117,129,111
840,23,78,117,50,77,69,104,99,62
840,24,69,130,82,33,18,129,109,13
840,25,74,123,39,11,45,118,115,126
840,26,97,115,136,105,46,87,134,82
840,27,62,104,120,20,9,89,22,114
840,28,133,31,107,38,4,43,110,127
840,29,119,104,121,73,61,49,120,0
840,30,46,122,88,135,44,59,41,86
840,31,22,124,10,35,113,27,23,90
840,32,20,93,37,10,78,42,61,85
840,33,39,62,40,51,44,15,16,4
840,34,40,99,83,28,98,103,127,79
840,35,65,73,127,66,19,117,119,77
840,36,116,17,136,141,83,82,27,14
840,37,14,112,68,60,33,113,48,53
840,38,64,94,34,44,71,18,143,128
840,39,115,13,55,63,57,100,92,109
840,40,20,122,92,133,79,94,14,93
840,41,33,70,85,68,102,126,75,18
840,42,38,58,40,107,8,115,45,60
840,43,61,86,142,39,6,113,115,66
840,44,127,37,119,43,136,19,76,79
841,3,26,92,80,93,36,86,82,85
841,4,125,25,62,100,136,38,130,133
841,5,130,8,64,133,124,27,28,26
841,6,107,111,102,117,11,129,87,63
841,7,6,104,14,82,4,136,128,44
841,8,67,18,122,54,10,0,78,17
841,9,120,4,15,88,60,42,27,76
841,10,122,47,105,3,75,49,109,91
841,11,67,124,121,18,20,63,82,35
841,12,19,70,31,115,81,128,49,95
841,13,41,109,71,39,48,27,55,20
841,14,53,68,124,63,6,28,19,29
841,15,23,143,121,19,21,91,18,115
841,16,63,30,13,78,45,67,22,21
841,17,56,2,89,87,30,70,107,140
841,18,106,56,42,14,65,1,93,58
841,19,63,10,110,119,9,114,79,68
841,20,114,65,102,38,40,129,1,134
841,21,2,77,106,135,47,139,10,70
841,22,29,21,36,44,1,10,31,64
841,23,33,117,50,99,133,112,142,2
841,24,130,69,129,72,17,113,109,85
841,25,74,123,11,45,113,65,126,70
841,26,115,97,46,93,4,138,118,111
841,27,120,104,62,20,49,22,106,112
841,28,133,6,107,31,40,25,116,38
841,29,119,104,61,73,103,52,11,75
841,30,46,135,41,14,59,43,67,29
841,31,22,124,113,10,35,90,23,91
841,32,20,93,18,123,137,75,37,66
841,33,39,40,97,51,120,85,62,4
841,34,40,83,99,28,98,105,129,103
841,35,65,117,73,103,19,77,143,127
841,36,116,136,14,27,141,143,23,114
841,37,68,14,138,33,16,48,141,23
841,38,128,105,64,65,44,115,18,24
841,39,115,13,63,55,135,9,43,45
841,40,93,133,20,92,109,140,91,94
841,41,33,68,102,70,28,85,126,4
841,42,58,107,40,8,60,115,42,88
841,43,6,61,39,100,115,142,111,25
841,44,37,43,119,103,76,89,79,135
842,3,59,91,45,44,104,96,54,128
842,4,104,64,55,6,122,142,121,81
842,5,0,83,54,110,28,90,70,138
842,6,74,1,126,20,49,70,34,61
842,7,72,15,93,101,132,108,55,58
842,8,4,45,59,101,51,61,68,62
842,9,34,36,5,46,32,87,63,71
842,10,12,79,97,94,122,139,131,57
842,11,46,42,27,51,54,2,75,26
842,12,120,96,76,53,19,33,103,41
842,13,122,35,109,68,77,100,27,71
842,14,106,124,53,90,129,42,63,24
842,15,43,23,99,143,19,102,110,51
842,16,63,55,74,79,61,31,106,118
842,17,56,134,41,8,45,20,110,11
842,18,1,44,106,87,42,46,137,93
842,19,63,75,9,119,10,133,64,34
842,20,65,143,112,6,40,45,127,137
842,21,77,112,10,70,106,117,63,46
842,22,99,25,29,116,21,78,141,118
842,23,16,40,130,142,69,90,77,6
842,24,121,69,130,134,46,89,131,128
842,25,74,118,22,112,113,76,126,5
842,26,97,111,138,115,25,42,87,46
842,27,62,120,20,79,104,54,71,89
842,28,133,109,38,50,107,118,91,110
842,29,98,121,104,39,119,61,11,113
842,30,46,59,143,30,44,57,131,74
842,31,22,124,10,113,35,106,125,94
842,32,37,93,20,78,68,51,137,55
842,33,39,40,13,4,127,48,16,62
842,34,40,98,83,28,24,103,56,129
842,35,65,127,73,99,69,10,5,19
842,36,17,116,82,7,141,76,65,140
842,37,14,16,104,68,51,101,72,5
842,38,64,33,87,40,119,116,84,18
842,39,115,92,28,136,100,57,86,110
842,40,70,133,92,2,50,79,52,137
842,41,33,48,68,126,46,18,75,43
842,42,107,8,109,36,80,40,108,118
842,43,25,111,128,142,60,53,30,51
842,44,31,79,24,59,17,142,135,92
843,3,109,122,32,43,25,114,41,138
843,4,125,116,89,62,37,15,70,124
843,5,50,89,142,130,62,15,116,25
843,6,12,72,96,37,110,20,71,112
843,7,39,42,53,83,128,19,96,136
843,8,10,8,54,109,55,83,60,3
843,9,71,129,88,29,128,120,101,34
843,10,29,122,110,1,40,23,104,72
843,11,67,54,112,104,89,121,9,115
843,12,96,2,70,19,112,59,133,90
843,13,71,41,43,122,62,38,69,138
843,14,137,117,63,53,13,131,89,66
843,15,32,143,58,93,101,19,39,99
843,16,85,63,122,54,75,90,137,55
843,17,56,72,109,71,95,26,80,34
843,18,44,86,106,1,135,87,27,116
843,19,119,63,79,9,109,10,17,133
843,20,67,45,24,46,65,12,130,40
843,21,77,80,85,31,116,139,106,104
843,22,21,29,101,117,78,86,94,134
843,23,77,36,61,69,104,129,85,117
843,24,69,80,130,129,68,81,100,13
843,25,74,118,126,114,88,113,76,55
843,26,70,97,115,125,82,25,4,94
843,27,120,62,71,22,104,140,28,54
843,28,109,114,133,38,31,4,58,110
843,29,79,121,61,138,104,39,113,101
843,30,46,143,139,135,12,30,88,47
843,31,22,10,124,113,35,125,106,94
843,32,110,20,93,37,78,85,127,88
843,33,39,100,51,48,40,4,97,139
843,34,40,98,83,56,74,36,65,41
843,35,65,127,73,69,50,10,5,99
843,36,82,17,116,76,46,50,96,136
843,37,112,14,101,50,33,18,127,78
843,38,64,94,71,18,116,14,87,33
843,39,115,55,92,75,83,141,34,20
843,40,35,2,37,92,94,79,20,140
843,41,33,126,75,68,12,18,70,35
843,42,107,8,40,36,12,109,88,115
843,43,25,111,64,9,120,142,53,112
843,44,19,79,71,24,31,135,105,59
844,3,36,107,41,90,125,121,48,115
844,4,118,20,21,100,128,34,97,30
844,5,93,135,24,52,118,58,140,104
844,6,112,86,110,139,43,105,12,92
844,7,44,2,104,137,83,70,99,81
844,8,17,65,81,51,15,68,39,109
844,9,4,122,76,89,14,142,12,112
844,10,122,48,47,40,123,50,138,77
844,11,105,67,77,54,143,89,46,115
844,12,19,70,58,133,120,52,96,95
844,13,41,108,69,71,122,23,43,48
844,14,53,68,137,10,66,13,35,82
844,15,143,18,21,19,35,41,32,129
844,16,63,30,123,85,90,126,54,21
844,17,56,20,109,8,72,26,80,95
844,18,106,44,86,62,93,14,1,42
844,19,63,10,119,79,9,44,133,52
844,20,42,65,71,45,46,100,114,109
844,21,74,95,77,70,46,10,104,71
844,22,21,101,29,26,1,6,117,137
844,23,50,99,30,117,7,77,69,112
844,24,69,130,109,137,94,105,17,119
844,25,74,118,88,123,76,117,115,113
844,26,97,93,46,25,82,4,136,109
844,27,20,79,104,120,62,71,108,22
844,28,29,106,133,40,137,31,43,110
844,29,121,27,44,60,62,138,87,75
844,30,46,72,139,41,20,85,143,44
844,31,113,124,22,90,94,125,3,10
844,32,85,37,78,42,34,20,74,10
844,33,39,51,44,16,40,48,57,142
844,34,40,83,28,98,137,24,36,44
844,35,127,65,66,19,69,83,99,4
844,36,17,116,136,76,77,35,85,50
844,37,14,112,74,115,108,48,101,113
844,38,44,94,18,51,64,82,71,27
844,39,115,13,55,86,75,77,63,122
844,40,77,133,140,2,98,14,128,37
844,41,33,68,70,12,112,18,85,75
844,42,115,107,8,40,12,23,4,34
844,43,142,61,115,113,93,111,76,32
844,44,37,43,19,79,76,31,41,135
845,3,74,126,105,56,94,26,87,14
845,4,48,50,75,71,10,113,91,0
845,5,141,30,7,8,15,44,75,36
845,6,122,142,55,34,46,109,40,10
845,7,41,57,117,72,114,50,38,126
845,8,17,137,139,93,114,5,29,42
845,9,96,34,131,36,6,115,32,117
845,10,139,15,128,79,136,92,124,104
845,11,132,42,8,45,54,110,13,7
845,12,96,41,57,21,120,33,46,103
845,13,122,64,6,134,82,44,130,70
845,14,97,106,138,45,76,64,114,124
845,15,102,68,33,109,143,43,93,57
845,16,14,137,3,106,53,108,24,119
845,17,56,117,49,8,11,45,0,90
845,18,106,1,86,20,29,37,87,42
845,19,119,128,71,9,63,105,94,10
845,20,67,141,39,127,12,37,65,54
845,21,77,9,63,116,139,129,117,96
845,22,71,106,63,78,11,94,129,19
845,23,77,6,113,46,133,54,2,60
845,24,69,19,32,114,107,50,90,22
845,25,74,88,115,76,113,139,5,43
845,26,97,91,66,53,82,109,25,46
845,27,20,62,79,104,71,22,94,33
845,28,107,29,133,110,106,7,19,97
845,29,121,3,44,46,26,104,119,113
845,30,46,72,59,28,41,123,32,42
845,31,124,22,113,10,3,130,74,32
845,32,78,42,37,13,68,74,20,60
845,33,40,39,127,48,46,129,112,16
845,34,83,40,79,104,129,29,68,117
845,35,127,65,19,69,73,81,63,101
845,36,116,107,61,35,43,76,7,85
845,37,14,16,110,68,109,77,104,111
845,38,87,70,84,134,115,40,69,136
845,39,115,86,92,97,28,49,77,135
845,40,133,98,23,92,68,124,5,88
845,41,33,68,112,90,6,40,102,15
845,42,107,8,44,123,37,26,124,53
845,43,111,53,25,120,107,34,142,103
845,44,31,13,79,33,135,76,122,40
846,3,28,3,4,142,143,134,58,52
846,4,125,119,86,102,72,142,11,9
846,5,88,130,64,39,133,128,11,139
846,6,49,95,28,45,138,76,107,20
846,7,22,128,42,85,106,41,137,103
846,8,10,55,54,39,50,140,18,51
846,9,71,31,122,73,75,4,102,36
846,10,122,110,38,137,72,89,84,47
846,11,67,98,22,12,24,139,100,115
846,12,96,70,2,49,17,133,14,30
846,13,44,41,62,71,126,77,55,100
846,14,53,63,117,137,72,13,91,123
846,15,23,93,90,19,129,128,131,58
846,16,137,63,93,107,60,54,85,110
846,17,11,56,87,47,71,123,92,141
846,18,87,86,1,19,106,44,138,84
846,19,119,63,9,10,79,117,109,81
846,20,67,65,39,50,106,41,76,37
846,21,80,77,139,116,31,13,102,130
846,22,134,77,71,21,83,29,86,103
846,23,85,61,77,33,30,67,25,133
846,24,69,60,12,130,70,109,37,137
846,25,74,114,88,118,115,76,87,40
846,26,97,66,12,105,46,75,40,53
846,27,62,22,97,20,137,71,120,79
846,28,58,29,75,137,127,110,107,45
846,29,60,121,79,120,49,0,87,103
846,30,46,72,12,43,41,63,139,28
846,31,122,124,125,113,85,22,76,10
846,32,32,42,93,116,37,20,78,29
846,33,39,123,40,57,121,48,139,100
846,34,83,40,129,79,29,137,50,91
846,35,127,21,123,117,65,73,35,69
846,36,116,104,35,9,111,85,20,76
846,37,14,68,33,49,96,77,138,16
846,38,71,84,109,64,115,47,141,93
846,39,115,55,11,77,137,135,12,64
846,40,36,77,133,123,109,91,5,32
846,41,33,118,68,98,75,86,126,138
846,42,107,87,23,8,26,1,113,39
846,43,104,6,70,111,132,121,93,103
846,44,129,79,135,24,31,83,40,116
847,3,54,39,18,45,134,26,104,42
847,4,46,110,81,140,44,4,122,66
847,5,43,0,9,134,104,21,62,65
847,6,130,78,68,34,121,70,64,97
847,7,87,106,24,23,98,90,122,50
847,8,126,93,43,68,9,61,33,95
847,9,9,141,30,131,134,81,104,126
847,10,102,127,42,24,69,49,116,41
847,11,6,120,8,101,1,13,138,98
847,12,11,6,55,131,96,37,111,36
847,13,44,6,60,19,66,42,116,143
847,14,100,138,53,45,137,6,143,50
847,15,59,66,109,3,106,143,80,93
847,16,137,101,87,108,28,46,27,91
847,17,101,56,116,11,128,6,117,43
847,18,29,11,57,19,86,119,106,122
847,19,118,71,77,140,94,128,136,78
847,20,67,31,121,39,135,12,127,79
847,21,9,132,116,105,63,52,103,110
847,22,106,33,94,129,98,126,143,78
847,23,6,83,60,77,133,117,80,64
847,24,0,69,94,32,22,119,142,103
847,25,74,117,107,43,109,118,70,139
847,26,27,135,97,72,91,115,66,13
847,27,88,104,71,20,131,137,46,121
847,28,106,98,38,86,135,29,136,133
847,29,121,42,48,3,29,108,38,128
847,30,72,46,114,13,75,110,116,11
847,31,102,87,10,94,101,80,127,51
847,32,12,66,130,120,37,42,80,83
847,33,39,106,101,85,121,129,16,100
847,34,40,125,38,42,83,20,82,45
847,35,127,69,13,42,39,65,87,10
847,36,77,61,116,29,51,5,99,110
847,37,36,14,135,48,23,15,77,95
847,38,68,95,32,141,92,70,25,47
847,39,115,134,5,22,135,86,92,104
847,40,90,53,55,61,126,23,133,27
847,41,25,45,76,68,58,75,138,2
847,42,107,69,70,47,1,26,8,32
847,43,52,44,49,78,110,10,70,120
847,44,113,118,61,68,79,143,135,112
848,3,75,76,128,40,13,93,42,68
848,4,24,67,117,3,125,48,123,112
848,5,89,55,133,6,111,98,106,117
848,6,46,20,77,83,99,110,74,135
848,7,42,86,53,66,21,128,132,125
848,8,47,10,46,98,11,29,55,0
848,9,71,83,76,81,102,97,37,15
848,10,37,83,138,20,40,66,140,94
848,11,22,49,76,67,99,55,44,23
848,12,24,37,99,95,70,106,129,98
848,13,19,13,101,128,134,106,38,28
848,14,40,72,13,32,111,108,63,91
848,15,69,135,32,39,1,129,93,139
848,16,79,43,32,25,112,20,97,59
848,17,55,141,59,64,0,128,90,6
848,18,9,86,23,122,115,17,20,119
848,19,65,140,33,0,71,78,42,68
848,20,135,121,26,38,93,79,2,39
848,21,132,107,18,72,139,9,32,63
848,22,104,134,65,78,2,98,133,125
848,23,89,137,117,77,54,130,113,40
848,24,122,69,95,44,60,129,72,109
848,25,74,107,51,43,18,113,109,22
848,26,27,91,115,109,97,25,122,24
848,27,104,120,71,12,88,100,106,114
848,28,133,106,121,136,38,135,8,75
848,29,121,100,51,101,60,34,29,65
848,30,46,104,13,29,57,10,131,17
848,31,22,87,10,76,94,2,124,77
848,32,109,42,20,37,93,19,66,29
848,33,39,72,129,48,16,42,120,15
848,34,40,125,100,20,129,83,42,108
848,35,65,127,73,69,41,80,128,124
848,36,116,5,61,82,79,135,27,108
848,37,91,15,76,36,14,29,112,16
848,38,44,14,32,70,30,64,68,34
848,39,92,115,84,100,134,28,9,131
848,40,122,96,2,133,66,53,49,110
848,41,68,109,33,75,44,107,139,98
848,42,107,47,8,84,26,135,87,53
848,43,13,132,112,140,94,130,70,139
848,44,79,83,80,68,18,30,24,51
849,3,59,72,37,83,75,44,54,50
849,4,73,80,93,96,122,3,22,109
849,5,9,30,109,14,104,8,70,115
849,6,66,116,92,74,142,42,46,118
849,7,118,27,69,117,66,114,98,142
849,8,22,137,25,17,93,47,27,26
849,9,52,140,131,84,43,81,29,91
849,10,83,13,128,132,102,27,98,90
849,11,16,1,132,8,23,13,70,101
849,12,7,84,42,37,21,71,57,89
849,13,19,70,6,13,63,125,134,38
849,14,73,57,40,13,72,138,42,91
849,15,117,69,102,68,109,100,59,132
849,16,20,27,25,59,24,133,106,74
849,17,56,55,64,11,51,141,110,111
849,18,44,106,42,27,87,46,93,1
849,19,63,9,79,1,83,21,64,10
849,20,130,39,135,65,121,137,94,73
849,21,107,132,10,70,63,18,54,73
849,22,141,125,109,133,21,15,56,29
849,23,40,137,117,128,113,100,54,24
849,24,122,69,109,89,17,32,102,13
849,25,74,107,51,43,113,20,4,40
849,26,97,27,25,98,115,35,109,122
849,27,104,100,71,12,79,88,106,114
849,28,133,136,106,121,107,38,25,88
849,29,121,101,3,51,104,34,29,20
849,30,46,13,29,51,28,57,123,34
849,31,22,10,87,124,42,77,74,2
849,32,42,37,20,92,68,2,93,12
849,33,39,72,48,52,129,16,101,15
849,34,40,125,83,20,112,43,99,108
849,35,127,65,97,73,140,35,124,45
849,36,116,61,82,5,79,89,114,104
849,37,91,14,15,16,99,29,77,111
849,38,32,95,87,68,70,30,44,34
849,39,92,28,115,134,13,86,103,135
849,40,2,133,66,53,112,68,92,3
849,41,68,126,76,75,33,54,142,112
849,42,107,47,36,131,8,44,26,91
849,43,10,49,63,25,52,120,9,81
849,44,81,79,68,0,86,9,42,71
850,3,98,5,41,138,85,83,39,88
850,4,129,99,106,100,61,83,4,65
850,5,0,91,6,29,86,115,76,116
850,6,56,77,46,71,95,40,89,96
850,7,136,5,93,101,11,104,41,15
850,8,88,47,75,40,0,136,71,54
850,9,136,15,71,118,60,55,46,97
850,10,37,47,19,126,122,130,69,118
850,11,7,127,29,104,67,69,58,13
850,12,33,24,96,37,57,99,31,49
850,13,27,99,101,19,128,41,5,12
850,14,126,124,72,53,10,123,56,35
850,15,143,32,45,69,88,43,117,140
850,16,78,74,11,63,24,25,106,75
850,17,56,64,110,47,55,134,111,30
850,18,31,106,42,46,56,105,27,23
850,19,63,79,9,95,10,77,22,59
850,20,63,114,143,121,100,130,75,135
850,21,107,10,132,18,70,35,22,99
850,22,141,26,125,9,133,39,21,29
850,23,130,117,40,89,128,120,136,112
850,24,89,122,69,106,21,109,13,111
850,25,74,51,107,22,43,113,40,39
850,26,131,25,115,96,122,77,35,87
850,27,104,33,12,75,50,106,49,128
850,28,133,107,121,106,82,25,136,116
850,29,101,119,104,121,61,73,87,56
850,30,46,132,30,123,131,86,34,141
850,31,22,10,124,9,2,106,32,137
850,32,42,93,20,74,106,33,109,37
850,33,39,48,50,87,40,80,72,13
850,34,40,99,103,83,112,36,122,52
850,35,97,117,73,84,5,65,119,72
850,36,82,116,108,143,91,61,36,60
850,37,14,16,36,91,109,76,37,88
850,38,64,87,55,84,37,116,104,20
850,39,92,115,28,100,19,68,70,63
850,40,70,2,122,92,96,5,31,94
850,41,75,33,126,67,46,4,21,29
850,42,107,8,36,109,58,84,64,80
850,43,132,128,25,120,82,64,9,74
850,44,71,83,31,79,24,143,51,67
851,3,86,133,63,108,134,51,19,40
851,4,101,123,70,62,135,117,113,72
851,5,136,34,111,28,98,89,20,127
851,6,108,11,6,107,123,12,135,52
851,7,104,74,81,78,38,137,139,6
851,8,124,72,75,52,133,114,34,4
851,9,130,12,27,46,4,136,120,94
851,10,122,47,30,91,69,113,116,124
851,11,67,3,18,52,78,89,85,13
851,12,19,31,133,2,14,143,107,121
851,13,41,71,109,108,69,36,39,43
851,14,53,68,62,63,13,25,65,73
851,15,143,35,43,104,121,118,125,91
851,16,130,30,18,20,33,63,94,21
851,17,56,123,134,110,2,85,107,30
851,18,86,56,106,59,31,122,111,14
851,19,79,77,120,34,60,59,40,94
851,20,105,114,121,9,129,79,135,125
851,21,107,132,14,63,42,70,78,91
851,22,141,28,27,78,110,64,115,26
851,23,62,117,47,18,78,67,40,17
851,24,130,122,69,133,111,89,106,85
851,25,74,123,51,107,43,39,20,131
851,26,25,131,115,112,64,136,3,22
851,27,104,49,71,30,50,93,74,33
851,28,133,38,107,136,132,138,117,82
851,29,101,104,119,25,121,87,23,56
851,30,86,46,102,141,93,131,115,110
851,31,10,22,48,135,64,106,35,32
851,32,52,95,74,10,81,51,20,24
851,33,15,48,62,50,113,86,16,13
851,34,40,74,99,127,1,122,52,107
851,35,26,97,5,103,99,142,140,131
851,36,121,43,50,8,1,136,110,124
851,37,83,88,36,47,54,16,119,30
851,38,84,97,37,143,88,74,16,30
851,39,9,133,70,115,58,120,100,92
851,40,64,20,11,77,131,92,94,12
851,41,75,33,19,103,102,82,101,32
851,42,107,58,132,45,40,88,14,35
851,43,43,129,39,21,64,12,100,9
851,44,50,36,62,19,57,74,35,58
852,3,86,8,90,42,95,125,82,34
852,4,101,31,66,16,111,119,132,62
852,5,33,35,8,139,73,127,67,115
852,6,102,117,67,49,133,106,59,53
852,7,104,59,48,136,116,124,130,45
852,8,52,133,78,72,122,71,101,22
852,9,105,117,130,52,34,27,36,43
852,10,122,23,47,124,58,110,126,130
852,11,3,78,67,106,11,4,20,89
852,12,19,31,52,70,119,26,66,120
852,13,41,108,43,71,92,34,55,51
852,14,53,72,63,126,124,38,103,141
852,15,143,32,103,35,131,59,58,57
852,16,78,63,87,110,85,54,47,21
852,17,56,111,43,72,106,129,110,20
852,18,106,42,1,44,118,116,46,86
852,19,63,9,119,79,64,129,93,20
852,20,40,65,135,103,45,71,93,99
852,21,107,10,73,63,40,9,111,34
852,22,12,29,130,106,118,62,50,94
852,23,133,24,134,140,11,98,117,64
852,24,69,119,54,103,22,107,139,56
852,25,74,117,107,115,18,109,139,130
852,26,27,97,109,113,7,115,47,130
852,27,104,88,121,97,108,103,45,79
852,28,120,46,106,134,67,130,81,36
852,29,43,50,60,29,51,3,121,18
852,30,29,11,46,75,116,57,114,9
852,31,102,124,80,10,29,39,83,77
852,32,44,85,33,130,2,42,23,105
852,33,106,39,86,142,129,128,72,101
852,34,26,40,14,29,83,135,13,104
852,35,127,85,28,19,48,67,16,124
852,36,61,69,5,17,92,15,51,116
852,37,115,99,64,95,102,8,7,113
852,38,68,40,95,27,128,32,16,117
852,39,39,62,71,92,67,28,87,19
852,40,121,126,77,71,68,109,83,14
852,41,57,87,45,68,28,138,128,82
852,42,107,132,8,58,1,113,115,70
852,43,129,61,74,64,66,20,39,24
852,44,105,119,16,70,18,130,82,99
853,3,36,85,42,90,107,41,92,78
853,4,118,128,106,70,68,21,16,72
853,5,33,19,93,127,41,31,105,47
853,6,122,107,45,102,43,75,90,49
853,7,44,104,11,130,23,131,2,140
853,8,17,78,65,81,60,59,22,114
853,9,89,4,84,27,34,126,36,57
853,10,122,47,48,91,69,23,126,50
853,11,105,67,18,124,31,85,33,72
853,12,19,31,115,95,119,80,63,133
853,13,109,41,108,69,74,43,71,52
853,14,53,68,10,101,13,124,130,35
853,15,21,143,10,114,74,35,92,140
853,16,30,35,142,53,43,63,123,31
853,17,56,89,47,2,109,108,92,128
853,18,106,62,14,93,44,42,137,56
853,19,63,79,10,9,44,21,22,54
853,20,114,130,100,125,9,105,121,102
853,21,107,10,94,20,135,74,14,122
853,22,1,141,64,26,29,21,36,28
853,23,78,117,62,50,128,29,120,6
853,24,130,111,69,109,18,17,72,54
853,25,123,74,43,39,115,107,11,141
853,26,25,115,136,94,27,113,77,97
853,27,104,108,120,106,76,88,121,100
853,28,133,137,40,38,116,88,8,106
853,29,119,49,121,101,120,126,90,60
853,30,20,46,29,44,101,141,43,131
853,31,22,107,124,10,82,48,32,54
853,32,42,85,20,74,10,33,34,59
853,33,39,51,29,72,50,80,48,102
853,34,40,127,99,31,70,55,103,112
853,35,65,127,117,13,129,84,10,54
853,36,83,116,61,136,34,106,104,48
853,37,10,14,134,112,95,16,68,114
853,38,37,24,44,22,64,20,7,27
853,39,87,55,63,115,13,110,103,11
853,40,96,94,122,20,2,77,92,50
853,41,33,72,70,101,19,18,113,79
853,42,107,23,40,8,53,87,113,108
853,43,61,39,94,70,121,60,86,114
853,44,119,30,127,130,79,36,43,126
854,3,131,132,104,90,54,63,37,44
854,4,45,58,134,120,113,23,122,79
854,5,96,100,101,127,89,46,8,58
854,6,25,91,87,7,73,27,5,107
854,7,122,77,92,93,71,37,105,43
854,8,110,130,123,71,41,9,122,68
854,9,139,123,20,3,111,10,47,69
854,10,50,58,57,107,122,62,128,56
854,11,106,25,51,65,102,129,26,98
854,12,31,55,96,57,143,33,116,52
854,13,116,6,63,68,16,19,46,66
854,14,64,119,59,124,139,53,91,72
854,15,2,142,68,143,100,109,69,77
854,16,45,30,98,75,108,106,31,25
854,17,56,55,2,117,74,30,90,47
854,18,106,46,30,42,31,44,56,11
854,19,63,79,59,77,10,21,9,64
854,20,114,129,54,121,94,100,130,135
854,21,107,134,135,10,70,94,17,63
854,22,94,106,15,1,141,46,80,82
854,23,23,24,117,128,33,59,112,77
854,24,32,119,69,109,54,37,122,77
854,25,74,107,115,141,43,130,18,119
854,26,27,35,93,25,97,115,90,98
854,27,104,128,121,88,100,108,120,77
854,28,117,83,133,106,77,51,36,45
854,29,111,38,121,22,18,138,103,75
854,30,29,13,46,85,125,34,11,120
854,31,90,74,125,124,88,86,22,118
854,32,60,13,68,42,92,31,83,24
854,33,39,142,106,51,112,101,85,42
854,34,125,40,30,42,20,143,101,83
854,35,127,102,73,69,47,48,97,13
854,36,61,69,116,5,104,22,99,16
854,37,8,48,99,95,15,14,91,16
854,38,32,44,37,68,30,115,117,20
854,39,35,87,115,105,39,55,90,5
854,40,109,53,133,116,50,81,142,92
854,41,83,68,54,33,76,21,75,18
854,42,107,44,8,36,143,47,131,26
854,43,34,10,25,52,70,63,56,42
854,44,114,81,79,86,24,104,68,80
855,3,116,42,88,2,104,44,37,43
855,4,71,134,89,91,87,0,23,7
855,5,17,46,12,37,44,95,91,110
855,6,65,109,6,81,85,27,41,53
855,7,105,70,46,18,140,23,38,50
855,8,52,41,118,120,15,139,101,136
855,9,10,113,78,46,57,7,94,130
855,10,62,12,89,136,69,38,106,103
855,11,51,44,65,110,23,101,8,143
855,12,128,143,75,125,37,96,31,22
855,13,46,19,31,6,7,13,88,130
855,14,56,139,79,134,57,91,72,9
855,15,77,69,10,140,4,25,143,102
855,16,75,98,84,14,25,96,82,133
855,17,47,28,68,55,90,56,44,6
855,18,110,86,119,122,137,106,87,9
855,19,1,121,77,136,21,59,79,95
855,20,32,95,53,135,93,121,73,2
855,21,99,107,132,26,63,115,71,19
855,22,72,94,56,48,78,109,85,15
855,23,59,140,134,128,23,113,41,102
855,24,54,122,69,114,13,89,77,90
855,25,74,107,115,113,123,43,112,118
855,26,35,97,25,98,122,46,116,27
855,27,104,71,128,120,79,50,100,114
855,28,133,83,136,38,106,81,110,25
855,29,22,121,51,104,101,34,20,29
855,30,46,29,13,51,34,124,141,30
855,31,22,10,87,124,23,136,125,113
855,32,68,37,92,42,20,2,13,78
855,33,39,72,86,16,48,52,62,129
855,34,40,125,83,20,36,52,21,55
855,35,127,65,73,97,138,140,124,69
855,36,5,116,82,61,79,39,102,114
855,37,91,15,16,99,72,7,14,112
855,38,68,87,30,44,70,84,32,115
855,39,92,115,28,103,135,134,97,57
855,40,133,92,53,66,57,140,68,67
855,41,33,68,54,126,46,75,66,6
855,42,107,44,47,8,36,131,91,26
855,43,10,63,25,111,120,118,52,56
855,44,81,71,68,79,24,31,86,0
856,3,125,143,101,119,97,120,129,77
856,4,52,125,22,126,16,123,42,99
856,5,50,105,6,121,34,17,138,118
856,6,122,96,15,77,90,123,46,136
856,7,2,128,104,70,18,5,80,85
856,8,122,10,40,9,44,68,54,0
856,9,14,4,71,31,29,118,34,46
856,10,37,122,138,94,72,18,10,133
856,11,67,22,104,97,30,0,44,24
856,12,96,58,37,99,24,125,70,128
856,13,71,41,3,5,34,63,53,12
856,14,63,53,72,117,142,123,76,16
856,15,93,129,143,58,32,135,72,120
856,16,56,122,110,77,85,88,54,137
856,17,56,110,47,55,92,71,44,80
856,18,14,1,27,118,84,106,53,86
856,19,31,63,84,99,119,62,22,102
856,20,42,65,137,52,15,125,79,105
856,21,10,107,20,99,132,104,54,80
856,22,72,141,21,29,110,111,117,9
856,23,67,61,104,117,128,18,78,50
856,24,130,122,44,88,69,111,71,113
856,25,74,22,123,118,107,17,43,20
856,26,97,115,125,96,98,113,26,77
856,27,84,104,89,58,108,71,77,128
856,28,27,136,133,23,38,90,25,50
856,29,121,101,78,104,82,65,132,73
856,30,46,29,122,124,51,15,135,86
856,31,22,10,100,23,124,51,80,13
856,32,20,37,99,14,52,42,33,139
856,33,86,48,15,72,39,80,123,140
856,34,40,28,74,29,79,65,116,117
856,35,4,73,65,103,119,5,50,127
856,36,5,23,130,104,116,7,136,8
856,37,112,54,91,24,83,33,111,9
856,38,84,14,40,32,117,109,20,34
856,39,49,45,10,92,83,102,9,64
856,40,91,62,20,65,88,81,69,50
856,41,33,74,27,41,70,67,110,102
856,42,107,38,46,8,33,96,36,1
856,43,33,94,86,132,111,93,109,103
856,44,127,20,83,79,143,136,116,142
857,3,92,143,10,129,138,118,30,41
857,4,27,105,87,107,125,15,96,35
857,5,117,40,62,48,143,88,71,53
857,6,96,87,20,143,6,89,127,12
857,7,82,17,39,64,134,78,15,71
857,8,10,118,101,73,55,16,0,114
857,9,76,88,34,12,27,4,121,47
857,10,122,92,72,109,32,4,10,68
857,11,67,123,139,133,121,115,135,46
857,12,2,136,52,17,86,134,87,106
857,13,71,62,41,89,12,122,96,116
857,14,63,137,53,13,74,35,117,20
857,15,32,58,80,41,35,9,106,121
857,16,122,54,85,53,12,107,110,77
857,17,56,40,109,87,26,71,62,79
857,18,44,1,86,53,118,28,93,13
857,19,79,31,119,63,9,133,99,10
857,20,42,65,52,129,105,15,115,100
857,21,107,80,10,99,132,54,31,47
857,22,100,137,26,29,21,83,78,15
857,23,61,67,63,36,128,104,23,90
857,24,130,69,44,80,122,26,56,84
857,25,74,113,86,118,125,24,139,31
857,26,97,125,110,77,22,81,25,3
857,27,84,58,104,124,106,113,71,59
857,28,114,136,58,75,27,107,4,109
857,29,49,29,123,121,101,120,79,104
857,30,46,29,12,86,74,43,124,122
857,31,22,100,10,51,2,23,113,124
857,32,110,20,37,46,14,26,36,10
857,33,100,86,62,48,39,139,72,15
857,34,40,74,79,28,143,29,65,67
857,35,65,21,73,127,99,119,4,5
857,36,5,82,104,8,116,76,130,23
857,37,24,91,54,33,78,16,36,112
857,38,14,9,130,132,34,33,87,32
857,39,112,143,98,100,92,103,49,136
857,40,35,37,92,140,68,133,51,125
857,41,136,33,126,68,74,70,102,109
857,42,107,8,84,36,129,1,53,79
857,43,25,111,33,132,48,103,120,51
857,44,19,127,116,79,24,20,143,80
858,3,135,79,140,42,142,128,85,68
858,4,21,93,34,116,66,39,85,113
858,5,90,74,37,67,135,118,52,88
858,6,43,11,12,36,105,123,70,35
858,7,0,66,12,137,70,85,87,132
858,8,10,38,55,25,73,50,124,91
858,9,129,4,76,138,27,120,28,135
858,10,122,47,17,110,23,71,12,89
858,11,67,115,14,59,105,100,43,121
858,12,2,19,133,143,18,116,14,128
858,13,48,71,41,23,62,33,131,133
858,14,53,63,117,105,60,35,137,83
858,15,32,21,58,130,143,35,93,71
858,16,11,122,54,85,35,18,63,83
858,17,56,109,87,47,142,90,110,71
858,18,44,86,56,30,42,28,1,93
858,19,79,93,63,9,119,44,62,18
858,20,86,130,100,50,94,129,65,15
858,21,107,10,99,80,132,2,70,17
858,22,15,137,83,21,29,86,9,117
858,23,61,117,63,128,67,30,33,24
858,24,69,130,122,80,81,37,111,17
858,25,74,133,77,113,107,24,22,102
858,26,97,115,98,9,3,113,49,109
858,27,104,71,84,108,124,140,58,128
858,28,136,133,114,27,90,138,137,117
858,29,101,29,49,121,116,68,104,79
858,30,46,29,115,34,51,127,86,43
858,31,22,10,136,51,23,124,2,54
858,32,37,110,20,85,72,52,99,2
858,33,86,72,48,62,16,51,39,15
858,34,40,74,83,79,36,65,48,77
858,35,65,97,73,5,127,35,77,26
858,36,5,82,104,136,116,91,135,48
858,37,91,10,119,73,5,112,24,19
858,38,14,32,84,37,134,132,96,100
858,39,92,87,133,53,70,102,89,20
858,40,35,9,133,79,51,130,113,64
858,41,33,126,70,68,75,29,136,107
858,42,107,8,36,113,40,103,53,26
858,43,25,122,48,53,111,39,139,120
858,44,116,143,79,19,24,80,37,127
859,3,11,116,100,123,26,94,46,42
859,4,110,113,59,128,10,122,48,91
859,5,134,33,30,124,24,44,65,18
859,6,142,68,121,82,61,42,130,31
859,7,98,126,122,93,83,6,118,125
859,8,66,126,121,95,124,49,45,68
859,9,75,9,131,136,30,108,49,27
859,10,106,102,127,42,24,77,83,18
859,11,8,6,1,101,120,45,123,121
859,12,128,122,131,7,37,30,125,97
859,13,33,19,6,7,36,141,116,96
859,14,138,143,56,2,32,1,6,66
859,15,59,66,25,80,140,58,106,118
859,16,108,101,71,133,82,46,87,24
859,17,90,47,55,56,24,11,87,101
859,18,86,11,119,1,122,106,55,103
859,19,128,77,136,1,59,9,140,118
859,20,53,93,135,132,94,31,32,40
859,21,115,107,109,132,99,63,17,105
859,22,106,82,15,57,59,18,56,72
859,23,134,60,80,128,140,63,41,6
859,24,140,22,114,0,69,94,143,56
859,25,85,74,117,86,69,24,109,139
859,26,135,130,7,27,79,97,44,113
859,27,121,131,130,88,124,46,97,104
859,28,86,126,67,135,106,52,46,124
859,29,29,48,42,75,103,121,108,5
859,30,75,114,21,105,11,45,55,28
859,31,102,78,80,29,39,135,1,109
859,32,25,130,12,4,80,66,23,45
859,33,106,39,86,112,17,85,79,94
859,34,82,40,63,26,48,83,117,65
859,35,127,28,39,118,85,138,65,83
859,36,51,61,5,18,92,77,15,27
859,37,36,135,127,3,95,115,139,99
859,38,68,92,42,95,27,11,32,113
859,39,22,134,53,104,135,39,71,60
859,40,53,55,126,61,121,23,90,50
859,41,25,45,39,68,54,40,75,139
859,42,70,107,69,26,36,8,1,113
859,43,49,110,44,78,52,126,71,54
859,44,113,118,61,24,141,80,34,49
860,3,18,19,108,140,11,74,26,34
860,4,123,125,126,67,22,91,35,70
860,5,133,121,76,10,114,98,28,15
860,6,77,90,39,108,71,65,89,48
860,7,86,42,55,97,134,36,52,22
860,8,46,55,10,95,98,35,0,27
860,9,71,143,76,142,129,0,130,102
860,10,98,44,69,101,123,94,14,38
860,11,55,67,121,76,104,49,0,77
860,12,36,71,37,82,24,81,84,90
860,13,54,106,141,36,126,90,28,23
860,14,40,72,91,63,123,0,108,82
860,15,128,93,32,25,115,121,39,135
860,16,125,57,90,32,112,47,54,82
860,17,38,110,30,141,72,53,87,6
860,18,114,141,86,132,115,77,12,69
860,19,32,140,105,27,5,0,139,73
860,20,46,97,58,47,1,52,35,143
860,21,113,110,85,115,96,11,72,104
860,22,19,12,118,37,18,98,135,130
860,23,44,140,48,4,133,112,68,104
860,24,46,143,100,69,27,90,56,82
860,25,109,117,24,138,130,69,23,136
860,26,27,84,47,119,90,97,82,126
860,27,103,133,70,130,45,88,114,104
860,28,120,134,130,31,52,7,38,87
860,29,100,94,77,44,103,11,113,29
860,30,135,67,19,29,10,46,11,93
860,31,29,125,100,39,130,120,94,2
860,32,66,41,29,42,109,56,110,74
860,33,130,39,43,97,106,120,86,79
860,34,140,29,30,91,86,26,135,67
860,35,16,9,127,133,62,76,140,66
860,36,37,135,17,69,116,49,61,124
860,37,115,10,99,33,23,95,81,30
860,38,48,134,128,30,68,97,20,117
860,39,4,62,39,135,10,2,90,50
860,40,122,124,75,109,24,44,129,132
860,41,54,90,139,70,68,102,64,58
860,42,46,26,107,55,13,34,8,48
860,43,110,64,13,112,59,139,57,104
860,44,44,22,7,143,80,62,24,135
861,3,118,73,68,121,80,35,46,39
861,4,61,107,15,27,40,86,122,142
861,5,105,86,24,40,15,76,80,38
861,6,78,86,129,11,6,49,118,74
861,7,5,94,43,98,41,108,11,8
861,8,49,35,81,22,118,3,139,64
861,9,73,60,43,116,142,83,108,71
861,10,106,69,44,19,121,54,97,20
861,11,0,94,29,104,138,117,27,9
861,12,71,109,36,104,82,7,114,13
861,13,54,70,5,36,45,33,74,64
861,14,76,71,40,18,112,29,103,91
861,15,25,121,11,9,47,16,123,18
861,16,57,74,6,25,20,112,133,125
861,17,38,95,30,6,72,24,45,71
861,18,132,86,55,141,106,114,69,46
861,19,32,140,95,9,77,73,0,139
861,20,46,143,12,135,79,58,2,65
861,21,110,113,115,96,77,28,63,72
861,22,19,37,118,141,12,78,18,35
861,23,137,140,4,40,112,130,38,48
861,24,46,143,52,69,56,22,100,90
861,25,115,86,87,138,58,5,74,66
861,26,47,97,27,77,13,90,7,1
861,27,108,97,140,104,103,133,100,120
861,28,120,87,38,108,57,4,130,134
861,29,65,25,51,103,121,46,62,11
861,30,121,87,133,29,46,21,15,14
861,31,103,124,136,130,29,125,100,41
861,32,12,42,29,0,78,90,3,142
861,33,39,86,24,129,48,11,142,83
861,34,29,127,30,40,64,91,79,63
861,35,48,127,140,133,63,9,89,65
861,36,17,116,111,5,113,7,140,27
861,37,115,95,3,30,76,99,16,111
861,38,0,93,111,134,64,100,68,84
861,39,135,5,115,63,90,39,143,97
861,40,90,129,71,109,23,131,133,50
861,41,28,68,40,43,108,126,0,9
861,42,120,8,12,0,107,55,41,26
861,43,64,25,15,104,142,111,70,56
861,44,93,24,17,80,33,76,135,140
862,3,24,43,62,64,91,113,10,38
862,4,62,22,102,14,9,18,133,143
862,5,121,110,106,15,95,23,76,143
862,6,45,77,27,96,6,12,28,116
862,7,131,18,109,123,128,129,30,15
862,8,10,55,46,25,90,60,103,40
862,9,71,76,118,102,14,129,49,37
862,10,86,64,20,143,121,89,18,69
862,11,9,29,117,67,30,12,134,59
862,12,96,37,126,103,71,118,81,13
862,13,53,28,71,5,90,101,130,111
862,14,63,72,29,103,124,109,82,91
862,15,93,32,22,143,103,70,139,25
862,16,56,106,80,54,97,40,25,110
862,17,108,85,110,20,56,16,140,39
862,18,46,31,135,86,137,106,42,116
862,19,9,13,63,119,59,20,54,104
862,20,76,42,47,65,1,58,97,46
862,21,104,107,110,111,10,96,54,63
862,22,37,141,109,29,118,1,138,102
862,23,97,0,128,42,125,24,98,77
862,24,50,69,82,109,46,90,13,6
862,25,74,115,58,87,125,9,117,113
862,26,92,97,47,90,57,125,68,139
862,27,103,97,108,104,120,2,132,140
862,28,45,38,134,107,93,57,8,108
862,29,27,77,94,69,11,104,103,25
862,30,67,76,135,29,15,87,46,121
862,31,62,29,124,100,55,113,44,26
862,32,41,0,78,56,3,29,110,93
862,33,98,39,48,35,86,101,20,28
862,34,30,1,140,29,36,79,40,16
862,35,9,62,140,127,133,3,124,48
862,36,17,79,116,49,140,46,143,48
862,37,75,99,128,72,112,95,65,50
862,38,97,134,44,50,32,30,18,20
862,39,97,17,122,51,88,135,105,100
862,40,90,124,71,140,32,92,133,44
862,41,90,68,66,28,41,109,35,43
862,42,0,115,28,42,47,53,8,78
862,43,87,59,111,32,33,25,135,15
862,44,22,44,7,86,76,48,59,87
863,3,58,117,54,60,142,12,57,99
863,4,91,54,87,28,82,64,51,88
863,5,40,45,71,141,110,37,34,58
863,6,60,100,74,87,6,13,49,82
863,7,100,21,15,74,137,139,65,112
863,8,111,53,60,9,12,114,30,139
863,9,32,133,71,15,97,119,129,59
863,10,136,62,101,18,12,24,54,130
863,11,134,29,46,9,81,23,129,11
863,12,41,71,96,22,109,37,103,13
863,13,130,45,90,5,101,35,132,43
863,14,8,103,63,91,29,72,71,124
863,15,18,16,88,127,110,57,90,40
863,16,54,18,80,125,103,40,74,63
863,17,16,39,95,139,110,11,87,136
863,18,46,0,141,1,115,106,118,86
863,19,9,129,5,32,20,64,63,13
863,20,1,46,53,120,65,58,129,52
863,21,120,110,113,80,85,17,111,97
863,22,37,118,19,109,141,77,130,138
863,23,130,125,97,112,120,133,98,42
863,24,46,95,143,90,56,115,69,6
863,25,87,74,115,9,22,58,34,125
863,26,92,47,77,132,97,95,57,110
863,27,108,103,140,97,125,120,62,104
863,28,91,45,63,51,38,57,80,136
863,29,77,98,11,115,10,104,1,18
863,30,99,67,121,87,133,46,29,54
863,31,47,62,41,124,113,136,77,44
863,32,92,0,3,78,90,33,124,72
863,33,34,48,39,98,86,20,79,49
863,34,30,29,1,127,140,36,20,83
863,35,120,140,127,48,124,47,58,136
863,36,79,17,116,5,48,50,25,113
863,37,75,98,128,76,95,101,99,115
863,38,33,44,32,100,111,50,112,9
863,39,97,46,17,115,135,19,88,100
863,40,137,71,5,36,140,32,133,50
863,41,51,66,68,33,109,94,107,43
863,42,91,21,47,8,42,51,78,5
863,43,26,108,63,10,83,87,101,111
863,44,81,0,42,86,135,59,68,57
864,3,24,50,128,39,58,45,82,77
864,4,49,5,33,91,88,126,133,129
864,5,35,76,113,52,13,71,40,75
864,6,87,81,129,44,71,96,80,69
864,7,18,58,12,74,127,30,137,65
864,8,101,47,68,12,62,10,26,91
864,9,125,71,101,79,114,31,15,65
864,10,18,19,37,101,27,133,20,96
864,11,62,97,143,7,89,67,39,27
864,12,103,99,96,37,63,29,136,114
864,13,5,100,101,71,128,8,126,130
864,14,8,63,53,103,72,117,141,42
864,15,133,70,69,32,93,121,18,23
864,16,54,106,63,28,4,80,19,67
864,17,56,110,58,16,20,127,11,47
864,18,42,46,106,86,135,1,137,116
864,19,9,63,119,10,130,5,13,59
864,20,76,53,65,63,58,6,52,46
864,21,111,139,10,112,80,107,95,93
864,22,29,77,21,13,130,141,0,31
864,23,130,89,97,77,56,11,128,125
864,24,69,130,50,131,104,115,95,60
864,25,87,74,22,115,58,86,118,9
864,26,92,97,47,96,57,12,137,77
864,27,97,108,120,62,104,140,2,63
864,28,45,121,140,118,103,38,63,50
864,29,1,115,11,104,137,103,121,39
864,30,46,87,121,62,29,89,86,131
864,31,124,41,62,47,100,113,136,75
864,32,106,124,18,37,0,93,78,57
864,33,39,48,57,83,86,49,85,79
864,34,127,29,36,70,103,143,98,83
864,35,54,48,1,36,117,124,47,113
864,36,72,116,108,34,48,17,125,113
864,37,76,98,51,29,73,108,30,33
864,38,24,111,64,117,32,55,9,3
864,39,17,115,11,63,135,137,43,100
864,40,71,36,140,70,69,32,50,113
864,41,141,97,94,52,61,33,67,138
864,42,96,12,87,8,42,53,107,5
864,43,6,142,132,83,70,139,25,38
864,44,89,24,83,135,17,45,80,76
865,3,46,102,54,143,38,69,96,37
865,4,116,112,60,127,17,93,102,100
865,5,87,111,82,40,130,31,110,122
865,6,45,8,110,134,72,107,19,69
865,7,108,104,11,22,74,18,140,85
865,8,56,79,10,9,55,1,8,60
865,9,7,64,71,49,12,119,34,27
865,10,74,82,122,18,116,10,70,79
865,11,135,67,21,30,2,42,124,10
865,12,53,96,103,140,111,76,30,99
865,13,122,30,95,71,100,77,4,120
865,14,8,63,73,112,42,53,106,91
865,15,71,90,102,43,26,22,133,125
865,16,54,143,19,106,63,55,31,103
865,17,91,111,11,110,29,16,132,41
865,18,137,135,118,1,86,116,106,46
865,19,9,63,119,91,13,72,1,18
865,20,65,76,52,58,53,1,120,6
865,21,112,111,54,49,80,99,120,8
865,22,85,99,29,141,37,13,2,118
865,23,16,77,133,42,69,11,125,129
865,24,121,69,6,128,130,29,84,46
865,25,87,74,103,86,125,5,34,118
865,26,58,97,92,77,47,57,12,138
865,27,97,63,140,120,104,17,8,62
865,28,45,38,0,110,103,136,108,8
865,29,115,124,98,51,11,121,84,19
865,30,96,87,46,121,30,86,131,42
865,31,41,131,124,62,100,44,50,125
865,32,78,124,29,42,83,93,37,45
865,33,39,28,13,128,49,25,86,48
865,34,29,79,0,36,19,135,35,8
865,35,95,48,127,131,133,10,75,124
865,36,125,89,17,143,19,14,116,63
865,37,27,111,95,104,105,84,71,136
865,38,27,25,111,20,98,64,70,114
865,39,2,17,5,42,34,79,100,137
865,40,40,36,92,113,133,70,44,32
865,41,108,68,26,17,138,89,94,103
865,42,120,42,5,8,53,2,138,119
865,43,117,97,25,111,96,7,101,1
865,44,17,135,59,24,93,79,130,92
866,3,54,86,30,109,125,43,39,45
866,4,44,22,40,6,75,74,102,9
866,5,67,52,6,104,35,131,37,13
866,6,110,19,37,12,89,138,123,23
866,7,45,93,53,12,101,81,134,39
866,8,50,79,132,75,85,56,59,88
866,9,90,51,75,49,15,40,130,92
866,10,29,81,110,138,18,20,73,25
866,11,30,89,112,10,95,123,137,86
866,12,14,111,129,32,96,53,133,81
866,13,111,95,122,1,28,132,4,30
866,14,63,89,73,53,117,47,91,51
866,15,22,58,93,90,32,113,104,143
866,16,97,54,143,106,85,93,55,19
866,17,79,106,16,91,111,80,114,96
866,18,116,135,23,118,137,86,106,46
866,19,13,119,133,65,9,31,38,12
866,20,115,76,65,24,40,131,112,1
866,21,106,111,59,77,139,112,64,8
866,22,134,29,21,130,13,85,138,57
866,23,77,85,88,75,69,133,129,67
866,24,68,97,69,71,36,72,117,13
866,25,86,90,74,115,87,125,34,118
866,26,97,92,77,57,82,58,85,108
866,27,140,97,108,120,8,84,104,100
866,28,90,132,136,109,38,142,40,119
866,29,124,19,121,95,122,87,47,128
866,30,121,46,139,66,96,87,29,20
866,31,131,124,125,100,93,41,50,136
866,32,72,34,42,20,19,78,124,87
866,33,39,86,138,28,58,101,102,57
866,34,29,137,143,9,105,117,30,36
866,35,16,127,1,10,95,133,54,66
866,36,89,14,86,48,116,143,104,133
866,37,111,27,95,108,10,36,48,51
866,38,71,22,27,111,32,136,25,20
866,39,127,17,135,118,98,2,55,87
866,40,33,50,110,44,92,132,133,69
866,41,20,23,68,139,112,115,26,18
866,42,36,107,42,8,40,113,26,137
866,43,58,97,113,111,25,104,38,120
866,44,105,79,130,135,24,80,53,62
867,3,24,91,29,19,25,88,38,7
867,4,3,117,62,16,125,90,133,66
867,5,115,87,88,7,8,128,14,65
867,6,11,44,89,1,119,20,59,17
867,7,5,43,49,132,92,121,128,103
867,8,55,10,56,139,73,35,88,54
867,9,45,71,115,27,98,64,49,14
867,10,20,133,73,85,5,86,80,7
867,11,30,12,29,108,137,62,67,79
867,12,96,32,103,65,112,140,71,95
867,13,100,10,1,112,90,15,71,0
867,14,63,72,8,53,124,74,80,73
867,15,93,90,32,22,70,58,8,104
867,16,54,97,28,93,143,90,106,56
867,17,79,111,16,56,106,96,77,110
867,18,116,1,46,86,135,118,44,99
867,19,9,63,13,119,70,133,84,62
867,20,65,76,52,131,115,136,46,77
867,21,77,107,54,49,10,1,59,99
867,22,29,13,21,130,5,134,118,18
867,23,28,128,125,85,133,75,129,33
867,24,130,137,69,94,126,50,71,107
867,25,74,98,107,87,86,43,117,85
867,26,97,126,98,27,72,130,26,35
867,27,108,121,133,104,46,140,88,71
867,28,119,106,67,137,130,121,120,47
867,29,44,0,128,20,19,48,29,33
867,30,93,42,3,41,29,46,11,75
867,31,90,79,87,94,125,101,100,14
867,32,85,66,4,80,28,93,42,128
867,33,86,39,138,106,122,101,125,79
867,34,40,63,117,143,64,29,26,34
867,35,16,127,1,65,13,76,67,17
867,36,5,37,124,138,61,113,14,9
867,37,99,10,56,8,102,108,105,81
867,38,68,47,48,44,18,71,136,20
867,39,135,22,98,60,86,39,50,103
867,40,53,62,50,59,133,113,51,4
867,41,139,112,68,26,89,48,109,130
867,42,23,113,107,13,105,55,53,26
867,43,113,121,139,110,93,116,140,107
867,44,106,44,80,41,30,135,143,142
868,3,126,104,68,141,46,74,63,86
868,4,116,93,87,91,23,88,74,39
868,5,30,9,12,26,86,93,134,104
868,6,142,40,20,14,134,24,15,118
868,7,33,35,57,126,122,139,69,71
868,8,125,126,32,139,17,12,66,69
868,9,64,78,103,127,58,94,27,81
868,10,128,139,69,65,106,130,18,99
868,11,8,132,45,101,6,44,123,56
868,12,131,57,55,21,136,7,93,71
868,13,66,6,64,42,63,134,133,38
868,14,138,73,143,75,64,45,91,17
868,15,33,68,102,2,59,11,20,140
868,16,108,46,101,82,125,14,27,45
868,17,117,95,49,16,30,39,87,6
868,18,11,141,132,103,20,115,86,118
868,19,9,37,77,136,128,32,105,140
868,20,46,65,39,58,37,12,135,40
868,21,109,115,28,77,52,110,134,107
868,22,19,114,13,63,78,33,118,18
868,23,28,125,113,133,80,134,112,140
868,24,32,94,126,142,140,22,107,56
868,25,107,74,85,117,43,98,24,93
868,26,130,27,135,97,126,89,35,44
868,27,88,121,46,133,45,131,115,11
868,28,126,67,52,39,106,86,7,135
868,29,48,29,38,44,128,20,75,87
868,30,21,75,116,29,41,93,3,11
868,31,74,108,87,127,94,125,109,79
868,32,80,25,60,12,4,66,44,2
868,33,106,39,86,101,17,46,43,142
868,34,40,63,82,104,125,117,14,26
868,35,127,16,76,28,39,19,65,83
868,36,5,51,61,78,18,138,37,69
868,37,99,56,36,95,127,77,8,139
868,38,68,110,32,48,47,11,92,0
868,39,22,135,86,104,92,28,53,71
868,40,53,23,59,66,61,55,121,43
868,41,112,139,40,68,6,90,54,0
868,42,107,123,44,8,113,26,76,55
868,43,34,10,52,110,116,25,111,126
868,44,114,9,44,104,33,80,24,124
869,3,16,73,35,26,45,142,55,2
869,4,105,61,91,142,107,15,112,134
869,5,113,133,95,29,11,8,47,59
869,6,4,129,109,16,46,81,74,11
869,7,5,38,132,126,22,122,8,71
869,8,139,49,3,64,46,22,45,95
869,9,83,60,71,73,126,142,52,7
869,10,38,106,121,69,37,44,85,92
869,11,0,94,49,47,104,23,2,53
869,12,127,71,75,41,136,0,61,17
869,13,64,19,49,130,134,132,54,27
869,14,76,79,36,40,71,108,72,67
869,15,57,121,71,44,18,91,70,107
869,16,57,74,25,112,20,133,21,54
869,17,90,38,59,49,6,45,30,76
869,18,132,20,75,114,69,86,122,11
869,19,105,27,140,77,0,32,95,91
869,20,2,39,135,37,12,46,93,58
869,21,110,28,117,115,85,132,30,119
869,22,63,141,114,78,56,11,109,43
869,23,137,140,31,113,92,46,38,133
869,24,90,56,41,13,69,122,48,114
869,25,74,107,43,51,86,20,115,71
869,26,97,98,35,13,40,115,109,122
869,27,84,140,108,104,75,79,120,71
869,28,136,121,27,106,133,8,50,85
869,29,65,121,34,51,20,44,104,7
869,30,46,29,15,51,21,34,62,123
869,31,22,23,87,100,10,124,113,103
869,32,37,42,29,20,68,116,3,139
869,33,86,39,72,16,62,48,42,40
869,34,40,74,116,79,29,117,143,36
869,35,65,127,73,77,99,9,103,48
869,36,5,82,116,61,76,102,110,127
869,37,91,16,95,71,30,36,111,9
869,38,68,87,27,55,32,117,18,84
869,39,92,115,97,5,9,133,135,134
869,40,133,90,9,43,113,70,5,73
869,41,68,33,126,124,122,46,108,102
869,42,107,8,18,120,36,26,80,44
869,43,25,42,111,128,130,52,120,101
869,44,93,91,79,24,114,71,17,84
870,3,135,79,140,142,42,130,68,85
870,4,22,21,124,123,102,66,42,85
870,5,90,113,118,132,23,31,64,104
870,6,43,77,11,39,114,110,100,123
870,7,93,75,127,137,130,104,15,101
870,8,38,10,55,68,127,71,124,59
870,9,129,76,4,12,55,120,29,27
870,10,122,47,72,28,50,69,71,23
870,11,67,104,22,85,112,7,100,33
870,12,2,96,18,59,118,129,37,19
870,13,48,71,41,19,33,142,99,30
870,14,53,63,60,117,72,105,107,35
870,15,32,21,130,143,58,91,3,121
870,16,11,122,54,35,63,18,107,85
870,17,56,87,47,118,90,110,109,39
870,18,44,86,116,106,42,56,1,28
870,19,79,63,93,9,119,122,44,109
870,20,129,86,65,93,100,94,50,53
870,21,107,10,80,135,132,2,77,117
870,22,15,86,31,102,21,29,141,117
870,23,61,117,85,128,67,104,130,33
870,24,130,69,81,122,80,113,6,84
870,25,74,77,133,113,4,139,112,29
870,26,115,97,98,22,68,9,24,3
870,27,104,71,140,84,108,58,128,93
870,28,136,114,133,27,26,109,107,4
870,29,101,49,121,104,79,116,106,56
870,30,46,51,29,34,15,19,127,57
870,31,10,22,124,23,136,51,32,9
870,32,37,110,52,20,72,143,93,10
870,33,86,48,72,40,16,15,39,113
870,34,40,74,79,77,55,136,83,65
870,35,65,97,73,127,5,77,103,35
870,36,82,5,116,136,91,68,104,61
870,37,91,112,95,119,54,10,78,67
870,38,134,84,14,20,37,132,0,109
870,39,92,9,20,87,133,97,135,114
870,40,35,66,133,12,68,73,92,65
870,41,33,68,126,70,27,72,18,41
870,42,107,36,8,53,103,40,126,0
870,43,111,25,47,120,39,109,60,17
870,44,116,143,79,71,24,20,19,80
871,3,94,8,30,108,88,87,93,128
871,4,9,92,15,120,128,91,39,74
871,5,33,40,5,141,84,15,24,37
871,6,102,105,117,107,6,100,34,12
871,7,85,42,22,0,137,132,101,6
871,8,88,85,101,60,9,55,10,68
871,9,23,76,71,36,129,58,92,8
871,10,139,116,138,1,81,52,79,83
871,11,75,2,35,89,22,135,67,123
871,12,76,8,2,96,140,37,120,29
871,13,4,3,48,71,116,105,138,89
871,14,89,63,60,117,42,72,53,13
871,15,41,9,111,32,99,126,35,58
871,16,54,106,122,55,143,53,63,113
871,17,41,26,56,134,80,109,113,110
871,18,116,86,128,1,135,44,126,88
871,19,133,102,93,31,79,63,138,14
871,20,52,65,0,136,42,137,111,21
871,21,49,54,107,10,112,17,63,99
871,22,85,29,25,15,141,78,116,61
871,23,69,67,90,16,24,142,59,63
871,24,128,121,71,44,92,114,17,122
871,25,90,74,86,5,133,125,103,77
871,26,97,17,133,98,116,1,138,111
871,27,8,84,140,100,97,108,120,29
871,28,23,136,109,27,90,38,21,132
871,29,63,124,95,133,13,11,121,87
871,30,46,121,29,60,48,62,92,83
871,31,100,22,23,10,45,124,96,97
871,32,37,84,20,78,55,10,27,88
871,33,86,123,39,40,41,89,138,135
871,34,40,56,29,98,28,41,117,2
871,35,65,119,127,69,73,121,13,143
871,36,5,116,135,86,9,108,104,48
871,37,54,95,102,104,111,112,51,33
871,38,60,139,119,143,87,15,141,116
871,39,100,127,92,53,103,49,98,45
871,40,33,110,109,66,104,40,71,122
871,41,27,68,126,102,33,99,15,13
871,42,33,107,8,35,36,53,1,20
871,43,33,48,118,25,120,111,122,140
871,44,20,105,79,80,24,127,48,99
872,3,125,92,143,37,25,121,127,93
872,4,52,16,22,123,119,66,135,3
872,5,136,31,65,18,25,105,73,52
872,6,83,122,12,44,110,85,34,69
872,7,2,20,35,128,42,52,0,81
872,8,122,55,10,88,73,62,9,39
872,9,14,12,4,76,45,64,119,101
872,10,52,92,122,73,121,138,1,23
872,11,123,67,108,143,137,20,30,9
872,12,96,58,140,136,2,134,70,13
872,13,4,71,62,11,89,41,120,135
872,14,63,53,89,142,72,74,137,73
872,15,58,52,32,41,126,72,80,93
872,16,122,53,56,54,85,33,90,94
872,17,56,113,26,110,40,79,87,47
872,18,1,86,128,14,56,116,13,53
872,19,133,31,102,119,79,114,63,52
872,20,42,65,22,52,129,95,15,58
872,21,2,54,107,49,80,70,104,47
872,22,100,0,93,102,15,36,83,86
872,23,61,142,117,30,104,33,67,134
872,24,130,69,122,71,142,108,41,84
872,25,74,43,4,125,143,93,85,113
872,26,113,97,115,27,125,82,84,40
872,27,121,84,104,65,120,71,124,58
872,28,136,106,137,114,58,75,40,27
872,29,49,29,101,116,120,121,1,128
872,30,46,20,139,12,43,29,19,121
872,31,22,10,100,45,51,96,87,2
872,32,19,37,20,110,72,85,116,99
872,33,86,48,72,16,51,41,138,89
872,34,40,74,28,65,29,43,116,117
872,35,65,97,73,103,69,127,77,133
872,36,5,82,91,61,104,8,99,135
872,37,91,112,10,78,18,71,126,16
872,38,132,14,84,87,32,92,34,59
872,39,92,87,127,49,135,133,9,130
872,40,66,2,43,65,73,50,91,133
872,41,33,68,126,70,72,138,18,96
872,42,107,8,36,53,1,113,40,115
872,43,111,25,47,120,121,64,60,132
872,44,24,116,80,79,143,62,135,55
873,3,11,116,100,24,123,26,46,45
873,4,110,113,46,59,119,10,91,122
873,5,134,33,143,58,65,62,82,22
873,6,142,68,82,121,130,42,139,71
873,7,98,126,122,23,136,41,114,118
873,8,66,126,121,43,33,60,0,9
873,9,75,9,30,136,27,49,116,69
873,10,106,102,127,42,24,69,68,62
873,11,8,6,101,1,120,116,123,45
873,12,122,131,128,55,7,30,137,136
873,13,33,19,6,66,36,42,96,131
873,14,138,143,63,56,13,100,69,73
873,15,59,66,25,11,106,26,7,117
873,16,108,101,71,133,82,46,25,87
873,17,90,39,55,103,47,6,30,117
873,18,103,11,86,1,75,119,55,141
873,19,77,95,128,136,140,0,118,59
873,20,135,132,93,31,39,53,65,2
873,21,109,107,115,132,28,105,63,72
873,22,106,82,15,59,57,33,35,78
873,23,134,60,80,140,128,95,6,112
873,24,140,22,0,114,94,56,69,32
873,25,85,66,93,24,122,98,69,117
873,26,79,135,130,7,44,27,113,126
873,27,121,131,124,88,11,46,133,130
873,28,86,67,126,52,46,98,130,106
873,29,29,48,42,87,75,103,121,108
873,30,75,114,105,45,21,116,19,86
873,31,78,102,1,108,51,109,136,94
873,32,25,80,130,4,12,138,74,15
873,33,106,17,86,41,39,71,112,18
873,34,82,63,47,73,26,104,101,136
873,35,127,76,85,57,28,124,60,10
873,36,51,18,92,13,5,15,27,99
873,37,135,127,36,115,139,3,9,53
873,38,68,11,92,74,32,42,47,29
873,39,22,104,135,53,60,43,71,119
873,40,53,61,126,55,66,78,23,59
873,41,25,39,45,112,40,68,58,139
873,42,70,69,107,113,8,36,18,55
873,43,49,126,64,78,52,110,44,116
873,44,113,61,118,112,24,36,80,141
874,3,6,50,104,60,137,66,109,142
874,4,141,38,34,142,91,51,54,6
874,5,35,46,7,59,48,116,109,134
874,6,1,106,118,48,45,53,74,46
874,7,38,126,139,0,116,19,15,130
874,8,72,32,125,49,5,39,27,41
874,9,94,0,7,129,125,36,117,1
874,10,44,106,66,10,27,104,121,5
874,11,16,8,104,134,49,113,117,13
874,12,135,7,93,24,130,89,128,122
874,13,134,46,6,33,94,103,25,38
874,14,112,30,85,3,44,63,56,9
874,15,118,57,110,65,35,47,102,1
874,16,82,133,74,91,47,14,112,21
874,17,24,47,38,103,90,6,128,34
874,18,55,122,75,20,11,119,70,132
874,19,1,136,95,91,140,21,77,71
874,20,12,32,2,37,82,73,135,79
874,21,115,28,63,132,110,96,119,124
874,22,35,59,18,78,141,104,65,57
874,23,113,140,134,41,60,4,74,8
874,24,13,143,22,140,16,56,114,120
874,25,117,93,122,98,85,66,24,16
874,26,135,44,79,126,119,53,130,89
874,27,131,45,133,11,130,27,58,82
874,28,85,130,67,120,86,134,52,90
874,29,29,48,84,113,87,34,44,103
874,30,21,58,75,42,41,14,19,86
874,31,140,103,80,29,78,109,130,62
874,32,25,4,66,80,59,112,134,15
874,33,106,112,86,41,39,100,9,43
874,34,82,73,14,47,136,101,26,117
874,35,127,28,48,76,115,89,113,85
874,36,69,18,37,61,124,17,138,15
874,37,115,36,127,135,3,139,77,7
874,38,68,92,136,11,48,47,16,27
874,39,22,135,39,71,78,53,60,2
874,40,53,66,55,121,23,43,59,113
874,41,54,40,39,112,108,139,68,58
874,42,107,18,55,26,8,76,1,36
874,43,64,110,15,52,116,104,56,112
874,44,80,9,24,130,124,91,17,49
875,3,18,89,140,97,34,4,121,24
875,4,123,125,126,122,74,66,9,31
875,5,133,121,76,10,114,142,8,23
875,6,77,90,65,89,139,108,39,44
875,7,86,42,17,85,134,18,130,127
875,8,46,95,10,55,127,40,137,0
875,9,143,76,71,129,142,14,102,122
875,10,64,98,101,122,14,85,5,44
875,11,67,55,121,77,76,117,49,104
875,12,36,71,82,37,13,136,138,79
875,13,54,106,141,28,90,121,32,53
875,14,72,40,91,63,0,108,123,56
875,15,93,121,115,128,25,39,38,32
875,16,90,112,57,32,74,54,47,125
875,17,38,85,53,16,72,87,141,95
875,18,132,114,115,86,99,69,12,75
875,19,32,140,73,139,0,27,77,20
875,20,97,46,1,47,45,135,21,143
875,21,113,115,110,85,35,30,95,104
875,22,12,19,141,31,118,18,37,98
875,23,112,125,44,140,128,99,133,7
875,24,46,107,143,56,100,27,82,25
875,25,98,24,136,117,74,93,81,85
875,26,84,89,27,97,119,126,90,132
875,27,133,103,70,82,88,27,45,58
875,28,120,134,130,66,31,7,52,80
875,29,94,44,77,100,113,58,103,75
875,30,135,93,41,67,10,42,19,40
875,31,29,120,106,39,126,140,56,62
875,32,66,56,41,72,111,109,128,21
875,33,130,43,39,106,86,97,100,9
875,34,140,100,104,26,63,67,117,135
875,35,16,127,76,66,62,133,9,67
875,36,37,52,69,135,39,14,138,49
875,37,115,99,10,52,56,112,77,108
875,38,48,68,134,20,47,79,58,128
875,39,4,50,135,39,60,105,97,62
875,40,122,75,124,24,129,59,109,132
875,41,54,90,112,139,130,68,24,28
875,42,46,48,123,55,13,26,76,5
875,43,110,64,57,112,13,52,139,140
875,44,44,7,80,22,143,86,87,62
876,3,81,141,10,54,134,104,90,76
876,4,103,37,23,18,40,121,15,56
876,5,123,72,80,89,70,86,138,95
876,6,106,30,27,17,96,64,121,132
876,7,124,53,57,5,39,129,112,106
876,8,31,7,118,42,81,46,72,121
876,9,103,93,109,94,43,35,60,89
876,10,65,111,104,114,69,128,24,89
876,11,78,102,29,0,91,71,132,104
876,12,67,7,71,98,36,13,82,104
876,13,36,54,70,27,6,107,125,23
876,14,114,103,95,18,44,91,29,25
876,15,11,25,121,17,91,46,102,44
876,16,6,57,119,74,59,20,76,125
876,17,38,51,141,95,47,6,16,92
876,18,132,114,55,12,111,18,69,110
876,19,95,32,140,22,129,77,73,139
876,20,79,1,143,105,46,32,101,12
876,21,113,110,30,35,115,141,72,73
876,22,91,37,141,118,78,28,12,59
876,23,91,47,112,137,40,54,120,140
876,24,52,46,2,114,59,143,56,128
876,25,87,86,113,125,93,5,9,31
876,26,92,47,143,97,126,53,77,48
876,27,140,8,58,108,2,103,95,132
876,28,48,120,83,95,38,63,4,45
876,29,25,3,65,62,103,69,22,51
876,30,115,87,71,46,126,121,105,42
876,31,62,136,124,41,93,26,130,68
876,32,57,60,42,72,29,3,78,59
876,33,129,49,142,11,86,5,48,66
876,34,29,91,36,64,127,0,40,70
876,35,140,48,133,127,98,131,81,25
876,36,17,48,111,116,16,21,143,61
876,37,111,98,115,101,5,8,73,95
876,38,111,62,93,0,74,88,134,112
876,39,17,87,97,22,39,137,51,2
876,40,140,71,129,36,92,32,44,131
876,41,63,87,28,141,40,68,61,43
876,42,78,20,8,107,12,115,126,0
876,43,95,6,123,142,15,120,138,129
876,44,70,95,128,89,139,33,4,76
877,3,46,102,85,54,38,143,96,8
877,4,116,27,100,113,112,125,104,106
877,5,56,40,87,130,133,122,26,10
877,6,45,134,65,72,6,69,53,107
877,7,108,11,18,30,104,72,110,85
877,8,79,56,10,53,9,25,136,55
877,9,7,71,0,64,125,34,49,23
877,10,74,82,38,122,61,139,79,116
877,11,135,67,85,21,30,2,113,22
877,12,53,96,8,103,32,140,111,1
877,13,122,30,95,71,100,77,41,90
877,14,73,112,63,103,106,42,79,53
877,15,71,90,102,88,43,93,91,58
877,16,54,143,55,80,19,6,106,133
877,17,16,91,111,47,39,12,87,92
877,18,137,135,118,1,116,55,86,46
877,19,9,13,119,63,1,91,72,5
877,20,1,46,52,65,120,76,58,17
877,21,110,111,141,80,112,120,35,116
877,22,13,31,99,118,19,141,37,85
877,23,85,112,125,77,16,133,128,142
877,24,117,46,71,52,126,97,29,6
877,25,87,86,103,34,61,125,5,118
877,26,58,97,57,92,77,47,12,53
877,27,140,97,63,8,17,128,62,58
877,28,45,103,38,63,8,108,13,0
877,29,115,25,124,19,51,0,34,98
877,30,96,87,131,115,121,119,46,42
877,31,41,124,131,62,136,50,96,44
877,32,72,83,124,42,78,29,74,57
877,33,13,28,39,138,49,112,2,79
877,34,29,143,0,117,98,36,8,52
877,35,95,48,47,131,88,143,10,30
877,36,48,125,17,89,14,25,143,102
877,37,27,111,136,51,104,133,7,47
877,38,20,114,25,98,111,27,121,41
877,39,17,5,2,97,40,42,79,137
877,40,63,92,40,36,70,132,39,32
877,41,108,17,68,103,27,26,89,46
877,42,78,120,42,140,124,10,5,51
877,43,117,83,97,1,111,7,103,96
877,44,17,93,47,135,130,45,24,79
878,3,110,81,33,60,29,104,83,90
878,4,140,26,29,22,143,133,107,136
878,5,63,1,59,35,17,36,60,90
878,6,26,27,13,0,71,48,73,23
878,7,107,3,53,4,32,110,80,18
878,8,90,85,72,136,127,45,60,70
878,9,51,100,65,19,118,45,59,127
878,10,75,67,64,1,130,103,82,96
878,11,135,14,97,19,75,21,30,62
878,12,53,1,29,96,118,111,32,25
878,13,8,4,90,71,30,95,127,121
878,14,17,103,63,117,72,89,75,29
878,15,141,79,127,53,88,32,40,45
878,16,100,33,80,86,54,89,106,85
878,17,56,111,43,106,32,3,87,20
878,18,86,106,46,116,42,31,99,115
878,19,63,140,9,70,79,119,71,93
878,20,135,71,65,93,121,13,67,40
878,21,107,132,9,40,85,96,54,63
878,22,130,15,118,12,106,80,141,35
878,23,133,72,140,134,128,80,11,10
878,24,69,107,94,109,128,26,100,56
878,25,74,115,58,86,107,117,118,94
878,26,97,27,98,35,77,34,40,78
878,27,104,79,108,100,120,77,97,71
878,28,136,133,27,21,108,38,57,90
878,29,104,44,20,101,121,16,63,75
878,30,46,29,51,62,123,124,13,121
878,31,22,124,23,113,100,10,87,54
878,32,42,37,78,139,20,46,93,44
878,33,86,39,62,40,42,106,129,16
878,34,40,83,127,30,29,125,116,65
878,35,127,65,73,63,69,9,48,70
878,36,5,116,111,130,82,61,89,102
878,37,95,99,16,14,91,111,3,102
878,38,68,44,27,64,113,136,55,30
878,39,115,92,28,13,135,5,143,86
878,40,20,143,133,66,92,88,109,9
878,41,33,68,3,100,126,10,118,28
878,42,138,78,107,8,26,10,96,36
878,43,71,24,135,25,111,97,47,52
878,44,15,17,130,79,93,126,135,74
879,3,54,86,30,109,125,45,39,96
879,4,44,30,40,22,6,75,62,88
879,5,67,34,68,37,6,35,131,52
879,6,83,37,19,71,12,123,110,136
879,7,45,93,39,74,12,134,81,85
879,8,50,36,85,79,88,118,59,26
879,9,51,90,75,92,130,87,140,40
879,10,29,81,118,110,5,143,73,18
879,11,30,89,95,112,127,75,69,86
879,12,14,129,96,111,32,53,133,140
879,13,95,28,111,4,122,1,90,33
879,14,63,89,73,117,53,83,13,74
879,15,22,58,90,93,113,32,104,41
879,16,54,97,143,106,85,83,19,55
879,17,16,79,77,12,91,47,106,103
879,18,116,137,23,135,118,108,47,2
879,19,13,119,9,133,65,62,38,97
879,20,115,76,65,24,1,40,22,15
879,21,111,106,64,112,43,94,8,47
879,22,29,85,134,99,130,31,55,13
879,23,77,69,85,142,133,88,129,101
879,24,36,117,68,97,69,121,129,72
879,25,86,90,74,125,87,115,5,118
879,26,97,57,58,92,77,99,53,12
879,27,140,100,97,8,120,127,25,84
879,28,38,109,132,90,136,40,95,21
879,29,124,121,19,79,62,87,33,25
879,30,46,121,96,34,139,66,29,113
879,31,124,131,125,54,50,64,41,93
879,32,72,34,10,42,57,83,124,67
879,33,39,86,138,58,112,97,89,23
879,34,29,98,112,143,62,105,117,68
879,35,119,127,117,131,10,88,133,143
879,36,89,48,14,116,86,84,113,135
879,37,111,108,95,27,51,121,113,65
879,38,71,94,44,27,111,134,20,136
879,39,127,17,62,13,78,2,72,118
879,40,63,92,110,50,87,33,37,68
879,41,115,27,68,139,93,23,20,26
879,42,78,137,35,42,0,41,103,22
879,43,58,97,91,66,104,111,100,7
879,44,105,130,79,62,126,49,15,80
880,3,24,91,29,25,19,88,7,38
880,4,3,62,117,84,125,16,30,90
880,5,115,87,7,8,88,60,65,117
880,6,11,44,89,83,119,1,20,116
880,7,132,43,49,5,92,128,13,121
880,8,139,10,136,55,46,107,35,83
880,9,45,71,27,115,78,12,75,98
880,10,20,133,73,85,5,80,7,126
880,11,30,29,12,67,137,62,108,121
880,12,96,103,65,95,32,17,140,71
880,13,112,100,1,10,17,71,7,90
880,14,63,72,53,117,124,73,103,4
880,15,93,32,22,70,90,73,8,104
880,16,97,106,56,28,54,90,83,10
880,17,16,111,79,110,77,103,126,96
880,18,116,31,27,46,108,23,135,137
880,19,13,70,119,133,31,84,102,20
880,20,115,84,131,76,55,65,136,63
880,21,59,64,95,106,54,111,47,77
880,22,29,77,101,0,31,117,21,134
880,23,85,77,44,24,57,125,142,88
880,24,137,69,36,105,50,71,72,129
880,25,86,74,87,98,85,71,115,9
880,26,97,53,98,85,57,82,126,89
880,27,108,133,97,86,40,17,121,140
880,28,119,66,6,69,120,23,38,106
880,29,0,44,19,48,103,123,11,87
880,30,93,41,42,125,46,19,63,133
880,31,120,100,17,125,101,10,97,113
880,32,72,85,42,66,141,34,78,128
880,33,43,138,125,86,39,97,122,79
880,34,105,117,143,64,63,26,30,40
880,35,16,127,76,67,129,17,140,65
880,36,48,14,138,52,37,104,39,99
880,37,51,52,10,99,56,108,117,130
880,38,48,20,128,47,51,136,111,68
880,39,135,50,60,39,88,2,12,118
880,40,63,129,75,121,65,59,124,39
880,41,27,139,68,90,112,48,130,26
880,42,78,13,89,52,5,53,48,63
880,43,65,100,57,110,112,111,139,93
880,44,126,44,5,50,143,92,135,49
881,3,141,69,80,13,18,90,134,48
881,4,13,44,25,102,34,2,59,88
881,5,72,66,104,134,68,30,15,23
881,6,62,24,142,48,59,16,39,17
881,7,108,117,122,87,57,39,69,53
881,8,114,104,121,127,45,43,32,31
881,9,56,109,130,27,86,38,81,126
881,10,51,57,103,69,104,9,70,50
881,11,101,102,106,108,74,3,75,39
881,12,131,127,21,57,55,71,0,32
881,13,6,122,86,1,54,63,95,23
881,14,49,55,103,63,2,143,28,29
881,15,20,112,11,68,2,66,80,88
881,16,54,74,63,101,69,108,126,133
881,17,16,103,30,87,12,96,79,39
881,18,132,116,118,114,111,55,108,59
881,19,9,13,95,37,102,140,32,77
881,20,46,52,37,1,65,58,74,77
881,21,141,110,120,115,3,52,97,28
881,22,46,31,118,19,13,114,141,29
881,23,125,28,112,85,128,77,80,75
881,24,126,107,142,137,56,32,46,94
881,25,87,98,74,86,85,118,136,117
881,26,97,98,27,132,77,126,89,26
881,27,108,133,94,120,97,46,121,115
881,28,66,119,7,130,106,67,52,51
881,29,44,48,105,103,0,5,11,77
881,30,93,41,42,29,130,24,11,46
881,31,1,101,120,113,106,29,90,2
881,32,66,72,141,0,21,128,87,85
881,33,43,39,101,125,86,138,106,130
881,34,117,63,40,104,26,30,29,132
881,35,16,127,76,67,129,17,140,65
881,36,99,37,52,138,39,5,78,135
881,37,99,56,52,10,77,36,95,115
881,38,48,68,110,51,47,44,20,93
881,39,135,50,22,28,2,4,60,39
881,40,129,53,59,124,75,121,62,50
881,41,139,90,112,116,68,54,47,26
881,42,13,113,48,107,37,63,123,8
881,43,57,91,110,143,111,113,139,93
881,44,44,7,41,86,22,122,104,80
882,3,50,16,118,42,84,14,62,136
882,4,105,91,15,84,61,54,51,14
882,5,125,95,4,8,141,113,33,15
882,6,129,11,138,52,134,39,55,49
882,7,5,22,108,66,11,86,112,83
882,8,139,49,3,118,55,95,81,14
882,9,83,126,71,60,7,115,24,129
882,10,69,98,101,17,106,123,126,68
882,11,94,0,2,29,135,20,49,115
882,12,127,109,71,0,82,21,119,36
882,13,64,49,30,91,134,86,5,130
882,14,76,72,106,63,125,80,2,97
882,15,120,71,70,102,57,121,20,9
882,16,57,74,69,25,3,133,91,88
882,17,49,38,90,139,6,43,39,59
882,18,132,114,20,75,37,86,69,122
882,19,105,95,77,27,32,140,0,91
882,20,2,46,39,135,141,12,37,17
882,21,110,28,117,107,35,115,77,85
882,22,63,114,141,78,19,11,118,56
882,23,137,38,31,125,113,28,140,46
882,24,90,120,46,19,41,69,114,56
882,25,74,86,115,71,43,87,107,20
882,26,97,98,25,109,138,99,91,90
882,27,108,97,140,104,120,79,114,84
882,28,38,87,136,27,121,133,134,57
882,29,65,51,34,62,11,44,121,46
882,30,46,15,29,21,133,120,42,123
882,31,103,124,100,113,29,125,23,22
882,32,29,78,37,42,60,0,90,125
882,33,39,86,24,142,16,72,119,20
882,34,40,30,79,29,83,127,117,143
882,35,65,127,48,89,77,9,140,63
882,36,5,17,116,61,85,89,109,64
882,37,102,110,16,95,99,91,14,115
882,38,68,44,73,117,55,135,27,98
882,39,115,92,5,44,28,110,135,103
882,40,133,90,66,53,140,43,70,109
882,41,68,33,124,108,28,126,46,43
882,42,107,8,120,18,0,53,44,26
882,43,25,111,42,128,47,52,56,79
882,44,24,93,79,91,17,48,114,80
883,3,9,71,113,125,90,134,34,94
883,4,94,22,2,91,121,106,133,23
883,5,90,44,51,34,58,46,104,127
883,6,26,113,70,139,20,17,12,42
883,7,3,67,71,112,4,75,15,12
883,8,139,118,91,39,71,5,42,60
883,9,19,51,69,29,83,57,129,133
883,10,29,67,96,79,138,103,110,69
883,11,92,57,62,104,69,70,143,30
883,12,119,48,118,96,71,127,14,0
883,13,132,19,5,112,27,64,38,8
883,14,51,63,72,117,91,29,33,32
883,15,113,79,32,91,121,11,7,43
883,16,84,74,106,25,57,18,88,122
883,17,110,90,56,134,45,39,118,87
883,18,116,138,1,46,86,118,23,75
883,19,63,9,70,119,13,31,102,59
883,20,65,52,136,76,143,104,93,135
883,21,117,54,77,107,28,111,128,10
883,22,29,63,42,21,54,0,141,11
883,23,69,128,133,90,142,11,137,82
883,24,89,130,69,122,41,71,120,68
883,25,74,115,77,58,86,113,94,133
883,26,97,98,108,138,77,115,45,84
883,27,104,140,108,84,79,100,120,128
883,28,21,2,136,133,27,107,110,50
883,29,132,121,85,16,104,97,7,101
883,30,123,46,29,120,62,121,124,51
883,31,54,22,100,124,23,10,87,97
883,32,139,37,20,42,78,68,93,41
883,33,39,86,40,72,58,119,89,41
883,34,40,56,83,29,79,127,67,63
883,35,65,63,127,48,73,119,99,10
883,36,5,116,61,136,82,7,89,130
883,37,16,91,95,102,14,5,33,30
883,38,55,68,95,135,92,143,117,18
883,39,115,127,92,103,28,5,110,135
883,40,31,133,66,92,43,88,50,83
883,41,68,33,126,46,102,43,55,37
883,42,35,107,8,36,53,26,0,64
883,43,120,60,111,25,58,127,26,36
883,44,79,24,55,15,17,71,80,122
884,3,77,118,122,115,97,68,42,47
884,4,42,123,128,88,62,91,16,105
884,5,135,64,116,32,115,83,15,65
884,6,31,114,89,36,87,133,123,11
884,7,17,128,42,96,139,53,19,66
884,8,10,61,55,122,9,56,62,71
884,9,4,71,129,76,29,27,47,121
884,10,122,59,110,25,94,23,69,90
884,11,67,89,22,112,32,92,54,143
884,12,2,96,81,129,128,103,30,17
884,13,71,126,132,122,109,62,120,55
884,14,63,131,70,53,72,91,117,89
884,15,23,123,32,62,53,58,106,35
884,16,122,54,106,21,63,85,33,28
884,17,77,110,56,62,39,34,47,87
884,18,1,101,44,116,86,46,42,14
884,19,122,63,31,133,102,13,119,9
884,20,52,56,129,65,131,39,94,132
884,21,77,80,135,10,117,28,111,96
884,22,42,29,134,86,118,141,0,54
884,23,61,69,67,36,88,104,85,142
884,24,80,68,71,130,69,13,129,6
884,25,71,74,86,113,133,77,118,123
884,26,39,97,108,138,125,133,98,25
884,27,108,140,8,104,120,83,58,98
884,28,109,114,136,58,21,27,133,142
884,29,79,132,97,49,1,82,106,56
884,30,46,12,29,43,121,62,20,131
884,31,54,100,22,124,113,45,36,10
884,32,116,139,93,78,110,10,20,36
884,33,39,86,69,58,19,139,89,40
884,34,40,56,143,29,115,65,127,0
884,35,65,119,48,127,9,77,99,63
884,36,5,136,116,17,109,68,9,110
884,37,102,16,98,18,12,95,30,121
884,38,92,55,34,132,40,95,94,135
884,39,115,127,103,72,110,20,5,64
884,40,133,50,92,82,43,140,65,83
884,41,33,68,126,136,27,67,28,72
884,42,8,35,36,107,53,40,20,0
884,43,111,25,60,48,120,58,127,132
884,44,116,24,79,105,80,17,20,55
885,3,107,19,143,125,14,115,93,101
885,4,30,14,90,27,91,87,34,21
885,5,140,27,24,88,74,71,58,142
885,6,43,94,102,135,12,69,114,73
885,7,42,127,30,136,70,110,99,78
885,8,122,10,18,65,34,72,35,64
885,9,4,14,121,1,128,88,27,44
885,10,122,40,103,52,32,84,83,16
885,11,67,22,77,115,112,88,9,29
885,12,58,70,69,96,134,19,143,126
885,13,89,62,71,48,126,97,51,2
885,14,63,53,117,10,52,72,13,137
885,15,93,32,52,63,58,23,100,46
885,16,54,63,35,122,48,90,75,114
885,17,56,66,77,81,20,62,110,109
885,18,44,1,50,116,125,14,46,97
885,19,63,10,52,119,14,13,102,44
885,20,65,52,20,71,40,70,99,129
885,21,107,10,54,77,95,99,104,38
885,22,6,21,137,15,83,29,80,61
885,23,128,30,69,44,85,7,99,117
885,24,130,69,107,137,105,142,88,37
885,25,74,43,85,45,136,11,115,118
885,26,97,124,27,98,113,7,93,99
885,27,89,108,121,88,120,46,40,97
885,28,40,137,106,127,68,135,69,133
885,29,116,49,44,103,29,1,120,75
885,30,20,88,29,133,63,46,41,43
885,31,54,79,83,113,90,97,125,56
885,32,85,72,78,142,36,109,10,93
885,33,51,86,39,142,101,35,66,57
885,34,28,29,63,40,137,105,30,16
885,35,65,140,4,48,127,9,119,67
885,36,136,17,67,5,23,104,50,109
885,37,121,77,98,10,73,112,23,96
885,38,34,51,44,94,22,71,92,0
885,39,63,55,75,115,5,87,12,97
885,40,140,129,18,123,71,53,66,94
885,41,85,68,33,52,70,28,18,12
885,42,8,115,12,107,113,0,53,23
885,43,111,76,132,115,52,25,142,104
885,44,37,80,76,106,116,24,33,89
886,3,126,134,72,13,52,46,45,129
886,4,85,122,93,119,88,116,13,96
886,5,7,9,75,89,15,58,37,12
886,6,142,5,34,92,48,66,139,14
886,7,91,69,126,118,112,122,98,130
886,8,126,118,68,112,27,56,71,12
886,9,64,52,30,125,63,94,139,126
886,10,102,50,128,127,69,65,62,21
886,11,8,6,106,102,35,115,44,98
886,12,131,55,57,6,21,71,137,7
886,13,6,19,66,63,42,98,46,97
886,14,64,63,138,70,143,73,100,91
886,15,2,68,59,142,109,66,106,53
886,16,108,101,45,46,25,14,75,87
886,17,117,90,30,101,39,138,55,77
886,18,103,1,11,86,46,141,30,29
886,19,77,128,24,105,136,95,32,0
886,20,39,93,104,46,135,82,31,52
886,21,109,52,28,132,107,134,77,63
886,22,82,106,33,114,63,78,141,19
886,23,28,80,134,125,128,60,133,113
886,24,94,32,140,142,22,0,119,69
886,25,74,70,107,43,66,85,24,51
886,26,135,27,130,97,113,44,109,79
886,27,121,88,46,131,115,28,11,130
886,28,106,52,126,86,67,98,135,117
886,29,48,15,38,29,42,128,20,121
886,30,75,21,114,116,105,29,11,3
886,31,87,74,108,78,94,102,80,51
886,32,4,12,25,44,112,66,130,80
886,33,106,86,39,101,142,24,16,17
886,34,63,125,82,40,26,117,30,38
886,35,127,39,89,69,63,70,28,16
886,36,51,5,27,79,18,101,113,138
886,37,36,3,127,135,95,48,139,77
886,38,68,92,11,32,136,42,20,18
886,39,22,135,119,53,92,5,60,71
886,40,53,55,66,27,23,61,2,51
886,41,40,68,112,33,139,39,58,25
886,42,107,44,26,8,1,36,47,113
886,43,34,52,15,10,116,25,49,110
886,44,104,80,114,24,9,17,91,33
887,3,6,77,109,4,2,119,123,79
887,4,142,133,129,134,54,34,95,15
887,5,12,133,95,11,64,130,110,89
887,6,16,12,74,8,136,138,109,54
887,7,75,132,12,42,126,22,46,74
887,8,46,88,50,10,109,12,71,78
887,9,90,102,130,71,34,89,44,76
887,10,143,72,18,5,98,63,10,84
887,11,127,23,133,49,104,43,112,16
887,12,129,37,2,14,75,87,22,0
887,13,1,19,134,130,106,28,132,104
887,14,57,50,40,79,31,91,32,13
887,15,65,101,41,35,18,57,126,97
887,16,83,20,52,21,112,82,94,25
887,17,38,30,55,101,90,49,47,80
887,18,9,86,141,122,70,69,79,17
887,19,95,0,68,136,102,1,140,3
887,20,2,53,135,39,73,79,82,32
887,21,107,132,96,115,63,110,87,122
887,22,135,65,141,63,109,11,78,59
887,23,36,40,113,31,137,128,140,69
887,24,28,13,80,143,90,84,44,140
887,25,107,66,109,51,74,43,85,24
887,26,108,27,35,89,77,109,132,34
887,27,121,5,46,88,47,28,31,11
887,28,142,52,114,106,135,90,51,85
887,29,100,58,79,124,121,62,103,5
887,30,12,10,104,32,11,42,46,66
887,31,122,80,31,45,94,131,39,139
887,32,134,83,29,112,128,37,7,116
887,33,139,106,39,100,94,141,112,89
887,34,100,63,91,83,77,104,117,23
887,35,127,129,28,63,123,41,10,100
887,36,135,86,7,77,29,27,79,107
887,37,36,3,29,95,108,48,99,133
887,38,92,68,122,18,93,136,101,12
887,39,127,28,135,2,64,119,78,5
887,40,27,110,43,133,55,132,90,72
887,41,2,40,102,93,137,89,109,68
887,42,111,107,26,1,105,36,27,53
887,43,15,52,13,58,10,60,120,111
887,44,80,124,33,135,105,24,130,62
888,3,67,3,39,58,76,109,57,40
888,4,34,22,14,16,90,128,4,113
888,5,113,39,70,65,86,27,60,44
888,6,118,80,135,20,128,44,90,108
888,7,55,127,132,124,136,50,134,70
888,8,46,50,98,47,83,72,0,71
888,9,21,83,81,73,15,94,37,47
888,10,101,59,110,72,143,10,83,18
888,11,99,89,75,112,23,49,104,5
888,12,37,129,142,2,90,24,49,99
888,13,19,1,106,28,101,126,105,15
888,14,40,7,50,108,18,111,32,72
888,15,35,93,40,57,129,25,139,59
888,16,0,107,61,83,20,32,112,43
888,17,81,94,80,6,108,109,38,55
888,18,9,115,141,124,69,77,70,38
888,19,140,68,0,109,5,33,136,13
888,20,38,135,93,35,53,94,121,26
888,21,132,80,107,23,123,18,89,113
888,22,65,19,12,78,98,102,0,28
888,23,104,78,133,68,85,101,67,129
888,24,44,80,69,68,129,25,17,56
888,25,66,43,107,74,24,109,139,34
888,26,108,27,77,89,35,132,41,109
888,27,46,5,31,121,71,88,66,138
888,28,58,142,52,135,106,132,99,75
888,29,24,58,79,121,100,52,28,128
888,30,12,10,42,104,63,11,46,72
888,31,122,31,45,56,94,39,143,76
888,32,109,116,7,134,110,26,104,105
888,33,100,106,139,121,39,8,31,89
888,34,100,70,143,23,91,133,83,25
888,35,127,21,28,119,129,67,12,124
888,36,135,29,86,123,77,6,99,79
888,37,33,36,95,3,108,96,48,18
888,38,92,68,24,93,47,122,141,109
888,39,83,127,28,135,64,100,62,41
888,40,122,43,96,66,92,27,101,35
888,41,109,65,41,58,27,89,22,132
888,42,111,96,26,107,135,84,1,33
888,43,112,52,13,132,58,94,60,110
888,44,80,53,105,24,124,62,79,130
889,3,75,76,13,128,65,93,3,141
889,4,24,123,14,117,16,133,3,125
889,5,11,84,82,6,76,55,65,39
889,6,40,20,118,90,44,81,42,74
889,7,86,17,50,121,128,21,103,139
889,8,47,95,46,55,98,10,11,0
889,9,37,71,24,76,15,81,1,83
889,10,98,83,59,126,73,32,138,52
889,11,23,44,22,55,76,66,49,67
889,12,37,129,99,54,22,82,21,128
889,13,19,48,106,101,71,23,28,1
889,14,40,13,72,108,91,33,21,55
889,15,135,39,124,132,139,115,60,129
889,16,20,43,79,61,83,97,33,112
889,17,55,109,30,47,6,12,8,44
889,18,9,115,86,70,122,119,87,69
889,19,140,71,65,0,94,33,95,78
889,20,2,67,135,53,79,26,38,121
889,21,132,107,63,96,9,95,110,139
889,22,98,137,141,15,12,134,65,91
889,23,44,134,137,133,128,6,101,30
889,24,143,122,69,56,60,95,27,53
889,25,107,66,109,43,74,51,24,118
889,26,27,124,35,77,44,50,91,41
889,27,121,88,46,11,66,128,28,114
889,28,121,6,135,106,52,51,119,124
889,29,100,58,121,34,28,60,116,29
889,30,104,10,135,46,11,17,13,1
889,31,87,6,94,31,39,135,10,109
889,32,83,66,112,109,128,119,104,29
889,33,39,97,139,130,120,106,16,141
889,34,100,125,40,70,30,77,20,117
889,35,129,127,123,80,16,41,69,10
889,36,135,14,27,79,5,138,136,39
889,37,96,108,10,23,99,36,91,15
889,38,24,44,68,94,48,34,42,51
889,39,62,84,4,135,140,64,44,55
889,40,129,2,53,122,133,55,19,50
889,41,130,76,68,98,102,89,109,139
889,42,111,107,105,87,46,26,80,113
889,43,13,42,132,112,52,139,57,110
889,44,37,91,86,44,76,80,114,30
890,3,59,72,83,104,37,129,63,87
890,4,73,80,93,96,40,122,56,20
890,5,9,30,93,51,14,107,47,12
890,6,66,142,92,116,74,118,42,103
890,7,118,69,139,63,41,14,67,70
890,8,137,22,17,25,47,71,139,118
890,9,52,140,131,103,119,37,98,130
890,10,83,13,102,128,27,56,69,58
890,11,8,16,23,1,132,70,94,101
890,12,94,7,57,42,128,37,21,71
890,13,70,19,6,63,134,128,125,1
890,14,73,138,57,55,31,114,69,139
890,15,117,68,102,69,59,57,16,110
890,16,20,27,25,57,59,74,46,106
890,17,55,51,47,90,30,38,56,49
890,18,122,106,44,46,70,86,11,119
890,19,63,95,136,1,59,21,71,69
890,20,121,135,2,63,53,73,79,129
890,21,107,132,96,18,63,10,73,99
890,22,141,125,109,15,78,133,91,85
890,23,137,128,40,113,54,47,117,120
890,24,122,89,69,13,95,32,90,54
890,25,74,107,51,115,43,4,36,113
890,26,35,27,97,91,122,40,25,109
890,27,104,128,100,28,88,120,58,31
890,28,133,106,121,38,136,83,8,51
890,29,121,3,101,51,34,20,29,104
890,30,46,13,29,57,21,123,34,141
890,31,22,124,77,10,74,87,94,106
890,32,42,92,68,12,37,93,20,143
890,33,39,72,129,86,42,16,98,106
890,34,40,125,20,83,127,42,117,36
890,35,127,69,65,140,97,87,81,10
890,36,116,79,61,89,52,27,9,16
890,37,91,15,14,99,111,95,126,40
890,38,44,30,32,33,68,20,117,54
890,39,115,46,134,92,13,135,129,2
890,40,2,53,133,66,50,90,92,137
890,41,68,76,75,66,33,54,48,139
890,42,107,47,8,36,44,80,131,91
890,43,10,63,52,49,25,64,81,120
890,44,81,68,0,86,79,42,71,17
891,3,98,5,41,138,25,85,90,39
891,4,129,99,68,108,61,18,106,15
891,5,0,6,91,29,86,36,35,64
891,6,56,77,96,95,46,40,89,71
891,7,5,136,11,101,45,17,93,104
891,8,88,47,71,75,116,40,0,124
891,9,136,15,71,118,31,55,47,60
891,10,37,47,19,130,71,143,86,126
891,11,7,127,58,62,67,104,69,78
891,12,33,96,24,37,99,57,31,127
891,13,27,99,101,12,128,19,71,120
891,14,126,53,72,124,63,35,113,123
891,15,143,32,45,69,43,88,42,58
891,16,78,74,63,11,24,106,134,120
891,17,56,134,110,47,55,30,64,140
891,18,42,31,46,106,105,56,27,10
891,19,63,79,10,9,90,54,22,95
891,20,114,63,100,75,143,38,121,130
891,21,107,10,35,132,70,60,18,22
891,22,141,9,39,105,29,26,7,115
891,23,130,117,25,89,16,24,120,40
891,24,89,122,69,109,111,106,21,84
891,25,74,51,22,43,107,67,40,39
891,26,131,25,115,96,35,98,22,92
891,27,104,43,28,128,50,77,75,66
891,28,133,136,107,121,82,88,132,106
891,29,101,119,104,73,56,121,87,75
891,30,46,132,30,51,131,122,34,141
891,31,22,10,124,9,2,130,88,51
891,32,93,42,106,20,37,74,109,24
891,33,39,48,50,13,40,86,80,16
891,34,40,103,122,83,36,99,65,127
891,35,97,65,84,73,5,10,63,127
891,36,82,108,116,91,143,136,44,110
891,37,14,91,36,16,109,126,68,5
891,38,64,55,87,116,24,84,109,104
891,39,115,92,28,90,19,0,52,126
891,40,96,2,70,92,122,78,81,130
891,41,33,75,126,46,67,101,97,86
891,42,107,8,36,64,58,88,109,84
891,43,132,128,9,82,25,64,120,79
891,44,71,83,31,67,79,24,135,51
892,3,86,133,63,108,134,51,40,58
892,4,101,123,70,135,62,72,113,63
892,5,111,136,34,98,28,127,35,72
892,6,108,11,107,6,123,135,12,52
892,7,104,74,81,12,139,78,38,15
892,8,124,75,72,52,114,16,78,116
892,9,12,130,27,136,16,46,118,105
892,10,122,47,113,30,69,116,91,124
892,11,67,3,18,78,89,13,97,43
892,12,31,19,33,2,14,100,143,121
892,13,41,109,71,43,108,36,139,120
892,14,53,68,63,13,100,17,62,65
892,15,143,32,60,43,104,35,58,91
892,16,100,30,85,130,75,113,20,98
892,17,56,43,44,11,101,47,106,128
892,18,1,106,42,86,46,44,29,116
892,19,63,9,119,10,13,71,44,62
892,20,65,129,40,67,131,53,52,93
892,21,107,77,106,132,116,96,10,19
892,22,29,71,141,19,57,21,80,15
892,23,40,128,78,134,72,77,113,6
892,24,69,130,22,107,143,89,90,133
892,25,74,87,117,58,107,118,86,115
892,26,97,27,77,98,35,132,12,25
892,27,104,108,79,97,120,88,22,114
892,28,133,136,40,38,138,8,95,132
892,29,101,104,119,49,121,56,75,141
892,30,46,86,29,20,30,93,43,51
892,31,22,124,10,9,32,41,2,54
892,32,93,42,85,19,10,20,103,33
892,33,15,39,51,48,113,65,86,62
892,34,40,74,99,127,122,28,9,31
892,35,97,26,5,77,103,10,65,9
892,36,136,83,106,143,43,141,48,72
892,37,36,63,113,126,112,134,105,2
892,38,84,34,109,70,129,132,97,32
892,39,13,87,63,126,115,110,120,136
892,40,94,64,96,20,11,77,92,91
892,41,33,75,101,72,79,141,85,32
892,42,107,88,58,40,45,8,103,35
892,43,43,129,39,20,9,66,115,61
892,44,19,62,37,50,36,140,57,105
893,3,90,86,8,95,42,125,82,54
893,4,101,66,31,111,16,74,119,137
893,5,33,8,35,73,95,139,115,127
893,6,117,102,67,89,49,84,53,59
893,7,104,48,59,17,124,45,81,32
893,8,52,133,71,122,78,28,101,29
893,9,105,117,130,36,52,113,112,34
893,10,122,69,131,111,63,59,23,124
893,11,11,89,3,120,106,67,78,27
893,12,34,70,25,6,119,66,57,136
893,13,6,71,19,89,8,139,20,38
893,14,138,100,40,20,66,32,108,106
893,15,38,87,1,11,39,44,57,115
893,16,112,46,20,87,71,43,82,85
893,17,129,34,131,138,85,24,128,6
893,18,122,119,72,9,115,69,59,107
893,19,21,12,71,22,33,142,136,106
893,20,31,64,73,140,79,68,18,106
893,21,27,63,68,124,134,46,132,122
893,22,142,22,23,108,51,106,98,109
893,23,6,70,51,133,2,60,64,102
893,24,79,103,53,69,25,38,16,140
893,25,139,79,60,40,74,91,111,32
893,26,0,15,79,122,22,3,91,70
893,27,92,30,113,24,127,74,114,137
893,28,20,33,48,95,126,86,19,25
893,29,74,130,81,135,121,29,87,62
893,30,126,43,80,141,58,9,45,130
893,31,48,57,124,109,102,8,68,85
893,32,57,117,131,138,87,14,35,64
893,33,1,85,14,5,93,129,121,73
893,34,25,119,8,123,39,51,75,3
893,35,98,15,72,55,42,44,127,102
893,36,96,100,99,107,113,20,124,65
893,37,45,74,44,139,9,63,15,21
893,38,67,131,54,76,7,100,126,19
893,39,43,108,136,60,2,135,83,42
893,40,7,3,133,35,104,127,27,55
893,41,33,72,86,68,38,111,19,3
893,42,107,58,8,113,88,19,40,35
893,43,129,61,39,20,9,66,74,24
893,44,19,16,18,70,83,37,105,99
894,3,36,85,42,90,107,41,119,92
894,4,118,128,106,70,21,68,143,16
894,5,33,19,93,127,41,31,109,44
894,6,122,107,102,45,43,49,75,90
894,7,104,44,17,130,11,70,143,23
894,8,17,65,78,71,114,60,25,59
894,9,89,4,84,94,36,34,8,27
894,10,122,47,48,69,23,91,60,16
894,11,105,67,31,18,124,85,33,95
894,12,19,31,95,80,119,63,38,143
894,13,109,41,69,108,71,74,2,43
894,14,53,68,10,13,35,101,66,64
894,15,21,143,2,60,41,74,118,129
894,16,30,35,142,67,31,18,45,126
894,17,56,89,2,47,134,109,69,44
894,18,106,14,62,42,97,93,137,1
894,19,63,79,10,9,119,44,22,90
894,20,114,129,130,38,102,53,65,0
894,21,107,135,10,94,99,63,19,96
894,22,1,141,15,29,67,64,138,106
894,23,117,128,50,112,33,105,88,25
894,24,109,130,69,18,111,72,137,107
894,25,74,123,43,115,136,39,11,126
894,26,97,27,25,93,132,115,113,136
894,27,104,108,121,76,22,88,97,128
894,28,133,137,106,40,52,135,84,138
894,29,60,116,119,121,49,29,0,75
894,30,20,46,44,29,85,43,139,125
894,31,107,22,83,124,10,101,90,94
894,32,85,42,20,38,10,33,63,59
894,33,39,51,23,16,55,138,29,80
894,34,40,99,127,112,52,104,72,103
894,35,127,65,117,129,10,121,84,87
894,36,52,136,116,83,61,138,104,34
894,37,14,113,134,10,112,48,126,34
894,38,44,51,22,64,122,129,24,20
894,39,115,87,63,13,55,53,137,93
894,40,96,94,2,122,39,132,92,130
894,41,33,72,70,68,101,55,18,85
894,42,107,23,113,8,87,40,12,53
894,43,61,39,52,114,79,142,94,60
894,44,119,30,24,127,126,80,19,37
895,3,25,104,0,90,40,63,88,44
895,4,23,10,8,74,77,65,93,143
895,5,126,38,78,31,67,94,110,28
895,6,10,24,15,117,16,39,70,48
895,7,129,112,43,139,93,71,50,9
895,8,59,33,92,43,122,101,114,31
895,9,35,113,103,120,36,125,49,126
895,10,4,100,78,57,69,65,140,76
895,11,45,8,26,101,91,102,29,72
895,12,57,123,51,31,96,131,55,37
895,13,78,6,36,19,105,13,75,66
895,14,2,88,141,138,143,91,129,124
895,15,47,68,102,143,133,2,25,135
895,16,119,108,133,63,125,30,132,46
895,17,55,30,56,47,45,74,117,134
895,18,106,86,111,123,124,66,11,141
895,19,8,9,136,140,59,119,102,77
895,20,58,129,135,53,104,37,65,93
895,21,107,72,135,96,1,10,120,99
895,22,106,71,15,141,35,18,29,80
895,23,47,134,128,46,77,80,125,51
895,24,114,32,107,124,69,22,142,12
895,25,74,85,136,130,115,58,138,109
895,26,97,27,35,113,143,132,93,89
895,27,121,108,104,88,73,125,46,97
895,28,52,94,135,133,81,7,106,67
895,29,30,36,106,38,44,138,116,121
895,30,17,46,29,21,120,116,11,22
895,31,90,32,22,103,125,74,36,126
895,32,2,60,45,52,4,78,15,29
895,33,39,142,40,48,106,112,24,129
895,34,40,104,63,83,99,91,75,143
895,35,127,69,63,73,83,65,133,79
895,36,52,61,116,17,15,138,107,22
895,37,99,8,3,95,14,36,48,53
895,38,68,51,32,84,115,117,110,0
895,39,115,28,92,5,22,143,86,87
895,40,7,66,96,23,140,133,129,132
895,41,6,87,63,28,68,33,90,14
895,42,107,20,8,44,36,26,53,41
895,43,52,95,34,123,25,110,15,40
895,44,128,95,70,10,79,71,44,40
896,3,8,54,128,104,37,19,39,34
896,4,43,104,67,3,87,74,10,23
896,5,85,31,138,5,98,110,78,70
896,6,53,20,76,56,7,114,130,61
896,7,1,11,74,0,93,71,18,84
896,8,101,16,89,9,60,71,136,114
896,9,101,25,71,0,125,59,29,136
896,10,139,17,38,24,4,78,89,27
896,11,35,67,44,104,100,135,33,121
896,12,8,96,76,123,37,120,33,70
896,13,103,71,78,3,77,12,55,75
896,14,115,124,63,127,79,42,91,117
896,15,23,111,93,32,47,143,91,101
896,16,63,143,119,133,24,28,113,75
896,17,56,134,87,45,30,47,11,110
896,18,106,46,42,111,31,1,44,86
896,19,79,63,10,119,114,3,9,67
896,20,129,100,65,37,63,143,28,22
896,21,107,10,72,70,115,73,111,99
896,22,29,141,85,78,71,18,94,82
896,23,16,67,18,128,112,120,95,130
896,24,128,114,69,122,111,109,59,130
896,25,74,39,20,126,43,113,58,107
896,26,113,97,98,22,116,8,53,143
896,27,104,100,22,127,8,114,128,113
896,28,133,50,71,85,121,135,106,114
896,29,26,51,106,121,133,101,73,39
896,30,46,48,29,64,30,124,42,131
896,31,22,124,32,10,64,113,84,116
896,32,42,93,116,20,27,84,115,127
896,33,48,39,112,40,15,89,13,14
896,34,40,83,104,127,29,65,143,28
896,35,127,87,73,95,65,10,79,140
896,36,116,61,107,63,104,43,106,8
896,37,54,36,33,14,71,77,104,126
896,38,117,104,64,84,95,70,119,40
896,39,115,92,131,138,2,78,1,137
896,40,66,40,5,112,96,52,81,140
896,41,99,17,14,27,33,68,15,82
896,42,107,36,18,8,26,1,10,90
896,43,42,111,110,104,52,130,117,25
896,44,91,79,114,20,130,47,71,143
897,3,17,84,123,78,26,43,38,125
897,4,129,138,35,70,4,72,73,122
897,5,24,98,28,31,136,14,48,85
897,6,94,11,85,110,89,19,99,69
897,7,0,42,30,139,132,41,1,19
897,8,11,8,101,88,55,73,62,141
897,9,13,88,122,27,71,1,117,97
897,10,122,14,9,137,118,32,52,10
897,11,67,108,87,35,10,127,3,20
897,12,96,33,70,112,135,31,59,30
897,13,71,41,35,48,23,137,142,28
897,14,115,124,117,72,13,123,126,63
897,15,143,23,93,32,35,15,134,57
897,16,78,63,143,133,118,54,90,75
897,17,56,110,40,87,92,20,47,109
897,18,106,86,31,46,56,10,123,125
897,19,79,119,10,63,3,17,67,44
897,20,65,129,58,100,20,63,97,76
897,21,10,107,72,96,139,46,70,2
897,22,29,71,21,18,134,141,78,77
897,23,44,30,61,128,120,33,7,133
897,24,69,109,130,82,119,107,137,114
897,25,74,136,115,20,31,76,113,126
897,26,97,113,90,136,25,85,99,12
897,27,104,108,71,114,127,79,100,22
897,28,133,137,106,114,116,10,66,22
897,29,106,33,116,121,120,95,73,49
897,30,46,20,135,29,43,93,85,74
897,31,22,113,64,124,107,97,10,14
897,32,85,42,78,93,20,72,63,10
897,33,39,48,112,40,51,89,142,52
897,34,40,83,63,79,143,70,98,28
897,35,127,140,73,87,65,129,81,99
897,36,116,104,61,43,107,23,138,106
897,37,68,36,105,112,77,9,14,54
897,38,117,51,40,104,34,68,95,64
897,39,115,92,111,12,137,28,19,63
897,40,0,140,37,113,133,54,122,65
897,41,68,14,70,3,76,33,107,86
897,42,96,23,46,107,8,66,125,26
897,43,52,94,96,6,142,111,110,112
897,44,3,116,40,37,79,5,80,130
898,3,72,95,54,87,74,14,24,13
898,4,110,46,109,77,91,53,31,79
898,5,43,3,108,49,134,35,0,86
898,6,130,78,97,142,68,121,54,34
898,7,24,87,98,23,35,41,106,50
898,8,126,104,33,68,40,43,26,30
898,9,9,30,112,141,49,34,139,125
898,10,102,127,42,49,69,24,71,125
898,11,6,120,28,8,110,123,138,101
898,12,54,11,131,55,137,6,37,57
898,13,6,19,42,66,96,33,105,20
898,14,100,138,69,143,64,78,141,2
898,15,59,66,3,143,106,109,131,112
898,16,101,87,108,46,25,133,98,83
898,17,116,55,30,138,47,117,90,25
898,18,103,11,9,119,87,122,123,10
898,19,118,136,140,71,77,128,94,21
898,20,31,73,53,135,58,24,2,129
898,21,107,105,109,63,96,132,115,52
898,22,106,33,82,46,78,15,98,54
898,23,80,19,134,60,77,128,41,6
898,24,140,0,94,103,22,32,119,69
898,25,66,85,24,54,109,70,118,141
898,26,135,130,79,27,44,113,7,126
898,27,121,46,88,131,138,11,135,130
898,28,98,86,67,126,46,64,106,135
898,29,42,48,29,38,128,108,121,87
898,30,114,75,105,116,11,21,19,17
898,31,102,78,108,51,109,135,87,9
898,32,130,12,25,80,4,44,112,119
898,33,67,106,17,85,121,131,68,135
898,34,82,125,92,75,73,38,63,26
898,35,127,57,76,10,70,138,85,67
898,36,51,15,18,37,69,79,29,6
898,37,127,139,135,99,36,53,3,6
898,38,42,68,97,108,113,117,18,141
898,39,134,104,73,5,22,135,101,43
898,40,53,24,55,126,61,81,132,116
898,41,25,45,54,39,101,58,50,139
898,42,69,107,70,8,26,36,113,39
898,43,52,49,78,126,96,93,110,44
898,44,113,61,118,112,34,71,141,95
899,3,46,3,71,105,125,56,130,133
899,4,11,130,88,100,141,90,89,6
899,5,55,59,103,86,64,16,35,46
899,6,5,45,109,118,18,39,134,53
899,7,116,126,40,94,14,93,0,136
899,8,41,32,69,68,49,71,58,34
899,9,125,27,0,129,132,10,113,47
899,10,44,66,74,62,97,137,69,89
899,11,8,47,44,16,104,111,49,110
899,12,130,125,7,56,138,90,93,13
899,13,46,6,64,19,44,33,30,38
899,14,112,3,139,57,24,21,40,9
899,15,140,77,59,25,131,118,58,47
899,16,82,14,47,112,133,40,46,75
899,17,24,90,101,25,55,30,128,96
899,18,20,9,11,122,69,119,115,23
899,19,1,21,140,128,136,91,73,71
899,20,12,32,73,132,82,2,135,46
899,21,115,77,28,109,63,19,119,91
899,22,18,59,35,71,78,106,63,104
899,23,113,4,134,140,40,60,101,11
899,24,143,16,140,22,120,69,94,114
899,25,69,74,130,66,85,24,109,139
899,26,7,27,130,44,119,89,126,97
899,27,46,45,130,97,124,104,121,138
899,28,52,67,86,134,71,135,130,87
899,29,88,29,48,138,84,22,18,87
899,30,21,75,11,14,46,58,42,29
899,31,103,29,78,126,94,125,10,14
899,32,25,4,44,33,29,22,52,66
899,33,39,106,17,8,19,135,85,112
899,34,82,40,129,143,25,26,117,23
899,35,127,85,28,70,89,113,57,10
899,36,61,89,18,123,52,116,107,46
899,37,95,139,99,127,3,14,133,115
899,38,68,93,51,136,42,117,79,100
899,39,23,39,5,33,2,105,71,140
899,40,53,90,132,50,66,55,59,68
899,41,39,108,68,58,54,21,113,139
899,42,107,44,26,36,18,8,55,29
899,43,52,110,96,112,42,25,103,104
899,44,80,24,130,9,91,124,141,49
900,3,18,89,140,97,34,121,4,74
900,4,123,125,9,122,74,23,129,22
900,5,133,121,76,114,142,8,73,25
900,6,77,65,90,89,108,139,80,71
900,7,86,42,17,36,85,130,18,127
900,8,46,55,95,10,0,136,40,91
900,9,143,76,71,129,14,142,102,134
900,10,98,69,44,122,5,101,73,9
900,11,67,121,55,77,76,117,49,128
900,12,36,71,82,37,125,7,13,136
900,13,54,106,141,53,90,121,28,126
900,14,72,91,40,63,0,108,123,112
900,15,25,32,121,93,115,128,38,39
900,16,90,57,47,112,125,54,32,23
900,17,38,85,53,30,72,140,95,87
900,18,132,114,86,115,69,141,77,99
900,19,32,140,73,67,27,0,5,77
900,20,46,12,97,47,45,143,135,21
900,21,113,85,115,110,77,59,3,95
900,22,12,19,118,18,54,141,29,135
900,23,97,44,140,4,112,40,133,125
900,24,143,46,107,56,69,100,25,27
900,25,66,130,81,138,74,98,24,58
900,26,84,27,119,89,90,34,126,82
900,27,103,133,45,46,130,70,138,82
900,28,120,134,31,66,130,80,52,7
900,29,94,88,44,77,100,105,113,75
900,30,67,93,135,40,42,19,11,29
900,31,29,126,94,14,120,2,114,32
900,32,66,41,56,111,42,67,29,110
900,33,130,43,39,97,120,106,125,16
900,34,140,86,63,16,104,135,30,26
900,35,127,16,62,9,28,76,66,124
900,36,37,49,61,69,39,46,135,116
900,37,99,10,115,52,95,112,121,56
900,38,48,68,79,128,20,30,134,47
900,39,4,39,62,50,135,28,10,105
900,40,122,124,24,75,116,132,59,50
900,41,54,90,13,130,139,47,18,70
900,42,46,48,13,26,76,55,107,123
900,43,110,52,57,112,59,143,91,140
900,44,44,7,22,80,86,87,126,143
901,3,118,80,35,68,73,121,30,39
901,4,61,15,40,107,136,121,122,54
901,5,86,105,15,40,24,76,82,2
901,6,78,86,129,49,11,35,74,134
901,7,5,94,43,41,40,98,85,15
901,8,49,35,81,22,139,98,118,42
901,9,73,60,116,43,142,83,108,52
901,10,106,69,20,97,140,123,63,99
901,11,0,94,29,138,20,121,9,27
901,12,71,104,109,7,114,82,36,83
901,13,54,64,5,134,35,80,51,94
901,14,76,71,112,36,29,18,103,109
901,15,25,121,11,71,9,24,89,18
901,16,57,74,6,25,82,47,20,76
901,17,38,95,30,6,12,47,76,92
901,18,132,114,4,141,55,69,86,110
901,19,32,77,1,73,9,100,111,27
901,20,143,12,46,65,32,104,132,1
901,21,110,115,77,113,58,28,91,19
901,22,118,37,141,19,18,29,135,71
901,23,137,112,40,130,4,113,38,140
901,24,46,143,52,69,120,122,22,100
901,25,86,87,138,115,58,74,81,71
901,26,47,53,27,7,97,98,95,92
901,27,108,104,103,133,58,97,46,124
901,28,120,87,57,4,7,108,45,95
901,29,65,25,51,62,44,103,34,46
901,30,46,14,29,21,87,15,42,3
901,31,103,29,124,136,113,125,26,4
901,32,90,12,42,0,120,78,3,93
901,33,39,24,129,46,79,138,11,86
901,34,127,29,40,30,36,83,80,122
901,35,127,48,97,83,89,9,133,140
901,36,17,116,111,61,48,50,22,89
901,37,115,95,14,30,99,110,76,3
901,38,68,73,64,100,97,0,95,9
901,39,115,39,97,135,44,90,143,2
901,40,90,140,32,71,109,50,65,53
901,41,28,68,43,97,108,33,40,90
901,42,120,107,8,12,26,0,55,53
901,43,25,64,70,47,110,104,56,111
901,44,93,24,80,130,67,17,76,40
902,3,26,80,40,93,122,141,89,45
902,4,25,95,125,123,22,9,99,15
902,5,6,82,18,34,110,94,76,86
902,6,117,123,46,89,110,36,37,87
902,7,6,17,104,86,130,13,64,74
902,8,10,54,55,46,1,122,96,18
902,9,15,14,4,76,71,117,12,29
902,10,122,23,73,118,83,5,63,98
902,11,67,124,77,10,117,35,100,110
902,12,96,70,118,24,115,59,69,19
902,13,71,41,109,48,43,90,51,35
902,14,53,63,72,124,103,68,91,117
902,15,121,19,143,93,23,69,91,115
902,16,63,54,90,67,125,118,45,13
902,17,56,16,72,110,47,87,2,98
902,18,106,46,42,1,86,56,44,50
902,19,63,9,10,119,54,114,41,71
902,20,114,129,65,46,94,100,97,71
902,21,135,74,10,54,95,2,104,106
902,22,29,80,102,118,86,31,20,141
902,23,97,50,85,99,29,88,133,7
902,24,130,69,109,82,17,6,100,111
902,25,74,45,87,58,81,11,123,115
902,26,99,27,25,34,47,90,124,97
902,27,104,103,108,97,62,79,89,70
902,28,80,31,45,40,6,134,120,133
902,29,49,0,120,116,103,44,65,11
902,30,135,15,46,29,122,54,121,14
902,31,124,41,113,82,97,10,29,23
902,32,111,0,42,93,3,109,78,70
902,33,39,35,51,125,40,66,97,79
902,34,63,29,40,16,28,143,91,127
902,35,140,4,127,9,65,48,75,79
902,36,17,116,136,14,67,7,83,49
902,37,121,10,68,77,98,51,112,30
902,38,128,0,9,111,134,93,112,20
902,39,115,97,13,22,75,26,135,49
902,40,140,71,23,129,131,90,65,66
902,41,28,70,40,18,33,4,68,13
902,42,0,96,46,125,113,40,34,8
902,43,142,47,6,94,110,15,130,132
902,44,76,33,80,44,24,135,89,106
903,3,70,143,67,58,24,17,113,39
903,4,51,70,27,91,56,86,102,109
903,5,48,143,24,62,89,133,131,85
903,6,34,143,105,35,69,60,89,135
903,7,132,13,53,30,42,84,101,139
903,8,10,50,25,111,55,142,60,136
903,9,15,71,81,86,94,109,27,116
903,10,101,72,32,86,110,131,54,139
903,11,99,67,140,2,21,75,112,89
903,12,96,142,103,37,70,109,5,82
903,13,126,130,71,45,23,100,90,104
903,14,50,7,63,103,53,91,117,8
903,15,19,90,93,18,80,35,63,128
903,16,54,28,63,76,71,80,106,143
903,17,139,39,56,11,10,16,140,110
903,18,135,46,1,86,106,141,87,37
903,19,9,63,5,119,130,64,20,54
903,20,6,58,46,65,1,120,97,143
903,21,80,110,120,112,85,117,142,107
903,22,77,19,37,118,137,116,141,29
903,23,130,97,125,112,142,85,42,40
903,24,60,46,143,130,69,129,131,12
903,25,87,114,74,118,86,103,11,125
903,26,92,97,132,138,77,47,12,25
903,27,108,97,140,62,26,104,8,17
903,28,75,140,45,36,38,118,63,136
903,29,115,60,73,103,11,88,24,126
903,30,46,12,115,121,14,87,34,19
903,31,41,31,124,6,113,136,100,97
903,32,0,18,78,72,37,93,42,36
903,33,139,57,49,48,138,39,79,9
903,34,29,143,3,36,30,105,35,8
903,35,48,95,127,136,132,36,1,10
903,36,48,34,72,17,116,143,19,24
903,37,98,73,111,29,95,77,30,27
903,38,93,111,24,98,71,70,32,20
903,39,115,63,135,11,43,100,136,39
903,40,140,71,122,36,131,39,93,69
903,41,141,52,68,13,18,109,61,43
903,42,87,113,84,53,101,96,141,112
903,43,6,112,106,83,139,111,96,27
903,44,89,30,17,135,74,106,51,35
904,3,46,102,38,54,143,8,37,96
904,4,116,73,113,60,22,33,69,127
904,5,80,87,40,6,20,130,15,46
904,6,139,104,134,40,65,81,19,69
904,7,108,11,18,74,72,139,8,10
904,8,79,56,1,8,139,42,60,20
904,9,7,64,71,49,86,34,125,84
904,10,74,82,139,70,116,23,27,90
904,11,135,21,2,30,67,113,85,51
904,12,53,96,103,140,111,76,32,71
904,13,122,30,100,95,77,126,35,120
904,14,112,73,63,53,42,103,106,83
904,15,71,90,102,43,19,22,80,26
904,16,54,143,55,19,28,106,74,25
904,17,91,16,41,11,39,47,29,80
904,18,135,137,1,86,87,46,118,116
904,19,9,63,119,13,72,62,91,133
904,20,58,52,76,65,1,6,46,40
904,21,112,117,107,49,120,111,80,8
904,22,99,85,37,118,141,13,19,29
904,23,16,85,133,112,77,128,125,11
904,24,121,6,69,29,131,130,128,117
904,25,87,103,118,74,86,125,34,61
904,26,58,92,97,77,26,12,138,47
904,27,63,97,140,17,62,132,104,8
904,28,45,38,0,104,8,63,61,87
904,29,115,124,121,51,11,98,75,113
904,30,96,46,87,30,42,131,86,124
904,31,41,124,131,96,100,44,113,62
904,32,124,37,29,93,78,83,42,72
904,33,28,39,128,13,48,49,25,112
904,34,29,98,35,40,36,143,30,8
904,35,95,48,127,133,10,131,75,143
904,36,125,17,89,113,14,124,116,102
904,37,27,111,95,104,30,84,34,71
904,38,111,98,25,27,112,20,117,95
904,39,5,2,115,42,100,40,34,79
904,40,40,36,92,132,133,32,140,39
904,41,68,108,26,89,13,120,17,64
904,42,120,52,42,53,8,2,10,138
904,43,117,25,111,97,96,83,52,36
904,44,17,135,24,93,79,130,92,59
905,3,54,86,30,109,125,45,39,113
905,4,44,22,40,6,75,9,102,69
905,5,67,52,6,104,37,131,35,36
905,6,110,19,37,138,123,55,89,71
905,7,45,134,53,93,81,12,130,70
905,8,50,79,59,75,85,26,88,55
905,9,90,51,15,75,49,40,130,102
905,10,29,81,110,138,109,25,20,143
905,11,30,112,89,10,95,127,86,75
905,12,14,111,96,129,53,133,32,140
905,13,111,95,1,28,132,71,100,120
905,14,63,89,73,53,117,47,13,83
905,15,22,90,58,113,19,93,32,104
905,16,97,54,143,106,93,83,19,10
905,17,79,106,16,96,77,91,99,114
905,18,116,135,137,23,118,87,42,46
905,19,13,9,119,65,133,31,63,62
905,20,115,76,65,24,131,22,40,1
905,21,106,139,111,64,77,59,1,104
905,22,0,57,31,29,134,55,21,1
905,23,77,85,88,105,97,125,1,129
905,24,137,69,117,68,105,129,50,18
905,25,87,74,86,118,85,114,98,90
905,26,97,26,132,12,7,99,68,72
905,27,97,108,62,84,133,140,120,25
905,28,45,119,127,90,6,38,75,137
905,29,124,19,0,33,122,115,103,90
905,30,20,139,46,66,121,80,42,75
905,31,124,131,41,90,97,113,54,83
905,32,34,72,0,87,85,20,78,93
905,33,138,39,28,86,58,125,135,68
905,34,143,29,117,9,28,137,62,36
905,35,16,48,95,127,1,10,13,17
905,36,89,14,113,40,48,34,143,86
905,37,111,51,27,108,121,95,70,10
905,38,71,111,22,129,34,27,48,51
905,39,127,135,98,118,137,21,5,30
905,40,33,62,110,132,69,131,18,50
905,41,23,68,139,20,93,13,26,89
905,42,8,42,53,40,10,107,52,113
905,43,58,97,111,120,25,113,140,38
905,44,105,135,24,79,130,92,80,62
906,3,24,91,29,25,19,88,89,38
906,4,3,117,62,16,125,90,133,66
906,5,115,87,7,128,88,72,8,14
906,6,11,44,1,17,119,89,20,59
906,7,92,5,43,128,49,132,121,21
906,8,107,136,73,35,139,12,88,47
906,9,45,71,27,115,98,87,49,75
906,10,20,73,133,7,85,5,80,59
906,11,30,108,29,33,12,67,137,52
906,12,96,103,32,140,112,65,17,71
906,13,100,10,1,112,90,15,71,34
906,14,63,72,53,0,103,9,124,73
906,15,90,22,64,93,70,8,24,60
906,16,54,28,25,97,143,125,71,93
906,17,16,87,39,11,117,79,56,91
906,18,1,87,116,103,141,86,46,135
906,19,9,63,119,13,10,64,102,20
906,20,65,52,58,129,46,6,77,104
906,21,135,10,52,54,1,77,107,97
906,22,0,29,141,19,114,15,31,118
906,23,85,128,125,28,97,129,133,113
906,24,137,94,107,69,142,143,130,126
906,25,87,98,85,74,88,117,136,70
906,26,72,132,130,97,135,27,126,98
906,27,133,88,121,97,131,118,130,124
906,28,119,67,14,39,106,134,66,7
906,29,0,44,48,19,29,103,120,33
906,30,75,93,20,42,46,105,41,19
906,31,90,101,87,39,17,82,94,83
906,32,85,66,34,4,59,116,83,0
906,33,138,122,44,51,39,142,43,79
906,34,143,75,29,30,64,63,82,79
906,35,16,1,127,13,48,76,102,10
906,36,37,51,17,90,18,124,113,133
906,37,99,10,8,77,139,105,96,137
906,38,129,68,44,111,22,141,48,20
906,39,135,2,26,39,50,137,42,90
906,40,53,62,129,91,123,32,66,4
906,41,139,68,13,130,112,48,18,90
906,42,23,113,107,13,87,8,53,26
906,43,110,121,139,52,113,116,100,93
906,44,44,106,80,41,73,30,143,50
907,3,126,104,63,74,55,68,86,46
907,4,93,116,87,74,39,88,91,23
907,5,30,9,12,95,26,86,104,143
907,6,142,40,20,14,134,15,37,44
907,7,33,35,57,126,117,122,69,71
907,8,125,17,126,12,139,33,69,16
907,9,64,78,103,58,94,27,117,35
907,10,128,139,69,65,99,106,83,90
907,11,8,132,101,45,56,0,44,6
907,12,131,57,55,21,136,7,0,61
907,13,66,64,6,63,60,42,33,49
907,14,73,143,138,75,64,2,112,91
907,15,68,33,102,2,20,59,25,11
907,16,108,46,101,74,82,102,27,47
907,17,117,49,39,16,95,30,87,38
907,18,132,11,114,141,103,4,115,124
907,19,32,77,105,95,37,136,128,9
907,20,46,39,12,65,135,104,93,132
907,21,109,28,115,110,77,52,74,85
907,22,19,114,82,141,118,18,63,29
907,23,28,125,113,80,60,134,112,133
907,24,94,32,22,140,56,70,126,142
907,25,70,117,98,107,66,85,16,24
907,26,135,130,27,126,35,44,79,132
907,27,121,88,46,11,133,131,27,62
907,28,126,86,67,39,51,52,135,106
907,29,48,29,38,44,20,128,42,87
907,30,21,75,116,46,114,105,96,29
907,31,87,74,108,78,80,94,102,39
907,32,25,4,12,80,44,66,60,29
907,33,39,106,17,101,24,86,16,142
907,34,82,40,63,125,73,104,117,30
907,35,127,16,89,39,69,57,48,67
907,36,51,18,15,5,90,37,79,140
907,37,139,127,99,36,56,48,95,77
907,38,68,110,32,42,0,18,20,141
907,39,22,135,5,104,23,86,115,119
907,40,53,55,66,23,61,121,59,91
907,41,40,112,68,139,6,39,54,58
907,42,107,18,44,8,26,36,1,5
907,43,34,52,42,25,96,116,126,110
907,44,91,114,104,9,24,80,79,130
908,3,9,71,113,34,13,142,125,86
908,4,94,2,23,133,122,132,88,91
908,5,95,90,134,12,51,4,113,80
908,6,113,26,4,16,27,53,49,20
908,7,3,67,35,70,50,71,139,75
908,8,95,88,134,58,83,139,33,103
908,9,19,51,0,69,29,81,89,126
908,10,29,67,38,9,137,92,21,96
908,11,92,104,57,70,69,44,143,75
908,12,48,119,56,75,14,136,118,138
908,13,132,19,27,130,71,4,104,70
908,14,79,63,3,51,72,31,117,91
908,15,113,79,135,17,11,106,24,41
908,16,84,57,120,82,106,74,40,94
908,17,118,24,90,38,56,110,101,34
908,18,138,86,1,20,106,139,116,87
908,19,119,128,63,95,1,136,9,91
908,20,53,93,135,65,12,0,104,2
908,21,132,107,77,115,28,87,117,72
908,22,135,63,56,35,78,141,11,15
908,23,69,128,113,125,18,134,40,100
908,24,89,59,122,69,28,90,128,114
908,25,74,68,51,43,94,123,85,22
908,26,97,98,35,109,77,111,135,115
908,27,104,84,108,120,140,79,71,128
908,28,21,2,136,133,106,27,121,142
908,29,132,16,121,85,7,101,106,128
908,30,123,46,29,32,96,42,124,83
908,31,54,22,100,87,113,23,124,10
908,32,139,37,20,42,72,39,68,93
908,33,86,39,72,16,40,106,41,48
908,34,40,74,56,117,83,65,29,79
908,35,65,63,127,48,73,99,119,79
908,36,5,82,61,116,136,79,7,64
908,37,16,91,36,95,71,30,133,53
908,38,55,84,92,143,68,6,18,74
908,39,92,127,115,28,135,119,133,136
908,40,31,2,12,92,133,27,66,43
908,41,33,68,126,55,46,40,122,75
908,42,35,107,8,36,80,1,26,12
908,43,120,60,58,25,52,111,15,127
908,44,71,79,24,80,122,15,55,17
909,3,135,79,140,142,42,130,10,114
909,4,88,123,21,128,62,42,66,3
909,5,90,135,32,116,113,15,118,134
909,6,31,43,70,11,123,135,39,102
909,7,23,130,74,137,95,127,87,70
909,8,10,38,124,59,55,62,68,114
909,9,129,76,4,47,94,134,36,86
909,10,122,59,47,72,63,52,76,124
909,11,67,112,22,143,4,63,92,100
909,12,2,96,123,19,129,70,103,121
909,13,48,71,41,120,33,62,132,19
909,14,63,53,117,60,105,72,107,35
909,15,32,21,143,130,58,35,91,41
909,16,11,122,54,35,63,107,85,18
909,17,56,118,87,140,109,110,40,80
909,18,44,1,86,116,56,42,106,28
909,19,79,63,93,119,122,9,44,109
909,20,129,65,93,50,100,86,94,53
909,21,107,10,80,135,2,99,132,77
909,22,15,21,86,102,9,31,29,141
909,23,61,79,117,67,69,85,128,104
909,24,69,130,80,81,122,129,6,113
909,25,74,77,133,37,113,43,41,126
909,26,115,97,98,9,3,70,22,109
909,27,104,71,108,84,58,140,74,93
909,28,136,114,133,27,109,58,2,21
909,29,101,49,121,79,132,116,106,120
909,30,46,51,34,29,136,15,19,131
909,31,22,10,54,124,23,51,100,35
909,32,37,110,72,20,143,139,52,51
909,33,72,86,48,16,39,15,51,40
909,34,40,74,79,77,48,3,21,136
909,35,65,97,5,73,127,99,84,77
909,36,5,82,61,136,116,129,91,76
909,37,91,95,112,16,119,36,5,78
909,38,14,20,84,134,132,18,130,87
909,39,92,9,87,81,75,120,15,107
909,40,35,133,92,68,51,131,104,12
909,41,33,126,68,70,27,72,102,114
909,42,107,36,8,0,40,35,103,53
909,43,111,120,25,57,33,9,39,60
909,44,143,79,71,24,116,41,20,105
910,3,125,143,77,120,25,129,97,79
910,4,92,128,113,15,48,63,121,100
910,5,33,24,118,8,47,121,13,54
910,6,122,102,107,123,69,92,109,90
910,7,2,128,137,104,15,54,94,65
910,8,122,34,55,44,46,10,26,109
910,9,14,4,76,37,29,12,86,64
910,10,138,122,59,52,83,94,73,82
910,11,67,22,9,111,97,18,19,121
910,12,58,134,96,103,136,63,126,112
910,13,71,48,53,41,63,3,11,62
910,14,63,53,142,60,117,35,123,66
910,15,32,58,41,72,91,93,0,68
910,16,122,54,33,63,77,56,85,100
910,17,56,87,40,109,42,113,123,26
910,18,1,86,56,128,125,10,13,53
910,19,31,133,102,79,114,119,52,62
910,20,42,65,129,22,58,142,115,52
910,21,2,107,80,99,49,70,72,104
910,22,100,0,86,102,9,129,21,36
910,23,61,67,117,68,104,78,103,63
910,24,44,130,71,129,111,81,135,114
910,25,74,125,143,133,113,31,37,41
910,26,115,97,22,125,70,3,49,110
910,27,71,84,104,89,58,59,74,34
910,28,27,136,38,114,40,107,33,23
910,29,101,78,121,49,98,56,132,65
910,30,46,51,124,15,122,18,130,34
910,31,22,10,100,124,51,23,133,135
910,32,20,37,52,72,99,33,10,59
910,33,86,48,72,15,80,113,123,89
910,34,40,74,116,143,117,65,28,79
910,35,4,65,73,103,21,86,97,107
910,36,5,23,61,130,76,68,20,8
910,37,112,54,33,91,9,133,130,63
910,38,84,32,109,40,132,18,59,106
910,39,49,45,21,102,133,89,103,10
910,40,65,12,91,69,122,56,71,68
910,41,33,74,27,70,110,2,41,126
910,42,107,33,8,38,40,96,35,36
910,43,33,86,132,94,111,93,79,83
910,44,127,20,143,79,136,24,49,142
911,3,92,138,32,28,37,113,66,93
911,4,27,94,90,130,15,62,4,136
911,5,117,40,48,53,62,71,44,33
911,6,102,9,127,12,6,96,20,106
911,7,17,82,39,64,104,3,53,15
911,8,10,78,118,16,38,88,51,18
911,9,121,76,12,4,88,27,92,64
911,10,122,3,109,90,82,33,88,110
911,11,67,124,121,115,52,21,100,89
911,12,2,86,112,81,17,52,14,143
911,13,71,48,135,41,25,55,3,131
911,14,63,117,53,137,123,115,105,66
911,15,32,58,41,91,11,71,9,106
911,16,122,53,54,85,18,90,95,27
911,17,56,87,109,39,18,47,92,26
911,18,86,56,1,17,118,116,44,53
911,19,79,54,119,62,9,44,53,99
911,20,105,65,100,95,102,15,121,22
911,21,2,80,107,70,31,62,42,132
911,22,100,15,36,86,21,93,28,103
911,23,117,33,30,61,112,63,120,85
911,24,69,81,44,18,107,130,111,137
911,25,74,136,43,133,85,113,37,45
911,26,115,97,125,124,37,78,132,113
911,27,104,71,108,58,121,128,140,65
911,28,136,58,133,114,40,7,66,109
911,29,116,101,49,121,79,132,29,44
911,30,46,34,51,93,20,29,136,88
911,31,10,22,54,51,3,124,19,2
911,32,72,20,70,85,110,93,143,37
911,33,62,39,72,51,43,86,48,113
911,34,40,74,46,143,28,65,16,48
911,35,97,65,140,5,129,16,73,26
911,36,5,136,121,82,49,129,91,109
911,37,73,16,36,10,91,119,112,133
911,38,64,51,14,92,134,84,87,18
911,39,115,87,50,92,127,72,53,13
911,40,35,129,65,68,94,124,75,82
911,41,33,110,75,126,70,138,68,114
911,42,107,8,0,36,40,35,53,72
911,43,120,9,57,25,79,39,70,122
911,44,71,24,79,80,19,143,41,135
912,3,86,133,63,51,40,108,26,134
912,4,123,31,63,72,93,18,41,118
912,5,135,33,37,74,15,118,13,115
912,6,108,11,135,112,102,12,31,51
912,7,17,81,19,44,15,103,69,55
912,8,34,65,72,16,26,4,60,38
912,9,4,12,105,27,75,130,87,76
912,10,122,47,59,91,16,83,138,69
912,11,67,43,105,48,117,78,89,3
912,12,19,14,112,72,35,100,143,132
912,13,71,41,2,109,48,23,142,131
912,14,53,63,10,68,35,25,65,30
912,15,32,130,76,58,44,116,35,91
912,16,35,30,33,122,66,4,113,85
912,17,56,109,102,123,110,66,2,122
912,18,44,14,56,50,106,86,120,93
912,19,63,79,119,10,142,109,143,84
912,20,114,130,105,129,15,121,65,115
912,21,94,95,74,107,10,72,136,70
912,22,26,21,64,1,14,6,7,28
912,23,117,50,119,69,68,121,99,128
912,24,130,105,111,112,45,71,69,72
912,25,133,123,74,77,45,113,11,43
912,26,115,83,124,97,49,26,138,3
912,27,71,84,104,140,12,58,74,50
912,28,136,38,26,33,40,21,133,102
912,29,37,121,101,104,10,29,98,62
912,30,46,51,86,28,44,74,126,77
912,31,22,10,133,19,2,51,35,3
912,32,52,20,10,99,33,37,143,24
912,33,15,48,62,113,86,72,22,13
912,34,74,40,127,133,35,39,122,136
912,35,121,97,26,65,5,99,69,73
912,36,83,5,121,43,49,128,48,76
912,37,133,111,34,91,38,37,112,63
912,38,84,14,97,109,77,143,106,40
912,39,120,115,103,70,75,133,46,24
912,40,64,79,106,50,35,68,103,78
912,41,33,75,48,132,142,110,102,101
912,42,107,8,58,103,48,35,36,88
912,43,43,129,9,36,120,59,93,16
912,44,127,50,140,37,19,84,142,74
913,3,95,82,8,90,86,42,125,54
913,4,101,16,66,31,137,128,90,111
913,5,33,8,35,139,73,67,103,127
913,6,102,117,67,49,131,89,31,66
913,7,48,59,17,104,81,45,32,109
913,8,52,34,72,10,122,67,78,29
913,9,105,117,4,52,27,108,130,36
913,10,122,47,124,23,59,63,57,104
913,11,78,3,43,67,106,4,35,71
913,12,19,119,25,59,57,126,72,6
913,13,71,63,48,55,75,78,25,51
913,14,63,53,117,137,35,83,123,74
913,15,32,58,143,41,60,93,90,45
913,16,54,122,35,114,63,31,134,0
913,17,56,126,110,62,21,43,81,66
913,18,44,116,1,42,50,14,46,134
913,19,63,119,13,79,9,10,14,133
913,20,65,70,130,40,52,94,42,20
913,21,107,10,54,77,99,8,134,52
913,22,21,89,15,6,101,17,128,4
913,23,128,117,33,82,11,69,20,65
913,24,130,88,107,69,109,81,100,141
913,25,74,115,136,113,42,11,87,112
913,26,97,25,98,115,90,128,121,24
913,27,104,108,79,120,84,128,55,125
913,28,133,107,40,136,66,104,91,108
913,29,104,121,111,116,105,61,106,51
913,30,46,29,28,15,13,34,90,88
913,31,22,124,10,91,35,54,39,47
913,32,20,72,37,42,93,52,99,85
913,33,62,40,39,16,20,15,51,86
913,34,99,40,127,74,79,46,77,98
913,35,73,109,102,5,46,103,127,10
913,36,121,32,5,116,17,82,109,112
913,37,118,15,16,25,77,127,36,83
913,38,89,44,143,32,64,94,2,70
913,39,115,5,92,13,44,22,87,75
913,40,130,20,82,2,71,113,90,92
913,41,33,68,75,26,63,85,29,48
913,42,107,8,58,35,0,115,103,141
913,43,129,61,9,57,120,24,108,140
913,44,74,84,11,99,37,140,18,142
914,3,36,92,85,90,42,107,41,8
914,4,118,128,106,21,70,27,143,133
914,5,33,19,93,109,31,54,127,24
914,6,122,102,45,107,49,90,43,86
914,7,44,17,104,70,11,130,23,69
914,8,17,65,78,25,60,114,34,40
914,9,4,89,27,84,36,99,75,57
914,10,122,47,59,138,60,50,23,95
914,11,105,67,85,31,41,43,59,124
914,12,19,59,80,138,8,63,52,30
914,13,109,71,2,41,108,131,48,63
914,14,53,68,10,35,63,17,65,119
914,15,21,114,0,129,35,65,82,10
914,16,35,30,33,4,31,54,67,90
914,17,122,56,102,109,44,66,81,62
914,18,44,14,134,106,50,93,13,1
914,19,63,79,119,44,54,142,10,21
914,20,130,114,50,65,115,99,70,121
914,21,107,10,94,95,77,5,74,136
914,22,21,15,6,101,93,29,26,14
914,23,117,128,99,50,33,30,119,121
914,24,130,107,69,105,95,18,137,72
914,25,136,74,115,43,11,45,85,133
914,26,124,97,132,115,27,89,25,134
914,27,108,121,120,89,71,76,104,46
914,28,40,66,94,106,137,77,7,25
914,29,116,49,121,44,29,0,105,103
914,30,93,46,29,22,63,20,44,34
914,31,120,54,125,94,107,3,10,17
914,32,70,72,66,85,33,50,24,139
914,33,39,51,43,86,20,16,22,72
914,34,46,40,63,16,29,30,112,28
914,35,140,65,127,16,129,4,85,67
914,36,136,5,138,104,83,109,49,52
914,37,10,73,102,36,52,77,99,15
914,38,51,44,92,94,20,14,64,62
914,39,50,13,115,5,63,84,55,75
914,40,129,122,111,130,28,132,104,50
914,41,33,85,47,70,68,26,18,132
914,42,8,107,53,12,40,115,58,37
914,43,61,57,109,52,86,37,70,120
914,44,44,119,127,1,80,37,24,76
915,3,107,19,93,143,14,40,48,92
915,4,125,92,25,113,91,130,9,100
915,5,130,140,124,54,26,74,127,64
915,6,107,111,55,139,11,73,102,127
915,7,14,42,136,128,139,53,60,103
915,8,10,18,65,122,68,67,39,35
915,9,4,120,16,121,44,14,88,86
915,10,122,32,40,47,50,57,69,59
915,11,67,77,22,124,100,113,115,92
915,12,70,134,58,69,96,19,59,143
915,13,23,71,62,89,48,2,80,126
915,14,53,117,10,63,137,52,13,66
915,15,93,63,32,58,19,60,131,0
915,16,54,35,63,114,48,122,90,106
915,17,56,109,66,122,81,102,3,126
915,18,44,50,46,1,58,29,134,14
915,19,63,10,52,119,14,48,84,64
915,20,65,52,99,130,128,67,97,42
915,21,107,10,77,54,95,99,70,17
915,22,15,137,6,21,128,102,42,112
915,23,128,30,117,44,69,85,50,107
915,24,107,109,69,105,130,17,122,72
915,25,136,85,115,74,43,109,11,24
915,26,124,27,34,97,113,25,89,82
915,27,89,121,46,45,120,125,108,71
915,28,40,106,137,77,108,52,94,66
915,29,116,121,29,44,105,103,49,87
915,30,46,22,29,93,11,135,17,20
915,31,94,107,114,125,120,10,17,51
915,32,72,70,66,109,85,33,36,20
915,33,51,39,86,43,16,20,42,62
915,34,40,63,46,30,16,28,4,43
915,35,140,127,65,16,96,129,4,39
915,36,5,136,138,104,49,121,52,109
915,37,15,101,102,77,10,95,36,52
915,38,51,44,94,89,68,64,20,72
915,39,84,5,115,50,63,13,55,75
915,40,129,111,132,130,50,57,48,2
915,41,85,68,47,18,139,29,33,26
915,42,12,8,115,53,113,107,63,26
915,43,57,52,132,76,111,93,115,42
915,44,44,86,37,80,76,7,87,135
916,3,38,3,69,49,50,86,113,40
916,4,28,105,24,125,107,15,86,61
916,5,76,36,75,11,4,130,22,143
916,6,143,67,139,135,84,8,133,46
916,7,1,17,22,19,8,100,128,83
916,8,132,64,111,46,10,12,118,30
916,9,94,71,116,31,119,97,133,60
916,10,101,133,121,137,83,136,138,113
916,11,94,23,140,134,2,143,55,110
916,12,142,109,41,96,37,103,114,0
916,13,91,130,19,106,45,134,27,77
916,14,76,71,7,8,137,63,32,31
916,15,97,18,121,16,1,135,131,39
916,16,79,54,3,0,133,69,25,82
916,17,55,139,49,90,59,6,34,30
916,18,37,119,86,122,1,106,44,90
916,19,136,128,5,140,8,95,59,37
916,20,53,135,94,93,6,2,111,46
916,21,107,132,1,99,135,87,115,117
916,22,11,77,15,56,63,106,71,129
916,23,38,128,56,30,140,80,130,125
916,24,107,60,69,140,95,12,142,13
916,25,138,85,74,19,136,114,70,86
916,26,132,34,27,97,1,89,93,50
916,27,125,45,121,46,11,5,97,130
916,28,140,52,75,137,94,7,67,106
916,29,116,95,63,100,44,73,29,48
916,30,18,11,46,29,130,93,9,43
916,31,6,31,76,36,47,3,39,14
916,32,18,19,0,33,90,143,74,114
916,33,142,70,139,86,120,39,135,42
916,34,103,137,91,83,104,75,4,29
916,35,127,85,123,41,67,140,126,26
916,36,72,27,26,133,113,50,76,90
916,37,95,10,96,36,99,6,97,105
916,38,93,22,68,24,29,47,51,101
916,39,84,72,55,14,62,6,135,15
916,40,123,51,32,93,129,48,53,120
916,41,67,68,61,52,86,89,26,35
916,42,107,23,113,129,87,8,26,80
916,43,121,55,13,112,139,111,93,131
916,44,30,129,80,106,83,89,24,126
917,3,128,11,37,45,26,104,54,53
917,4,46,110,95,77,81,121,136,23
917,5,43,73,75,49,25,134,35,143
917,6,78,130,68,121,34,97,142,19
917,7,24,98,105,87,123,41,119,50
917,8,126,33,108,72,118,84,68,43
917,9,9,30,141,134,143,81,63,29
917,10,102,42,127,49,69,65,123,90
917,11,120,6,8,64,10,138,4,88
917,12,137,55,11,131,6,103,142,143
917,13,6,19,42,66,130,96,128,106
917,14,138,143,69,100,8,119,13,76
917,15,59,66,3,131,106,125,141,140
917,16,101,108,87,46,82,25,83,98
917,17,116,55,47,117,30,138,90,128
917,18,103,119,11,122,69,22,9,44
917,19,118,136,24,71,128,140,94,131
917,20,53,31,94,93,135,129,121,79
917,21,105,109,107,99,132,52,63,135
917,22,82,33,106,15,98,22,129,72
917,23,134,80,60,19,128,41,6,28
917,24,140,0,94,22,103,69,32,27
917,25,85,66,70,24,54,139,107,74
917,26,135,79,130,27,44,126,35,113
917,27,121,46,88,131,82,11,5,138
917,28,98,86,67,126,135,46,51,52
917,29,48,42,29,38,121,108,87,103
917,30,75,114,105,116,21,133,11,80
917,31,102,78,108,87,51,94,39,135
917,32,130,25,12,80,112,4,41,138
917,33,67,137,106,71,85,142,30,135
917,34,82,125,75,63,92,26,47,73
917,35,127,57,76,39,85,10,138,63
917,36,51,15,79,18,37,92,90,27
917,37,127,135,36,3,139,99,53,105
917,38,68,42,97,92,113,11,141,84
917,39,22,104,119,134,43,135,73,60
917,40,53,24,55,126,61,81,27,66
917,41,25,45,39,54,58,139,75,101
917,42,69,70,107,26,1,36,47,113
917,43,49,78,126,52,10,93,15,116
917,44,113,118,61,112,34,141,131,95
918,3,100,42,88,13,45,14,75,122
918,4,64,108,88,130,65,74,87,90
918,5,59,83,21,2,46,17,64,47
918,6,42,66,46,87,16,20,113,92
918,7,19,109,15,134,132,71,98,129
918,8,4,135,49,32,26,68,40,139
918,9,118,129,70,92,76,5,142,120
918,10,33,64,44,24,66,69,90,126
918,11,117,49,111,47,104,142,110,56
918,12,89,85,113,95,119,33,22,7
918,13,134,6,38,19,54,103,101,106
918,14,85,3,40,32,108,18,107,65
918,15,54,1,38,39,25,143,44,103
918,16,112,89,40,82,77,43,125,76
918,17,85,30,34,138,26,93,103,25
918,18,9,122,115,69,140,119,91,12
918,19,71,73,136,140,32,0,42,124
918,20,79,73,2,140,31,63,135,106
918,21,113,63,115,121,10,72,104,68
918,22,98,23,12,109,59,22,42,63
918,23,70,6,60,2,18,134,3,140
918,24,28,27,103,56,135,86,53,140
918,25,66,6,107,141,139,24,62,60
918,26,84,94,79,35,91,130,77,141
918,27,46,121,103,82,88,135,5,138
918,28,7,64,51,91,135,121,52,67
918,29,77,69,126,128,87,29,121,113
918,30,76,24,13,67,130,133,80,99
918,31,77,127,29,79,28,51,87,78
918,32,56,112,41,92,105,115,27,10
918,33,98,67,101,52,85,68,138,106
918,34,140,92,125,20,38,30,23,117
918,35,62,9,127,76,12,120,35,17
918,36,79,37,69,138,29,108,128,62
918,37,72,75,99,114,36,133,6,9
918,38,97,42,50,108,68,33,84,20
918,39,73,120,4,105,46,135,26,101
918,40,55,24,90,116,81,17,44,113
918,41,51,54,47,139,2,102,58,101
918,42,95,28,21,47,0,30,26,5
918,43,87,91,52,59,80,10,58,36
918,44,22,102,87,55,0,86,42,82
919,3,10,17,11,42,19,32,75,2
919,4,121,85,64,91,118,90,95,6
919,5,89,137,139,2,82,64,26,141
919,6,13,75,105,61,48,121,42,109
919,7,125,39,100,129,19,30,15,71
919,8,81,32,59,42,139,98,33,99
919,9,24,129,97,38,31,142,75,109
919,10,104,136,19,69,137,133,106,79
919,11,49,46,134,23,104,47,29,79
919,12,95,89,18,119,113,41,71,22
919,13,134,6,130,19,128,101,99,103
919,14,106,85,83,141,27,40,57,89
919,15,1,16,11,43,110,92,133,57
919,16,82,112,18,125,40,133,31,89
919,17,30,85,55,25,24,47,92,38
919,18,23,122,9,69,20,132,11,33
919,19,73,136,1,21,32,140,42,95
919,20,2,73,63,135,39,79,53,52
919,21,107,115,110,63,96,22,122,130
919,22,109,98,59,63,135,104,141,23
919,23,41,130,134,89,140,98,54,56
919,24,28,13,138,90,122,143,49,140
919,25,66,107,24,141,74,51,118,109
919,26,35,27,91,84,77,122,44,0
919,27,46,135,121,88,47,5,65,128
919,28,91,64,135,51,121,52,106,120
919,29,77,51,121,98,69,87,75,128
919,30,99,76,13,89,46,21,133,94
919,31,77,87,94,3,39,109,51,126
919,32,92,112,66,105,90,56,3,74
919,33,98,106,39,34,85,20,0,16
919,34,125,140,92,38,76,30,40,117
919,35,127,120,62,69,12,76,70,80
919,36,79,37,69,138,29,77,15,9
919,37,72,99,75,114,95,15,36,45
919,38,33,68,42,44,108,20,18,84
919,39,46,4,73,26,5,135,101,28
919,40,24,137,55,116,2,66,72,17
919,41,51,54,139,76,48,66,68,75
919,42,21,30,47,107,26,28,36,8
919,43,108,63,52,10,91,87,93,77
919,44,81,0,42,86,22,82,135,17
920,3,120,109,8,41,34,44,91,64
920,4,82,126,61,86,84,102,26,74
920,5,89,133,113,50,64,15,80,85
920,6,77,96,53,138,87,17,11,6
920,7,5,125,86,0,134,42,140,119
920,8,99,47,98,46,35,81,59,39
920,9,83,115,71,42,60,50,128,120
920,10,19,37,133,20,35,27,71,40
920,11,49,7,104,112,53,129,121,117
920,12,99,119,95,13,89,111,82,37
920,13,101,128,127,5,134,80,6,27
920,14,141,36,47,108,127,60,76,40
920,15,1,120,121,39,143,6,107,25
920,16,112,43,125,88,20,74,121,128
920,17,30,34,88,55,1,44,85,47
920,18,140,9,122,12,69,91,115,138
920,19,73,42,71,27,32,138,0,140
920,20,63,2,135,79,73,106,45,131
920,21,113,71,107,110,10,87,132,130
920,22,98,141,77,129,119,23,78,28
920,23,89,130,56,44,31,134,140,101
920,24,138,28,89,134,122,49,27,143
920,25,66,22,141,107,109,74,24,60
920,26,35,96,77,27,108,44,89,0
920,27,121,135,5,46,47,65,28,88
920,28,140,52,64,121,106,5,118,142
920,29,137,121,46,108,6,75,87,97
920,30,89,132,133,3,11,21,36,80
920,31,87,39,94,20,85,109,136,76
920,32,106,39,90,29,120,108,23,36
920,33,106,137,83,39,87,141,85,42
920,34,38,47,103,76,43,25,40,117
920,35,127,47,125,28,63,12,77,116
920,36,15,108,29,77,69,61,27,9
920,37,36,76,3,95,19,110,45,114
920,38,92,68,90,135,29,18,11,20
920,39,119,84,92,135,28,44,140,43
920,40,72,122,94,27,2,66,69,117
920,41,97,124,58,75,22,93,128,89
920,42,107,1,26,12,36,8,18,80
920,43,52,15,13,42,96,128,25,56
920,44,80,24,17,91,124,135,125,141
921,3,10,119,90,109,43,53,24,66
921,4,6,87,17,20,59,90,79,85
921,5,16,12,1,35,84,55,143,141
921,6,73,81,71,112,8,121,44,55
921,7,84,96,4,134,71,124,103,46
921,8,36,125,69,91,85,98,58,26
921,9,125,128,92,120,89,23,136,34
921,10,46,29,114,73,103,50,67,109
921,11,86,137,89,88,129,104,97,26
921,12,140,29,113,95,129,33,37,31
921,13,107,5,4,19,134,101,120,121
921,14,70,109,36,141,57,27,89,30
921,15,126,72,1,41,6,132,118,25
921,16,4,10,112,121,143,43,133,82
921,17,30,59,111,55,64,47,68,92
921,18,9,92,140,124,70,126,122,86
921,19,138,136,42,1,0,73,65,140
921,20,53,135,56,2,73,95,45,84
921,21,49,46,31,87,8,115,110,107
921,22,98,23,134,80,91,77,56,15
921,23,32,56,134,30,43,126,36,69
921,24,138,13,61,68,69,103,104,49
921,25,141,66,24,90,107,85,51,118
921,26,24,108,77,35,27,89,44,134
921,27,121,135,5,46,28,78,82,88
921,28,142,64,52,135,90,137,140,124
921,29,39,57,100,29,137,87,124,5
921,30,66,52,89,133,105,43,11,94
921,31,75,45,19,94,87,90,107,39
921,32,51,142,19,50,33,39,36,10
921,33,142,83,58,106,51,137,85,138
921,34,38,41,70,76,117,65,92,137
921,35,125,127,54,119,28,1,12,35
921,36,15,69,86,67,37,27,79,6
921,37,36,96,78,10,134,105,45,114
921,38,92,68,90,42,18,34,27,20
921,39,87,109,135,12,2,60,10,84
921,40,110,33,94,24,123,53,72,43
921,41,5,54,102,128,98,21,26,94
921,42,1,23,26,113,55,53,36,5
921,43,52,104,121,91,136,15,98,116
921,44,56,39,106,135,130,124,80,141
922,3,126,134,72,129,54,45,86,130
922,4,85,96,116,93,40,119,59,122
922,5,9,65,7,58,96,89,55,37
922,6,142,12,80,5,132,121,135,34
922,7,91,126,69,116,117,98,122,8
922,8,126,137,65,118,124,112,41,122
922,9,64,52,39,125,30,69,7,136
922,10,102,128,50,62,58,73,69,24
922,11,8,6,137,106,102,51,44,119
922,12,95,57,55,119,18,7,33,116
922,13,6,46,98,19,101,134,63,70
922,14,64,138,36,70,73,139,143,141
922,15,68,2,142,109,59,1,53,77
922,16,108,82,75,45,46,125,112,101
922,17,30,55,117,24,59,138,92,47
922,18,122,126,23,11,128,69,9,101
922,19,138,73,136,1,71,32,140,21
922,20,31,2,84,73,54,53,131,45
922,21,63,109,115,134,107,110,105,103
922,22,106,98,94,18,82,59,15,46
922,23,134,60,41,80,6,40,113,63
922,24,32,140,22,103,119,94,143,27
922,25,66,24,85,139,30,62,141,70
922,26,130,135,44,79,89,77,34,108
922,27,121,46,28,47,11,88,135,82
922,28,135,64,86,52,117,126,67,94
922,29,15,48,29,42,38,121,41,87
922,30,21,105,114,11,75,57,66,80
922,31,74,102,80,87,78,109,39,127
922,32,25,12,112,130,23,66,4,13
922,33,142,85,67,106,137,98,121,112
922,34,63,82,76,125,92,140,38,135
922,35,39,127,85,63,76,102,10,113
922,36,79,37,51,29,15,69,27,107
922,37,36,127,3,99,135,53,48,139
922,38,68,42,92,11,97,141,84,136
922,39,119,22,135,109,120,60,88,4
922,40,55,53,24,27,66,40,7,69
922,41,54,40,6,26,86,139,22,58
922,42,44,26,107,36,47,1,8,5
922,43,52,10,15,34,136,110,93,56
922,44,104,81,80,17,122,42,24,124
923,3,6,77,109,2,4,119,123,137
923,4,133,129,54,142,134,34,87,116
923,5,12,133,95,110,89,64,28,11
923,6,12,16,74,8,138,105,136,109
923,7,75,12,132,126,125,42,8,0
923,8,46,88,50,109,12,10,124,60
923,9,90,102,130,71,34,89,69,92
923,10,143,72,18,38,84,5,10,63
923,11,127,133,23,104,49,112,43,16
923,12,129,37,14,2,95,119,87,97
923,13,1,19,28,134,130,51,132,106
923,14,79,57,50,40,136,13,35,32
923,15,65,101,41,35,18,126,6,22
923,16,83,52,20,82,112,21,0,94
923,17,30,94,118,38,24,43,34,47
923,18,9,141,86,69,122,49,38,113
923,19,68,102,140,0,136,1,73,42
923,20,2,53,135,73,52,62,15,90
923,21,96,107,115,31,87,5,110,133
923,22,65,11,98,59,42,135,138,63
923,23,36,126,57,31,69,40,113,140
923,24,28,13,80,143,49,90,60,12
923,25,85,66,51,109,107,74,43,30
923,26,108,27,132,34,89,77,109,35
923,27,5,121,47,88,46,115,28,38
923,28,142,52,114,106,94,90,135,2
923,29,100,58,124,79,121,62,75,41
923,30,12,10,104,66,46,32,11,74
923,31,122,39,80,112,94,31,131,50
923,32,134,83,29,128,37,137,112,20
923,33,139,106,39,112,141,94,48,100
923,34,63,100,104,83,91,77,125,135
923,35,127,63,129,123,69,28,138,10
923,36,135,7,29,86,77,79,27,104
923,37,36,3,108,95,29,48,12,105
923,38,68,92,18,122,11,9,106,93
923,39,127,28,119,2,84,76,22,64
923,40,27,110,43,66,132,55,14,22
923,41,40,2,65,33,93,102,68,137
923,42,107,111,26,36,1,105,12,53
923,43,52,15,13,58,10,130,120,108
923,44,80,124,33,122,105,24,130,62
924,3,59,72,63,83,44,104,129,74
924,4,80,73,93,116,96,128,122,16
924,5,9,30,39,70,101,27,47,93
924,6,66,92,116,142,74,48,18,121
924,7,118,69,27,8,98,111,139,32
924,8,22,137,17,25,47,118,109,66
924,9,140,52,131,95,37,136,130,103
924,10,83,13,128,102,27,98,56,132
924,11,16,23,8,1,132,70,101,0
924,12,7,57,42,94,84,37,128,71
924,13,70,19,6,63,134,1,128,125
924,14,73,57,138,55,114,91,13,9
924,15,117,68,102,100,69,109,135,57
924,16,20,83,59,27,57,82,46,3
924,17,30,51,38,55,47,90,6,34
924,18,9,122,70,23,86,119,91,11
924,19,95,1,136,71,140,102,68,42
924,20,2,135,53,79,73,32,101,63
924,21,107,132,96,63,110,18,39,99
924,22,141,125,115,59,109,56,91,28
924,23,137,54,113,47,128,41,40,98
924,24,122,69,13,32,22,90,54,101
924,25,107,74,51,43,109,4,101,18
924,26,35,27,91,122,109,115,31,40
924,27,104,100,128,65,88,121,28,71
924,28,106,121,133,83,85,38,135,25
924,29,121,3,34,51,101,20,26,29
924,30,46,13,21,57,29,123,28,89
924,31,77,87,22,74,94,124,10,42
924,32,42,92,66,12,93,68,143,20
924,33,39,72,42,129,98,112,48,16
924,34,40,125,20,43,117,42,127,65
924,35,127,69,120,124,10,34,65,87
924,36,79,61,116,89,137,9,36,110
924,37,91,15,95,99,36,48,135,115
924,38,30,44,54,70,117,32,87,20
924,39,84,134,46,129,92,115,2,52
924,40,2,53,66,133,50,55,48,130
924,41,68,76,75,66,33,54,50,139
924,42,107,47,36,8,44,32,80,26
924,43,52,10,63,49,64,120,25,139
924,44,81,68,0,86,42,71,79,17
925,3,98,5,41,138,83,39,17,136
925,4,129,99,122,61,100,68,88,18
925,5,0,29,6,64,86,76,110,83
925,6,56,95,96,77,40,46,61,71
925,7,136,5,11,0,101,18,45,127
925,8,88,47,21,75,116,40,124,103
925,9,136,15,71,47,118,55,60,13
925,10,37,47,122,19,130,69,143,67
925,11,7,127,58,62,69,78,67,29
925,12,33,24,96,99,37,57,31,103
925,13,27,99,101,128,19,12,63,71
925,14,126,124,72,113,10,53,123,35
925,15,143,32,69,45,88,43,117,42
925,16,78,11,74,63,24,106,134,120
925,17,56,55,30,47,140,134,0,51
925,18,31,106,88,42,46,56,86,105
925,19,79,59,140,3,77,10,95,63
925,20,121,63,135,100,114,129,38,93
925,21,107,132,135,70,10,18,99,94
925,22,141,15,125,9,115,138,26,80
925,23,117,130,120,89,112,25,24,16
925,24,69,122,89,109,111,106,131,101
925,25,74,51,22,43,67,107,39,40
925,26,131,96,25,115,22,35,92,122
925,27,104,71,28,128,50,65,77,93
925,28,133,121,107,106,8,132,38,140
925,29,101,119,104,73,121,56,2,87
925,30,46,132,30,131,51,123,115,34
925,31,22,10,124,9,2,106,112,130
925,32,42,93,20,106,109,37,74,114
925,33,39,50,13,48,80,87,94,97
925,34,40,103,122,65,36,99,27,98
925,35,97,117,84,73,63,10,127,124
925,36,82,108,116,91,143,44,14,9
925,37,14,109,76,91,36,16,126,19
925,38,84,64,20,55,70,24,87,116
925,39,92,115,90,70,126,129,107,64
925,40,122,96,2,70,92,50,81,94
925,41,75,33,126,86,67,101,46,97
925,42,107,8,58,88,109,64,32,5
925,43,132,9,82,128,79,64,120,25
925,44,71,83,67,24,31,17,51,135
926,3,86,133,63,108,40,134,51,58
926,4,101,123,70,135,117,63,62,41
926,5,111,34,127,136,98,28,85,110
926,6,108,11,107,6,135,12,73,123
926,7,81,137,12,78,74,15,139,69
926,8,124,72,114,91,116,75,52,139
926,9,12,130,27,136,16,105,101,46
926,10,122,47,69,113,91,116,85,124
926,11,18,3,67,89,78,43,85,97
926,12,19,31,33,121,100,143,119,133
926,13,41,109,43,71,108,139,63,8
926,14,53,68,101,17,13,62,66,100
926,15,143,76,35,131,140,60,43,91
926,16,100,30,43,87,45,75,4,137
926,17,32,103,116,56,138,42,43,111
926,18,51,103,119,9,73,106,57,122
926,19,118,94,100,131,129,71,140,43
926,20,67,109,69,135,71,121,27,79
926,21,9,34,63,132,89,105,52,115
926,22,106,33,22,90,51,126,98,143
926,23,19,64,132,134,83,98,41,133
926,24,69,96,0,103,119,56,22,142
926,25,74,107,54,117,109,118,115,70
926,26,27,7,97,113,66,30,115,130
926,27,121,88,131,130,128,120,135,20
926,28,106,29,67,46,107,83,25,75
926,29,121,42,50,74,81,101,104,60
926,30,46,72,29,75,116,20,93,127
926,31,22,124,10,48,101,4,125,108
926,32,20,42,85,33,75,95,19,44
926,33,39,48,65,15,72,51,40,113
926,34,40,112,31,99,9,28,123,117
926,35,127,73,26,69,111,50,10,63
926,36,121,116,136,34,112,44,83,140
926,37,36,14,63,91,54,2,16,139
926,38,84,109,64,71,95,104,34,115
926,39,87,13,9,126,92,75,0,55
926,40,94,77,20,96,64,2,104,48
926,41,33,75,141,101,103,111,85,79
926,42,107,88,58,40,103,141,87,35
926,43,43,39,20,129,9,66,83,82
926,44,19,62,50,36,83,16,37,48
927,3,8,90,86,95,42,125,82,54
927,4,101,16,111,31,66,119,132,90
927,5,33,35,8,95,139,73,115,67
927,6,117,102,84,53,89,59,105,133
927,7,59,48,104,124,81,136,109,37
927,8,52,133,122,101,132,116,72,29
927,9,105,117,130,101,36,34,112,10
927,10,122,69,59,131,63,110,139,75
927,11,89,11,27,3,4,33,106,78
927,12,34,10,119,25,95,70,67,120
927,13,71,6,127,20,19,38,89,8
927,14,40,63,72,117,20,32,34,105
927,15,32,93,39,141,9,57,127,115
927,16,23,112,90,43,71,124,33,137
927,17,124,85,72,34,6,140,110,37
927,18,9,86,115,122,57,140,3,77
927,19,71,94,140,0,32,65,136,77
927,20,67,121,79,135,13,71,93,45
927,21,63,40,68,85,133,80,18,38
927,22,12,23,44,135,130,118,22,35
927,23,6,133,129,101,2,70,98,117
927,24,69,86,35,82,100,53,27,56
927,25,74,117,43,109,51,66,85,17
927,26,99,27,72,45,119,21,137,130
927,27,45,88,28,93,46,27,103,11
927,28,29,106,139,1,67,52,120,117
927,29,121,96,44,18,50,81,16,39
927,30,46,72,11,57,92,23,42,75
927,31,22,5,71,75,15,119,80,94
927,32,68,44,85,27,93,120,20,60
927,33,106,39,8,85,115,72,129,131
927,34,83,40,129,87,127,56,25,135
927,35,127,48,113,19,28,16,69,87
927,36,89,29,73,116,61,52,51,86
927,37,95,64,113,14,76,13,7,48
927,38,24,68,141,16,64,117,71,88
927,39,28,86,71,67,33,84,135,105
927,40,143,109,54,132,32,129,112,126
927,41,65,100,10,7,118,138,3,86
927,42,107,58,87,141,8,40,113,88
927,43,129,61,66,20,9,39,42,108
927,44,16,19,18,99,70,83,37,105
928,3,36,42,85,90,107,8,119,41
928,4,118,128,106,21,70,68,16,143
928,5,33,19,93,41,127,31,44,109
928,6,122,107,102,43,45,75,49,99
928,7,44,104,11,70,130,2,131,85
928,8,17,65,78,59,25,114,60,71
928,9,89,99,84,4,94,36,34,57
928,10,122,47,48,69,23,113,91,50
928,11,105,67,18,124,31,95,33,85
928,12,19,31,115,95,63,72,80,143
928,13,109,41,69,108,71,2,34,74
928,14,53,68,10,101,13,130,35,69
928,15,21,143,2,114,74,140,35,129
928,16,30,35,142,45,130,18,53,0
928,17,56,89,2,47,55,109,36,108
928,18,106,62,42,14,39,93,10,77
928,19,63,10,79,109,22,9,119,54
928,20,114,129,38,130,121,102,135,54
928,21,107,135,94,10,22,19,8,96
928,22,1,15,64,141,31,9,119,28
928,23,105,117,128,120,112,50,33,88
928,24,109,69,130,18,72,111,107,137
928,25,74,123,136,43,39,85,11,131
928,26,27,115,136,25,26,93,132,113
928,27,104,121,76,108,88,28,22,128
928,28,133,106,137,40,84,94,52,116
928,29,116,101,60,119,0,49,111,2
928,30,20,46,44,29,89,85,43,1
928,31,107,22,124,10,90,101,48,94
928,32,85,42,10,20,33,75,93,37
928,33,39,51,65,109,72,85,40,48
928,34,40,127,112,31,99,125,43,9
928,35,127,121,69,117,129,84,10,65
928,36,83,136,116,34,104,106,52,99
928,37,10,14,70,48,112,113,134,6
928,38,44,64,51,22,24,20,141,129
928,39,87,63,13,55,115,103,84,0
928,40,94,96,2,50,112,66,39,122
928,41,33,70,101,68,85,18,113,26
928,42,107,113,23,87,12,60,8,40
928,43,61,52,39,40,114,79,70,94
928,44,119,80,24,30,34,19,126,76
929,3,1,104,54,134,14,88,83,142
929,4,71,11,136,142,79,23,82,19
929,5,94,46,131,95,127,110,8,138
929,6,98,85,87,74,61,73,130,84
929,7,105,23,112,50,43,18,131,134
929,8,41,115,118,134,117,114,66,14
929,9,46,139,47,10,31,120,27,36
929,10,142,62,12,57,122,33,24,0
929,11,51,113,65,129,26,75,82,46
929,12,116,143,96,31,55,125,33,121
929,13,68,46,133,31,6,19,103,8
929,14,139,56,59,64,124,51,129,91
929,15,112,77,2,69,143,47,110,135
929,16,31,75,98,14,125,106,3,103
929,17,55,30,58,28,117,56,90,49
929,18,30,106,86,9,87,66,10,17
929,19,105,140,59,8,77,21,37,136
929,20,54,121,135,24,93,129,94,90
929,21,107,135,10,1,99,134,17,132
929,22,94,15,48,80,106,71,109,141
929,23,128,134,77,59,11,125,120,24
929,24,119,69,109,20,122,32,13,128
929,25,74,107,36,118,24,113,115,130
929,26,27,97,25,115,35,109,75,41
929,27,104,128,100,120,88,121,103,79
929,28,133,106,51,135,8,52,85,25
929,29,22,111,121,38,51,101,20,104
929,30,13,46,85,29,34,17,11,89
929,31,124,77,22,44,86,126,9,97
929,32,13,92,42,93,37,66,29,74
929,33,39,98,48,72,16,101,106,52
929,34,125,40,20,30,127,140,19,42
929,35,127,69,120,97,124,73,140,102
929,36,116,79,69,61,22,14,37,91
929,37,99,14,48,15,95,75,77,16
929,38,44,68,30,33,20,42,32,9
929,39,46,5,105,28,92,115,84,0
929,40,24,116,137,133,55,132,50,129
929,41,54,66,68,76,33,75,86,48
929,42,44,107,47,21,26,36,30,120
929,43,10,52,63,25,110,70,108,96
929,44,81,86,0,42,68,71,82,17
930,3,80,16,86,61,39,121,76,18
930,4,108,112,61,125,86,64,15,74
930,5,133,128,11,110,64,130,27,138
930,6,53,96,46,129,89,77,85,52
930,7,5,11,125,50,128,140,0,101
930,8,35,46,3,81,49,66,143,54
930,9,83,142,114,71,73,46,60,119
930,10,37,69,20,133,143,19,17,97
930,11,0,53,128,104,49,76,97,143
930,12,125,99,24,104,31,121,37,7
930,13,101,108,49,5,128,127,46,99
930,14,36,18,72,125,123,130,133,77
930,15,1,69,128,93,107,91,121,135
930,16,47,112,125,75,57,88,76,133
930,17,142,30,58,39,50,80,55,92
930,18,12,70,132,9,20,23,113,122
930,19,73,136,32,71,42,140,27,139
930,20,79,2,32,12,63,135,106,24
930,21,110,115,63,64,3,72,113,107
930,22,98,18,56,116,91,70,71,23
930,23,89,130,31,40,137,44,63,134
930,24,22,119,104,69,52,49,13,143
930,25,74,85,118,109,141,43,18,107
930,26,27,7,113,97,96,44,130,56
930,27,121,88,132,135,20,104,46,11
930,28,52,81,71,106,120,64,108,29
930,29,137,65,138,100,121,46,44,88
930,30,46,21,11,19,17,15,29,72
930,31,103,69,76,124,94,22,86,126
930,32,29,90,120,106,105,125,13,112
930,33,39,106,24,101,83,67,19,46
930,34,104,30,101,63,103,143,36,82
930,35,127,69,28,19,16,48,124,117
930,36,15,61,108,69,14,29,51,110
930,37,19,95,14,76,99,48,134,17
930,38,68,73,20,120,128,117,84,100
930,39,86,28,5,44,39,87,33,62
930,40,133,43,59,132,129,66,109,68
930,41,68,112,21,97,20,33,126,46
930,42,107,1,26,120,36,18,96,8
930,43,52,110,104,25,96,112,93,47
930,44,93,24,80,130,124,49,141,40
931,3,18,89,140,97,34,24,4,121
931,4,125,123,91,35,9,22,62,122
931,5,76,121,98,133,8,142,114,11
931,6,65,77,90,89,139,108,132,71
931,7,42,86,22,128,18,85,134,130
931,8,46,95,10,55,37,91,136,25
931,9,76,143,71,129,14,59,134,37
931,10,122,14,98,85,110,101,67,73
931,11,67,55,121,77,10,117,76,0
931,12,36,71,82,118,37,13,7,125
931,13,54,106,141,71,107,53,120,44
931,14,72,91,40,63,0,123,65,2
931,15,121,128,115,93,25,38,32,16
931,16,57,90,47,125,32,54,76,112
931,17,39,38,30,72,141,6,140,142
931,18,114,132,86,20,141,77,12,113
931,19,32,140,77,139,73,0,27,136
931,20,97,135,12,47,46,67,65,41
931,21,110,115,113,20,77,59,85,107
931,22,19,12,18,118,80,141,135,71
931,23,97,104,134,125,133,140,40,44
931,24,69,56,82,107,143,90,49,109
931,25,74,130,117,43,118,107,81,98
931,26,27,7,84,113,132,126,97,90
931,27,103,121,88,133,132,27,70,11
931,28,80,31,134,130,120,52,135,7
931,29,44,131,137,100,113,105,94,128
931,30,17,135,67,19,122,93,15,46
931,31,39,56,126,120,26,10,124,94
931,32,111,66,110,129,29,67,36,120
931,33,101,130,106,43,39,97,120,121
931,34,104,63,30,86,117,135,16,27
931,35,127,69,16,9,28,19,62,4
931,36,15,49,17,61,69,14,52,135
931,37,99,112,10,121,52,77,101,115
931,38,48,68,134,20,51,47,93,128
931,39,5,10,28,39,135,50,75,7
931,40,122,129,90,59,124,43,68,133
931,41,56,70,90,112,54,12,130,41
931,42,46,55,1,0,34,26,12,123
931,43,52,110,104,140,112,130,111,94
931,44,44,80,130,124,20,75,7,59
932,3,3,16,24,13,32,58,138,68
932,4,115,117,15,24,85,87,56,51
932,5,106,60,80,98,86,40,4,76
932,6,46,6,82,90,50,44,18,19
932,7,21,2,13,43,42,18,5,67
932,8,11,95,10,118,0,12,133,79
932,9,15,71,1,81,49,115,21,76
932,10,87,32,110,20,140,125,141,73
932,11,63,22,60,76,62,33,67,140
932,12,82,24,36,37,71,103,13,84
932,13,23,12,19,34,54,44,141,0
932,14,13,40,91,72,19,57,80,7
932,15,115,128,131,69,93,73,135,17
932,16,43,76,121,32,97,15,90,129
932,17,39,30,109,55,6,101,72,59
932,18,9,114,132,77,86,23,122,69
932,19,140,65,0,32,48,105,77,20
932,20,93,73,121,135,12,53,46,131
932,21,107,77,115,110,116,31,103,20
932,22,134,137,77,141,15,118,80,19
932,23,134,56,44,30,80,52,77,36
932,24,69,60,49,22,17,71,137,100
932,25,107,141,74,118,109,24,130,117
932,26,27,7,113,124,130,132,89,50
932,27,121,88,132,27,11,46,133,128
932,28,135,137,67,81,52,75,6,108
932,29,82,29,100,138,60,44,28,1
932,30,17,139,105,19,89,75,129,135
932,31,56,124,76,126,28,31,35,2
932,32,109,33,105,62,128,116,119,4
932,33,57,101,39,120,143,20,79,51
932,34,42,63,137,104,135,105,26,117
932,35,127,54,16,123,87,124,69,28
932,36,14,15,51,52,6,104,77,110
932,37,23,10,96,134,6,68,99,77
932,38,37,68,22,18,107,128,15,34
932,39,87,55,26,62,15,6,19,41
932,40,123,94,122,129,32,65,71,69
932,41,18,130,67,89,69,23,86,98
932,42,23,96,46,113,26,87,121,13
932,43,132,130,121,94,52,104,110,6
932,44,103,30,129,106,80,73,130,49
933,3,131,132,104,90,26,53,127,44
933,4,45,58,36,122,88,56,17,91
933,5,96,100,101,134,37,93,103,51
933,6,91,25,5,14,85,3,48,49
933,7,122,69,54,108,77,112,50,93
933,8,130,123,126,71,95,110,118,9
933,9,20,111,139,39,49,95,142,46
933,10,58,50,128,107,127,69,42,62
933,11,106,65,25,15,11,51,129,119
933,12,57,95,55,143,116,79,13,125
933,13,6,116,63,46,19,68,127,101
933,14,119,64,139,138,55,36,143,13
933,15,2,68,100,142,109,77,69,131
933,16,45,108,98,46,125,138,101,82
933,17,39,30,117,55,138,101,90,58
933,18,9,11,103,57,122,12,38,92
933,19,128,136,71,1,73,32,140,118
933,20,46,131,54,12,67,31,53,82
933,21,134,115,107,109,77,63,116,96
933,22,106,94,82,33,98,46,18,140
933,23,23,80,134,128,60,41,125,126
933,24,32,140,94,22,103,119,143,0
933,25,107,24,141,51,85,139,70,66
933,26,35,130,135,93,79,44,27,50
933,27,121,88,46,11,82,135,128,28
933,28,117,67,36,64,51,83,86,52
933,29,38,48,29,42,87,22,103,5
933,30,125,105,75,11,21,19,116,13
933,31,90,74,87,78,109,51,94,28
933,32,68,60,33,130,4,25,13,105
933,33,142,106,98,128,85,139,67,112
933,34,125,30,82,20,92,63,26,104
933,35,127,85,102,70,10,75,59,76
933,36,79,51,138,16,37,82,92,77
933,37,99,36,53,127,40,8,139,135
933,38,37,32,42,68,29,108,92,44
933,39,87,73,60,46,135,42,22,47
933,40,53,24,55,129,59,94,27,137
933,41,83,54,139,86,26,68,66,123
933,42,107,44,143,47,8,26,30,36
933,43,34,52,10,110,91,93,139,42
933,44,114,104,86,24,80,34,40,81
934,3,116,42,2,44,43,88,60,104
934,4,71,91,0,89,134,119,38,11
934,5,17,95,37,12,133,46,68,60
934,6,65,109,81,17,6,85,133,135
934,7,105,93,23,18,137,49,46,70
934,8,52,41,86,118,22,68,71,0
934,9,10,113,78,95,46,75,57,136
934,10,62,69,12,136,103,106,89,98
934,11,51,44,65,136,23,110,33,116
934,12,128,125,143,75,106,138,22,97
934,13,46,19,31,6,88,7,130,33
934,14,56,139,134,79,57,8,29,138
934,15,77,69,10,110,91,25,106,140
934,16,75,84,98,14,82,112,96,20
934,17,47,28,64,90,68,55,30,12
934,18,110,9,122,23,87,55,11,69
934,19,1,136,3,21,138,95,121,0
934,20,32,53,95,2,135,93,73,94
934,21,99,107,132,115,26,63,118,3
934,22,72,56,94,109,59,140,48,98
934,23,40,128,113,41,140,137,31,134
934,24,122,54,114,13,90,16,143,69
934,25,107,74,51,43,109,130,66,60
934,26,35,27,97,115,122,40,113,44
934,27,128,121,120,104,88,46,65,71
934,28,83,106,121,51,52,136,135,25
934,29,22,121,51,34,29,20,75,101
934,30,13,21,46,29,57,11,124,131
934,31,87,77,94,22,10,125,100,19
934,32,68,66,92,112,37,29,13,20
934,33,39,72,112,42,98,106,86,16
934,34,40,125,20,117,30,36,43,52
934,35,127,65,85,69,120,140,99,70
934,36,5,79,82,138,61,16,137,72
934,37,91,99,36,15,95,108,40,48
934,38,68,30,44,84,92,33,32,87
934,39,97,92,84,46,115,135,103,136
934,40,53,2,66,55,133,137,120,130
934,41,33,68,122,75,96,48,26,142
934,42,107,8,44,36,47,26,30,53
934,43,10,63,52,120,108,96,56,16
934,44,81,86,71,68,24,42,17,0
935,3,24,128,50,17,39,45,77,88
935,4,5,49,33,22,133,129,88,132
935,5,23,136,98,35,110,116,5,134
935,6,15,81,71,116,44,74,52,87
935,7,139,6,58,21,0,18,83,121
935,8,47,101,40,68,109,118,62,27
935,9,125,71,101,114,10,86,120,60
935,10,37,19,110,69,139,90,20,116
935,11,62,104,7,97,42,56,110,98
935,12,103,37,128,125,99,24,89,112
935,13,128,19,5,71,101,88,36,46
935,14,63,72,56,123,13,91,9,42
935,15,133,70,69,32,91,111,11,106
935,16,20,106,88,24,75,125,82,67
935,17,47,55,56,142,64,30,90,34
935,18,86,44,110,106,56,122,23,108
935,19,59,79,1,63,3,84,77,71
935,20,135,63,121,93,94,32,53,130
935,21,107,132,99,10,18,63,70,115
935,22,9,141,56,15,98,119,85,78
935,23,89,130,117,16,100,31,128,40
935,24,89,122,69,41,131,129,81,113
935,25,74,107,51,77,123,113,4,20
935,26,115,97,98,35,25,122,81,96
935,27,104,71,84,65,77,128,74,75
935,28,136,121,133,106,50,57,23,27
935,29,121,1,101,7,15,46,10,25
935,30,46,51,124,115,57,123,18,86
935,31,22,10,23,2,59,19,35,48
935,32,37,143,20,88,52,108,36,83
935,33,72,48,86,15,16,42,140,119
935,34,40,117,74,55,65,136,67,20
935,35,73,65,99,127,35,81,69,119
935,36,5,82,61,108,91,110,114,116
935,37,91,71,104,16,115,124,133,5
935,38,87,59,143,123,32,136,84,132
935,39,92,133,141,135,102,2,52,53
935,40,66,2,74,133,93,72,92,70
935,41,122,126,124,33,68,102,46,43
935,42,107,36,8,80,109,58,53,64
935,43,64,128,25,120,21,82,74,103
935,44,71,79,17,83,135,142,57,80
936,3,125,143,77,25,129,127,120,37
936,4,68,42,102,52,5,6,122,56
936,5,111,6,14,121,142,73,46,15
936,6,122,110,8,123,90,63,73,87
936,7,2,104,128,74,80,70,18,130
936,8,122,10,9,44,40,29,2,68
936,9,14,4,12,29,64,71,117,76
936,10,122,138,85,72,10,143,110,118
936,11,67,104,22,97,143,9,108,70
936,12,58,2,96,103,19,7,129,14
936,13,71,3,41,63,62,95,8,35
936,14,63,53,74,142,17,24,123,69
936,15,32,58,52,41,93,11,0,91
936,16,122,54,66,85,33,53,35,77
936,17,56,87,40,123,55,11,47,80
936,18,1,86,44,56,116,128,14,106
936,19,79,31,102,133,114,63,119,52
936,20,42,129,65,58,136,115,142,52
936,21,107,2,80,99,20,49,10,54
936,22,20,86,0,31,15,9,102,117
936,23,67,61,78,117,105,103,79,142
936,24,117,33,130,44,122,69,41,81
936,25,74,125,113,131,20,106,123,60
936,26,115,97,110,125,3,22,26,29
936,27,84,89,71,104,77,58,16,128
936,28,27,136,38,114,23,25,7,5
936,29,101,121,49,78,6,56,106,97
936,30,46,51,29,124,15,122,18,19
936,31,22,10,100,23,51,80,124,135
936,32,52,20,37,33,14,83,138,139
936,33,86,48,72,15,113,89,120,112
936,34,40,74,116,28,65,29,114,43
936,35,4,73,65,103,21,50,119,77
936,36,5,23,61,8,118,130,114,7
936,37,112,54,91,24,71,70,9,63
936,38,84,32,87,109,40,18,132,59
936,39,49,45,65,92,102,2,53,89
936,40,20,91,122,12,65,68,69,71
936,41,74,33,70,27,110,102,142,41
936,42,107,38,8,33,40,36,46,25
936,43,33,86,94,132,111,61,93,39
936,44,127,20,79,136,143,34,59,57
937,3,92,138,32,113,118,37,66,28
937,4,27,94,90,4,130,9,11,15
937,5,117,48,40,53,62,71,44,18
937,6,102,127,12,20,6,96,106,87
937,7,39,82,17,64,104,3,61,59
937,8,10,118,16,51,114,61,78,72
937,9,12,76,4,121,88,92,27,47
937,10,122,3,109,29,33,110,88,90
937,11,67,124,89,115,121,21,39,100
937,12,2,81,112,143,86,14,128,17
937,13,71,41,48,135,124,62,25,131
937,14,63,53,117,137,105,123,60,73
937,15,32,58,91,41,130,11,9,49
937,16,122,53,54,85,11,66,35,33
937,17,56,87,55,11,39,123,109,12
937,18,86,56,44,106,1,21,17,12
937,19,79,114,93,53,54,67,99,104
937,20,100,105,121,102,93,142,15,65
937,21,2,80,107,70,99,18,31,120
937,22,15,100,36,9,102,21,86,31
937,23,117,33,61,30,85,112,105,128
937,24,69,81,130,111,122,129,18,21
937,25,74,77,113,133,107,131,4,54
937,26,115,97,3,26,81,92,27,98
937,27,104,71,65,108,58,137,12,127
937,28,136,58,114,133,137,4,132,106
937,29,101,49,116,121,1,29,79,0
937,30,46,20,51,19,30,29,34,76
937,31,22,107,10,51,35,2,124,19
937,32,20,143,37,93,52,10,139,85
937,33,48,72,86,39,15,113,51,16
937,34,40,74,116,65,55,136,143,122
937,35,65,97,73,5,124,26,21,127
937,36,5,82,108,136,129,116,49,106
937,37,91,16,36,112,133,5,73,78
937,38,64,71,87,84,109,51,40,117
937,39,115,92,84,87,89,57,55,53
937,40,94,35,2,133,130,66,140,91
937,41,33,126,110,70,68,75,29,132
937,42,107,8,36,142,53,113,40,61
937,43,39,120,9,25,13,112,70,111
937,44,24,79,71,19,80,135,127,62
938,3,135,79,140,142,42,85,114,128
938,4,21,66,93,39,85,116,34,13
938,5,90,74,135,88,37,67,97,118
938,6,43,51,95,36,11,12,70,123
938,7,17,66,104,12,85,137,23,87
938,8,38,10,102,65,16,62,105,117
938,9,76,129,4,27,138,75,120,107
938,10,122,47,110,12,138,71,32,17
938,11,67,59,115,112,121,13,43,89
938,12,2,112,133,14,63,143,59,42
938,13,48,41,71,23,74,62,33,142
938,14,63,53,60,105,117,112,35,6
938,15,32,21,58,130,35,0,121,41
938,16,11,122,35,54,18,63,31,33
938,17,56,109,87,142,50,21,47,55
938,18,44,56,86,28,30,1,12,116
938,19,79,93,63,9,114,119,60,54
938,20,86,100,130,129,50,15,65,135
938,21,107,10,80,135,99,2,70,86
938,22,15,9,21,86,102,137,6,26
938,23,128,117,61,85,30,112,67,105
938,24,81,69,130,111,107,18,30,113
938,25,74,77,113,107,4,22,115,39
938,26,115,97,98,27,83,3,81,49
938,27,108,104,71,84,120,12,65,121
938,28,136,133,137,114,58,32,4,124
938,29,101,116,49,121,29,103,79,87
938,30,46,20,51,29,88,30,28,22
938,31,22,107,10,51,17,35,133,68
938,32,20,110,143,52,37,85,93,95
938,33,62,72,51,48,86,16,113,20
938,34,40,74,79,65,127,77,117,123
938,35,97,65,73,16,99,5,26,86
938,36,82,5,127,129,91,49,136,68
938,37,91,73,36,133,78,9,5,108
938,38,51,64,84,71,109,14,20,24
938,39,87,92,107,84,115,63,55,136
938,40,94,35,2,126,120,48,65,28
938,41,33,70,75,126,68,29,138,85
938,42,107,8,36,142,113,23,53,40
938,43,39,9,121,70,120,122,115,61
938,44,71,24,79,143,80,19,135,41
939,3,54,56,137,53,46,128,34,26
939,4,46,110,77,81,121,128,39,97
939,5,43,49,35,33,28,73,45,24
939,6,78,130,68,121,97,142,85,34
939,7,24,98,87,123,119,41,50,125
939,8,126,33,47,26,84,124,40,68
939,9,9,30,141,118,134,143,71,69
939,10,102,42,127,49,69,90,65,56
939,11,6,120,8,64,101,59,89,123
939,12,11,128,131,137,95,55,99,89
939,13,6,19,42,33,23,101,96,66
939,14,138,100,143,69,56,9,2,32
939,15,59,66,3,141,125,131,1,47
939,16,101,87,108,46,83,82,132,125
939,17,47,55,114,30,116,90,64,138
939,18,9,103,11,119,137,86,122,38
939,19,136,118,1,0,3,71,138,40
939,20,31,135,94,53,93,129,131,46
939,21,105,107,109,135,63,99,115,132
939,22,15,82,106,93,72,33,80,143
939,23,60,80,134,19,128,1,41,43
939,24,140,0,22,103,94,69,85,27
939,25,85,66,24,54,139,6,70,122
939,26,135,130,79,44,49,27,30,113
939,27,121,46,82,88,11,131,47,130
939,28,98,86,67,135,126,46,64,51
939,29,48,42,29,128,87,121,103,125
939,30,114,75,105,11,21,133,80,131
939,31,102,78,39,109,108,51,94,126
939,32,130,25,80,12,112,23,138,4
939,33,67,41,85,71,142,17,94,30
939,34,82,92,47,75,26,63,65,38
939,35,57,76,70,127,10,67,138,60
939,36,51,79,15,18,92,13,128,6
939,37,127,135,139,36,3,99,53,105
939,38,97,42,113,68,29,141,27,92
939,39,135,15,104,22,134,96,43,102
939,40,53,24,126,55,61,7,27,78
939,41,25,45,39,54,58,86,139,21
939,42,69,70,107,26,36,8,113,47
939,43,49,78,126,52,93,110,54,116
939,44,113,61,118,112,34,141,80,95
940,3,105,41,109,42,108,26,25,70
940,4,128,130,87,3,90,106,59,61
940,5,78,95,64,59,8,103,138,115
940,6,53,62,114,45,55,34,46,73
940,7,5,65,11,140,70,23,42,30
940,8,129,61,51,1,31,121,98,35
940,9,0,117,34,125,50,71,32,13
940,10,81,61,110,66,139,123,44,20
940,11,135,49,104,0,111,97,44,140
940,12,56,113,95,119,120,7,8,36
940,13,30,134,2,5,111,6,101,19
940,14,112,47,3,79,25,30,40,2
940,15,71,123,120,65,35,44,9,111
940,16,120,47,82,112,14,125,57,79
940,17,24,30,38,47,90,25,34,94
940,18,20,69,122,23,75,81,9,139
940,19,91,140,136,73,32,77,117,21
940,20,2,73,12,0,52,46,58,135
940,21,115,110,28,119,48,124,113,63
940,22,35,59,85,63,104,78,98,18
940,23,4,140,113,41,31,101,134,16
940,24,59,46,22,120,92,140,100,128
940,25,66,139,98,24,62,85,74,130
940,26,44,1,119,7,89,120,126,34
940,27,130,46,45,82,31,27,11,88
940,28,71,134,87,120,52,130,140,7
940,29,137,63,84,46,11,125,29,89
940,30,21,11,14,48,120,17,92,32
940,31,29,103,36,10,31,109,39,56
940,32,29,22,116,66,41,84,15,55
940,33,106,19,39,99,121,41,112,24
940,34,26,66,76,50,23,136,82,25
940,35,127,28,113,57,116,59,75,76
940,36,123,92,61,15,135,73,97,77
940,37,19,110,115,133,81,92,114,3
940,38,68,93,11,84,20,120,15,97
940,39,119,53,39,28,71,140,131,2
940,40,43,72,90,121,27,59,55,50
940,41,58,108,124,65,128,20,21,46
940,42,120,107,76,26,55,36,1,8
940,43,110,104,54,112,47,71,52,97
940,44,130,24,80,124,49,141,93,17
941,3,18,89,140,97,34,24,121,9
941,4,125,123,52,68,9,12,27,102
941,5,121,142,76,11,133,17,113,114
941,6,89,77,65,90,139,92,132,110
941,7,86,42,36,17,130,85,127,19
941,8,46,95,10,55,91,136,1,40
941,9,143,76,129,71,142,14,116,112
941,10,73,14,85,122,101,98,123,69
941,11,67,121,76,55,10,77,104,117
941,12,36,82,71,37,13,22,136,103
941,13,54,106,112,141,90,107,26,120
941,14,72,91,40,63,123,0,109,105
941,15,128,121,32,115,93,25,38,39
941,16,90,57,47,76,32,120,112,23
941,17,38,30,95,72,16,53,140,6
941,18,132,114,141,86,77,115,69,108
941,19,32,140,27,73,105,77,0,139
941,20,97,46,47,22,143,135,45,14
941,21,113,85,110,111,11,135,104,95
941,22,19,12,118,31,54,98,35,135
941,23,4,125,104,99,44,85,140,105
941,24,46,107,143,100,69,27,6,82
941,25,98,81,74,130,66,86,118,24
941,26,27,84,89,119,97,34,7,90
941,27,103,45,130,133,88,27,70,82
941,28,120,134,31,52,130,80,71,61
941,29,44,100,94,113,11,20,105,63
941,30,135,93,11,19,14,40,67,41
941,31,29,126,94,39,14,2,10,125
941,32,111,66,41,56,84,76,78,29
941,33,89,130,43,39,120,97,23,106
941,34,143,63,86,30,135,16,26,104
941,35,127,28,16,9,76,66,62,133
941,36,37,49,61,69,39,46,116,135
941,37,10,99,115,121,52,112,95,56
941,38,48,68,128,97,20,134,47,79
941,39,4,78,135,39,10,119,62,28
941,40,122,124,59,24,132,129,75,121
941,41,54,90,130,70,89,58,43,68
941,42,46,76,55,48,34,32,26,123
941,43,110,52,104,112,59,93,91,57
941,44,44,7,80,22,130,76,33,87
942,3,131,132,63,90,39,83,13,34
942,4,36,45,97,116,87,133,91,88
942,5,100,101,58,29,138,55,134,46
942,6,91,72,48,5,78,35,139,61
942,7,69,122,98,0,99,72,94,53
942,8,123,127,118,68,95,98,66,114
942,9,111,20,39,69,134,92,88,130
942,10,58,128,50,69,82,24,116,90
942,11,106,16,0,20,26,42,35,110
942,12,21,79,57,36,71,7,113,55
942,13,63,64,125,134,6,19,106,112
942,14,55,119,7,109,40,91,112,138
942,15,132,100,68,121,142,2,42,101
942,16,57,138,120,90,3,46,125,82
942,17,38,30,49,59,72,95,6,101
942,18,11,141,132,29,40,114,9,69
942,19,105,136,32,140,102,77,128,0
942,20,39,2,46,135,52,141,45,6
942,21,134,110,28,107,132,1,87,135
942,22,114,19,0,12,63,141,135,80
942,23,113,23,125,56,28,133,101,140
942,24,50,94,102,19,22,90,69,72
942,25,107,51,43,98,66,16,85,109
942,26,135,130,35,27,29,89,126,109
942,27,121,46,88,11,47,58,135,38
942,28,117,135,52,51,106,121,124,67
942,29,20,48,121,29,62,108,128,103
942,30,21,138,11,25,46,80,105,57
942,31,74,87,127,80,94,39,64,2
942,32,66,25,112,92,4,29,23,120
942,33,101,42,39,106,112,98,89,16
942,34,125,143,40,63,79,82,140,30
942,35,127,39,89,70,140,47,10,124
942,36,79,5,138,51,18,90,77,110
942,37,36,127,99,3,135,139,48,95
942,38,68,92,97,32,20,141,42,7
942,39,97,135,84,22,78,136,44,46
942,40,53,55,2,24,90,27,81,66
942,41,108,40,68,139,2,54,66,26
942,42,107,47,8,26,36,44,76,30
942,43,34,10,52,15,56,116,54,120
942,44,80,24,9,81,68,38,17,86
943,3,125,143,25,77,127,37,129,119
943,4,52,102,134,68,126,122,125,16
943,5,6,46,34,105,29,140,121,23
943,6,122,90,89,123,46,110,77,106
943,7,2,128,104,71,80,69,70,42
943,8,122,10,139,40,9,29,44,51
943,9,14,4,29,76,130,108,95,71
943,10,122,138,72,37,110,50,88,73
943,11,67,22,104,97,143,78,20,9
943,12,118,24,103,96,58,2,129,0
943,13,125,3,19,71,63,134,41,70
943,14,63,53,17,0,83,91,123,69
943,15,32,76,58,129,80,68,57,69
943,16,122,25,123,54,120,57,82,94
943,17,118,55,87,30,90,67,56,38
943,18,86,0,73,21,25,87,32,9
943,19,8,136,59,95,140,3,1,100
943,20,129,135,39,93,94,2,63,90
943,21,107,135,132,117,120,110,46,80
943,22,31,11,15,141,20,111,59,114
943,23,105,78,117,61,67,128,103,56
943,24,33,117,107,69,122,49,130,52
943,25,85,74,43,51,131,68,109,136
943,26,115,110,92,37,18,26,89,132
943,27,121,89,58,71,65,46,25,40
943,28,27,114,106,136,58,25,90,77
943,29,49,121,116,101,0,78,56,106
943,30,46,29,122,51,34,124,136,130
943,31,22,10,100,124,51,80,23,19
943,32,20,72,52,59,70,110,33,93
943,33,86,48,72,123,112,20,113,89
943,34,40,116,74,28,117,143,43,55
943,35,4,73,103,65,21,119,129,50
943,36,5,23,61,118,127,68,116,104
943,37,112,54,91,24,70,33,133,9
943,38,84,32,132,87,109,102,20,104
943,39,49,45,92,10,65,102,88,84
943,40,91,133,65,44,68,35,3,93
943,41,74,33,27,70,103,41,68,110
943,42,107,38,8,33,36,46,25,79
943,43,33,86,94,132,111,79,69,12
943,44,127,20,136,79,143,34,104,100
944,3,92,27,138,32,113,46,109,66
944,4,27,94,90,130,4,135,9,35
944,5,117,48,40,53,62,18,33,143
944,6,102,127,20,12,6,106,89,87
944,7,39,82,17,64,3,59,85,53
944,8,10,72,51,16,118,18,61,114
944,9,12,4,76,121,88,27,47,92
944,10,122,3,109,29,110,33,1,90
944,11,67,115,89,121,21,88,59,29
944,12,2,81,112,143,86,17,14,128
944,13,41,71,124,48,135,55,38,43
944,14,63,53,137,117,60,74,73,123
944,15,32,58,9,41,11,91,93,113
944,16,122,54,53,85,33,11,31,27
944,17,56,87,11,39,110,55,80,79
944,18,116,86,1,44,56,128,10,59
944,19,79,114,102,119,31,133,62,54
944,20,42,65,142,129,115,100,95,102
944,21,2,107,80,70,49,10,18,17
944,22,100,31,36,86,21,15,9,103
944,23,117,61,105,33,73,67,128,102
944,24,117,69,81,107,130,111,126,87
944,25,74,131,4,85,43,77,113,125
944,26,115,97,92,22,31,81,24,88
944,27,104,108,71,65,121,120,25,5
944,28,136,58,114,106,27,94,90,25
944,29,116,49,121,0,101,44,103,75
944,30,46,22,34,93,29,12,18,131
944,31,22,10,120,107,100,2,125,3
944,32,72,20,70,85,110,143,10,33
944,33,43,39,86,42,72,101,51,106
944,34,40,63,74,117,26,65,91,2
944,35,65,140,127,129,97,107,16,10
944,36,5,138,82,49,136,109,137,135
944,37,36,91,10,102,99,77,95,33
944,38,51,92,64,134,20,143,84,72
944,39,50,84,92,115,87,103,22,135
944,40,129,35,2,75,124,94,130,66
944,41,33,126,68,70,90,110,26,30
944,42,107,36,8,113,53,48,67,84
944,43,57,120,61,33,13,111,9,56
944,44,24,80,19,44,79,71,86,17
945,3,135,79,142,85,140,42,130,27
945,4,21,66,85,93,39,116,33,34
945,5,90,74,135,37,88,67,118,32
945,6,43,51,95,36,12,11,31,70
945,7,17,66,104,19,87,85,137,95
945,8,38,10,102,72,62,65,16,50
945,9,76,129,4,27,120,99,138,75
945,10,122,47,138,110,12,139,71,52
945,11,67,115,112,59,43,121,88,46
945,12,2,42,14,112,17,143,33,63
945,13,48,41,23,71,142,74,33,22
945,14,63,60,105,117,53,35,107,6
945,15,32,21,58,35,130,104,41,121
945,16,11,122,35,54,18,63,107,53
945,17,56,109,87,118,102,111,55,110
945,18,44,86,30,116,56,42,1,28
945,19,63,79,93,9,52,54,119,60
945,20,129,86,100,50,130,65,135,20
945,21,107,10,77,13,135,80,86,70
945,22,31,21,15,86,6,9,83,29
945,23,61,128,117,85,105,30,56,33
945,24,107,81,69,130,142,30,18,111
945,25,74,85,115,77,43,136,113,22
945,26,115,97,27,124,98,25,109,83
945,27,71,108,104,121,120,12,65,89
945,28,133,94,136,66,106,114,137,25
945,29,116,49,44,121,101,103,0,75
945,30,22,46,93,29,3,11,34,41
945,31,10,3,120,22,125,2,94,17
945,32,72,70,110,20,85,143,93,99
945,33,39,43,51,20,106,125,86,35
945,34,63,40,16,74,30,117,91,65
945,35,140,129,127,65,16,97,10,70
945,36,138,52,5,136,49,109,82,135
945,37,36,99,52,121,10,77,106,73
945,38,51,92,64,93,134,20,44,68
945,39,84,50,115,22,13,55,5,87
945,40,129,35,124,2,75,130,65,122
945,41,90,33,68,70,26,126,139,30
945,42,107,8,36,63,53,30,48,113
945,43,57,13,9,109,52,93,61,120
945,44,44,86,80,24,19,7,71,143
946,3,8,123,26,5,11,102,93,104
946,4,117,92,99,15,59,28,120,91
946,5,55,33,82,139,10,102,8,47
946,6,102,20,54,105,132,108,35,119
946,7,42,86,22,35,17,18,85,139
946,8,64,132,55,46,98,60,71,39
946,9,71,116,81,36,97,83,31,130
946,10,83,94,101,106,79,139,63,133
946,11,2,22,94,140,23,110,99,100
946,12,142,109,103,41,96,0,129,71
946,13,130,19,91,134,106,125,38,45
946,14,76,66,71,40,50,91,113,28
946,15,120,18,35,135,8,70,101,9
946,16,79,69,54,0,133,91,25,3
946,17,139,30,38,90,49,59,55,13
946,18,37,86,141,25,69,114,132,5
946,19,136,8,95,128,5,140,91,32
946,20,53,135,2,46,6,52,39,111
946,21,107,87,110,117,1,28,119,130
946,22,11,71,77,19,63,35,54,80
946,23,38,56,130,31,128,30,140,125
946,24,107,69,46,60,38,128,92,68
946,25,74,66,98,85,138,109,130,86
946,26,34,132,27,89,1,97,108,126
946,27,45,125,11,47,22,5,46,82
946,28,75,140,52,71,94,7,10,118
946,29,63,136,116,82,100,44,39,11
946,30,11,48,22,19,18,46,29,42
946,31,76,6,36,126,31,39,14,94
946,32,29,18,62,22,19,20,24,36
946,33,99,13,19,9,106,39,47,120
946,34,103,137,3,91,135,121,34,36
946,35,28,127,119,48,123,67,47,142
946,36,72,123,26,84,110,76,6,133
946,37,76,36,95,3,6,19,105,96
946,38,68,93,22,120,29,100,47,11
946,39,84,6,39,119,135,28,92,102
946,40,93,121,123,129,27,132,91,40
946,41,67,97,112,18,21,98,128,68
946,42,113,107,23,26,55,76,129,5
946,43,55,13,110,104,121,139,29,112
946,44,80,83,24,130,124,49,30,141
947,3,59,72,63,53,86,11,94,44
947,4,73,80,96,40,103,93,20,124
947,5,9,30,80,107,15,68,109,135
947,6,66,92,142,116,74,42,82,48
947,7,118,139,99,69,27,53,32,98
947,8,137,22,17,25,126,71,68,93
947,9,140,52,103,131,35,139,81,95
947,10,83,13,128,102,27,132,18,42
947,11,8,132,1,101,6,70,22,10
947,12,57,55,42,120,7,131,36,110
947,13,70,19,6,134,130,36,86,30
947,14,73,138,64,143,76,69,60,82
947,15,117,68,102,59,47,43,131,106
947,16,108,27,46,47,59,82,119,91
947,17,51,55,45,30,38,90,138,59
947,18,119,103,11,122,70,140,132,86
947,19,136,100,8,105,59,118,71,95
947,20,135,53,94,31,129,93,58,79
947,21,107,132,18,109,63,1,135,9
947,22,106,125,71,15,11,63,82,33
947,23,95,47,54,128,80,117,60,113
947,24,32,69,114,140,120,107,142,122
947,25,74,115,86,43,4,16,139,70
947,26,97,109,34,135,115,12,24,93
947,27,65,108,137,121,38,97,58,46
947,28,106,86,126,94,25,124,89,136
947,29,3,121,48,38,108,116,25,138
947,30,21,46,133,116,17,115,19,11
947,31,74,125,10,137,22,41,45,4
947,32,12,60,143,142,66,25,4,48
947,33,86,93,39,42,48,72,129,24
947,34,40,30,91,29,119,125,75,79
947,35,48,89,127,65,124,69,73,10
947,36,5,51,17,125,138,113,50,49
947,37,91,15,115,127,8,48,109,3
947,38,54,51,135,27,143,44,18,68
947,39,84,5,92,115,47,136,44,19
947,40,2,48,53,109,83,50,90,140
947,41,68,28,50,6,102,40,54,90
947,42,107,8,32,47,113,44,53,36
947,43,49,64,25,10,93,54,70,139
947,44,24,9,80,67,98,79,68,104
948,3,81,13,72,15,29,137,40,94
948,4,103,20,115,135,22,124,27,73
948,5,91,117,123,80,64,104,89,109
948,6,113,67,135,16,132,71,87,78
948,7,99,57,53,71,127,124,46,139
948,8,63,16,42,137,88,25,51,22
948,9,87,103,93,136,140,31,42,59
948,10,47,111,65,100,104,90,67,63
948,11,78,91,125,132,102,136,33,70
948,12,42,67,37,102,98,118,0,7
948,13,36,70,6,19,52,77,5,128
948,14,97,138,73,91,17,69,124,63
948,15,11,134,32,25,78,43,102,106
948,16,20,6,59,119,82,85,112,27
948,17,51,56,55,25,138,118,34,109
948,18,91,86,31,122,140,119,56,132
948,19,79,59,141,77,71,21,139,34
948,20,135,79,121,93,63,105,99,139
948,21,18,132,107,42,72,63,108,110
948,22,91,125,28,141,15,78,6,59
948,23,47,117,91,95,120,112,137,128
948,24,52,87,122,69,81,48,106,99
948,25,74,101,4,13,113,43,77,107
948,26,31,24,65,111,88,91,45,68
948,27,65,91,104,71,12,77,74,58
948,28,136,32,38,25,90,21,27,5
948,29,101,15,121,37,25,87,10,7
948,30,46,51,57,28,18,115,19,67
948,31,22,138,10,42,2,51,35,32
948,32,143,37,20,52,36,99,138,35
948,33,72,88,86,48,93,23,15,41
948,34,40,74,25,55,20,43,36,65
948,35,74,97,142,86,65,81,124,46
948,36,5,82,7,137,61,48,43,110
948,37,91,9,143,78,84,141,37,74
948,38,87,99,59,18,95,0,47,72
948,39,141,90,52,136,135,79,2,75
948,40,38,51,67,92,130,27,65,69
948,41,50,63,33,75,122,89,44,102
948,42,107,36,8,78,80,48,137,32
948,43,9,74,73,18,95,138,130,82
948,44,71,139,25,70,135,57,8,142
949,3,125,85,38,143,127,77,37,113
949,4,78,122,102,66,143,126,5,42
949,5,56,105,26,0,142,14,18,106
949,6,122,123,73,20,108,67,89,92
949,7,2,104,82,128,80,18,15,70
949,8,122,10,12,55,53,51,40,25
949,9,14,12,4,27,105,29,99,64
949,10,122,38,138,90,50,69,104,72
949,11,67,44,121,80,39,124,143,136
949,12,19,58,88,132,134,103,14,0
949,13,71,41,109,142,34,62,52,103
949,14,63,53,105,137,123,110,74,64
949,15,32,58,130,41,11,76,91,0
949,16,122,66,33,63,54,35,85,123
949,17,56,123,87,40,7,102,71,26
949,18,56,86,106,125,44,1,32,12
949,19,79,114,67,88,54,142,81,33
949,20,142,100,43,86,102,11,105,1
949,21,2,14,42,80,18,76,79,94
949,22,9,64,67,31,26,21,86,10
949,23,117,103,67,138,112,78,61,142
949,24,81,111,21,130,33,69,132,117
949,25,74,77,125,142,113,143,54,31
949,26,83,22,3,53,49,26,122,95
949,27,71,104,89,84,58,137,128,28
949,28,136,38,27,107,5,25,90,23
949,29,101,78,121,65,46,10,15,75
949,30,46,51,15,124,18,74,19,77
949,31,22,10,100,51,80,124,15,139
949,32,143,20,52,37,33,83,138,24
949,33,72,86,48,123,112,138,113,90
949,34,40,74,131,55,114,20,65,79
949,35,4,73,21,86,50,100,65,79
949,36,23,48,5,8,82,7,43,107
949,37,112,91,54,70,71,51,9,130
949,38,84,132,109,24,32,87,119,59
949,39,49,45,65,102,71,130,2,15
949,40,40,12,122,88,56,20,68,91
949,41,74,33,27,142,110,137,103,70
949,42,107,38,36,78,8,72,134,25
949,43,86,18,33,9,74,132,69,94
949,44,127,136,20,71,135,142,84,62
950,3,138,32,113,109,100,55,96,93
950,4,27,94,90,4,91,130,87,116
950,5,117,48,40,53,62,44,18,71
950,6,102,127,6,12,106,89,20,87
950,7,17,39,64,82,59,3,52,85
950,8,10,118,51,16,61,8,0,72
950,9,12,4,76,121,88,42,27,47
950,10,122,3,29,110,82,33,109,90
950,11,67,115,124,89,39,69,121,29
950,12,2,81,112,17,14,90,84,30
950,13,71,48,124,62,131,55,38,103
950,14,63,53,105,117,137,8,89,123
950,15,32,58,130,91,9,93,21,111
950,16,122,85,53,33,63,66,11,54
950,17,56,87,26,80,105,129,92,21
950,18,116,1,44,56,14,86,42,135
950,19,79,119,93,31,63,54,102,62
950,20,42,142,86,115,102,65,79,125
950,21,2,80,94,76,42,3,19,17
950,22,21,9,10,36,64,26,41,94
950,23,73,61,33,138,45,117,129,54
950,24,111,81,21,130,132,113,20,87
950,25,74,77,133,113,4,46,0,19
950,26,83,49,26,97,53,84,22,3
950,27,71,104,65,59,84,102,58,127
950,28,136,107,133,90,38,21,102,23
950,29,101,37,15,46,22,121,56,75
950,30,46,51,28,124,47,19,130,123
950,31,22,10,51,13,39,2,35,9
950,32,143,20,37,52,99,33,102,95
950,33,72,48,138,112,11,20,29,15
950,34,40,74,131,55,39,20,114,65
950,35,97,73,65,121,102,5,138,21
950,36,5,82,48,91,8,93,119,105
950,37,91,112,104,119,16,10,73,20
950,38,84,62,72,87,132,143,18,131
950,39,114,102,53,135,141,76,27,82
950,40,35,12,92,40,78,91,98,125
950,41,33,27,75,30,42,18,142,89
950,42,36,107,8,78,72,88,38,35
950,43,9,74,18,86,65,120,12,112
950,44,71,127,54,142,17,19,135,84
951,3,135,79,142,42,140,85,47,128
951,4,21,66,85,116,33,93,28,13
951,5,90,74,135,67,37,88,118,32
951,6,43,51,95,36,12,31,70,15
951,7,17,104,82,132,66,71,19,53
951,8,38,10,102,65,105,56,16,55
951,9,105,76,129,4,120,75,44,136
951,10,122,47,23,95,138,50,139,126
951,11,67,88,115,135,53,121,69,59
951,12,2,112,139,14,33,72,19,42
951,13,48,71,142,41,33,23,103,8
951,14,105,60,63,53,117,35,112,82
951,15,32,21,130,58,35,143,15,41
951,16,11,35,63,122,33,66,54,85
951,17,56,102,109,141,44,21,87,142
951,18,44,56,86,31,28,42,30,23
951,19,79,93,63,60,54,114,75,117
951,20,86,130,100,1,18,115,125,43
951,21,76,86,94,42,79,10,13,126
951,22,21,9,95,31,26,86,93,28
951,23,117,73,54,121,57,112,92,10
951,24,111,81,21,48,45,115,130,106
951,25,77,74,133,4,123,113,54,106
951,26,83,49,22,3,97,88,84,122
951,27,71,84,140,104,93,113,58,28
951,28,136,38,26,133,107,102,124,90
951,29,101,37,15,10,56,29,62,103
951,30,51,46,97,77,28,17,3,115
951,31,22,133,10,19,51,2,53,54
951,32,52,143,20,33,110,99,37,27
951,33,72,62,69,7,48,60,138,8
951,34,74,40,127,65,79,9,92,39
951,35,121,97,141,65,73,48,138,46
951,36,5,82,83,48,59,49,50,133
951,37,38,91,140,73,78,34,65,133
951,38,14,77,132,109,116,84,71,99
951,39,114,107,115,133,92,52,120,81
951,40,35,135,6,12,9,106,118,78
951,41,33,75,81,42,13,30,132,102
951,42,36,107,8,78,136,103,64,108
951,43,9,74,37,20,18,120,118,58
951,44,71,135,142,88,19,143,17,105
952,3,86,133,63,51,108,134,40,58
952,4,92,63,113,31,100,118,72,121
952,5,33,24,74,118,47,8,115,44
952,6,102,108,11,6,107,43,12,135
952,7,104,132,18,15,85,12,137,108
952,8,38,34,60,124,65,16,89,75
952,9,105,130,4,27,129,75,94,128
952,10,122,47,83,138,124,131,110,130
952,11,3,48,67,59,117,43,105,58
952,12,19,139,72,112,99,14,66,132
952,13,142,109,48,71,43,41,2,108
952,14,53,10,63,103,30,68,110,73
952,15,32,143,76,91,116,130,104,58
952,16,30,35,33,130,66,63,11,0
952,17,102,56,2,122,62,123,105,110
952,18,44,134,50,42,116,14,30,93
952,19,63,93,79,119,87,75,21,10
952,20,130,20,114,79,99,115,105,65
952,21,94,10,107,54,86,5,96,99
952,22,21,64,17,6,119,89,15,141
952,23,73,128,119,117,121,11,101,59
952,24,111,130,45,81,136,38,51,7
952,25,123,133,74,97,113,4,126,45
952,26,83,63,49,73,84,26,70,0
952,27,58,25,140,71,28,127,12,94
952,28,26,136,38,21,102,124,109,25
952,29,37,10,104,87,98,41,25,62
952,30,51,46,97,77,28,86,115,18
952,31,22,133,10,53,119,15,2,51
952,32,20,52,99,95,33,36,102,57
952,33,7,62,86,72,113,60,69,13
952,34,74,40,39,136,127,20,14,117
952,35,121,141,65,46,48,73,113,70
952,36,83,5,59,121,49,133,44,9
952,37,38,102,140,34,16,133,141,104
952,38,14,132,75,77,116,60,32,55
952,39,103,3,114,115,120,14,1,98
952,40,20,106,119,6,65,64,5,125
952,41,33,81,132,95,101,29,75,48
952,42,8,107,36,78,136,103,88,72
952,43,43,9,74,20,61,129,36,120
952,44,62,50,142,19,15,84,135,140
953,3,8,42,86,32,90,125,24,95
953,4,101,132,90,66,16,137,33,31
953,5,33,8,103,73,127,67,35,112
953,6,102,117,131,89,84,67,49,43
953,7,59,104,48,116,17,124,45,53
953,8,52,133,38,89,111,60,33,67
953,9,105,117,27,4,130,34,66,36
953,10,122,124,47,59,19,104,54,110
953,11,67,3,78,35,106,129,39,10
953,12,70,25,120,81,66,59,42,138
953,13,71,43,41,65,8,127,75,63
953,14,63,117,53,74,137,35,72,124
953,15,32,58,93,143,41,127,91,121
953,16,54,122,63,90,11,85,31,18
953,17,56,110,80,129,21,34,87,71
953,18,86,116,1,42,20,135,123,125
953,19,119,31,63,102,13,9,133,94
953,20,65,52,42,131,84,56,0,137
953,21,77,49,52,54,104,107,1,98
953,22,71,29,0,18,63,19,93,15
953,23,11,1,4,72,133,128,10,101
953,24,71,69,107,130,12,90,54,103
953,25,86,74,125,34,54,139,130,90
953,26,97,1,34,7,68,93,113,84
953,27,97,84,108,120,104,124,132,103
953,28,136,38,27,106,137,21,134,120
953,29,43,116,88,18,121,50,42,38
953,30,29,46,133,15,116,42,121,131
953,31,100,125,124,22,113,10,14,39
953,32,142,37,72,19,78,42,85,0
953,33,86,39,48,11,125,142,72,89
953,34,40,30,83,79,91,116,105,48
953,35,127,65,123,140,102,66,63,16
953,36,5,7,138,61,89,44,136,140
953,37,95,3,64,102,113,8,23,13
953,38,51,68,71,32,0,117,109,40
953,39,92,28,87,97,13,5,71,62
953,40,9,77,126,68,133,117,23,35
953,41,68,33,6,115,41,26,118,27
953,42,8,107,36,78,136,72,119,58
953,43,61,20,74,9,129,37,5,120
953,44,84,86,142,105,70,18,140,7
954,3,36,42,107,90,119,41,67,142
954,4,118,128,106,70,143,27,127,119
954,5,33,19,93,24,109,41,47,127
954,6,102,122,107,45,43,49,75,99
954,7,44,17,104,132,130,11,23,70
954,8,17,65,38,25,78,114,60,39
954,9,4,105,89,57,63,75,8,36
954,10,122,60,47,95,138,83,90,23
954,11,67,105,48,85,31,18,97,41
954,12,19,139,59,72,112,138,8,80
954,13,109,108,142,2,71,41,74,43
954,14,53,68,10,63,103,17,35,66
954,15,114,21,2,129,82,65,74,92
954,16,30,35,33,4,0,63,13,18
954,17,122,102,2,89,81,56,44,22
954,18,44,14,80,97,106,77,93,134
954,19,63,10,50,79,119,142,58,21
954,20,114,130,20,79,129,40,125,99
954,21,94,86,5,136,10,22,93,49
954,22,64,21,1,47,26,6,14,119
954,23,119,117,73,50,6,120,56,121
954,24,45,130,111,72,112,141,113,139
954,25,133,77,74,113,4,123,45,142
954,26,83,63,73,49,0,92,26,37
954,27,58,71,113,12,128,5,8,140
954,28,26,136,38,107,117,90,21,25
954,29,37,10,68,98,25,29,15,56
954,30,51,46,97,101,28,77,115,18
954,31,22,133,53,10,2,45,75,15
954,32,20,52,99,33,102,78,37,27
954,33,7,86,62,72,109,98,11,20
954,34,74,127,40,39,79,133,98,67
954,35,121,141,65,46,73,138,5,31
954,36,83,5,59,121,48,49,44,133
954,37,38,102,140,78,33,133,34,141
954,38,14,132,143,75,77,116,117,60
954,39,114,3,103,115,14,98,87,90
954,40,119,106,20,6,50,135,35,79
954,41,33,81,95,80,102,101,42,0
954,42,8,136,53,90,72,78,108,84
954,43,20,61,74,37,120,12,3,60
954,44,1,119,19,135,5,142,126,57
955,3,107,19,25,143,85,83,70,54
955,4,92,25,32,125,113,136,129,100
955,5,130,120,140,110,24,8,54,44
955,6,6,107,28,11,132,111,39,129
955,7,42,6,85,136,18,44,0,14
955,8,18,10,39,35,122,34,50,28
955,9,4,12,120,129,27,14,8,11
955,10,122,35,40,44,19,15,60,103
955,11,48,67,36,85,121,100,17,115
955,12,134,58,69,19,70,132,14,138
955,13,2,123,62,71,89,108,51,120
955,14,10,53,117,52,63,103,48,83
955,15,93,63,58,0,26,42,129,60
955,16,35,54,48,114,111,13,118,122
955,17,122,22,56,66,81,102,126,109
955,18,44,97,80,50,29,134,125,13
955,19,63,10,58,84,52,50,119,24
955,20,128,20,59,99,130,105,79,80
955,21,5,86,10,107,88,79,136,63
955,22,21,128,113,15,112,6,47,17
955,23,117,128,69,11,30,73,107,112
955,24,106,141,81,44,88,130,113,119
955,25,77,74,13,113,101,0,19,20
955,26,24,116,9,88,37,83,25,12
955,27,102,12,84,89,116,105,132,71
955,28,107,38,136,102,25,90,5,10
955,29,107,119,121,103,104,10,15,86
955,30,46,101,28,112,47,77,131,18
955,31,138,22,53,107,35,4,32,92
955,32,33,20,52,143,96,88,128,84
955,33,7,75,65,88,20,62,53,100
955,34,40,9,15,79,117,88,51,55
955,35,14,78,86,65,10,102,100,36
955,36,32,48,5,121,83,49,143,97
955,37,42,94,63,77,37,6,133,108
955,38,132,62,99,59,20,2,109,141
955,39,114,2,136,52,44,24,42,137
955,40,80,2,37,118,44,27,56,92
955,41,80,13,33,42,85,111,19,109
955,42,107,8,42,72,77,23,78,135
955,43,20,74,65,69,104,140,3,139
955,44,63,41,5,12,90,122,135,86
956,3,126,134,45,46,54,104,13,53
956,4,85,117,11,63,116,122,56,113
956,5,67,7,138,86,23,43,129,97
956,6,32,43,78,122,66,108,134,19
956,7,91,59,104,108,8,33,74,3
956,8,112,38,106,121,12,137,117,60
956,9,105,64,52,109,117,8,75,36
956,10,56,142,65,123,119,50,83,130
956,11,48,102,6,24,110,67,137,100
956,12,23,35,3,122,14,116,138,20
956,13,2,14,71,131,82,63,38,98
956,14,10,86,84,63,107,76,6,73
956,15,13,34,20,83,32,109,59,11
956,16,35,7,22,93,84,101,83,103
956,17,102,122,56,46,74,36,105,47
956,18,44,134,35,56,29,116,28,55
956,19,63,79,119,57,93,22,12,52
956,20,130,10,54,86,50,124,99,129
956,21,6,138,10,107,134,79,8,96
956,22,21,17,123,14,15,119,46,89
956,23,117,128,92,34,112,23,101,54
956,24,81,48,87,69,141,130,88,119
956,25,4,13,74,101,0,113,107,5
956,26,65,24,111,26,3,121,0,46
956,27,12,58,116,128,71,55,65,50
956,28,107,38,32,13,25,74,81,117
956,29,15,121,104,37,90,86,103,68
956,30,46,90,125,77,115,28,74,131
956,31,138,22,1,74,35,10,107,2
956,32,20,143,33,123,96,88,138,24
956,33,62,7,40,88,11,125,23,138
956,34,99,67,40,136,9,20,33,55
956,35,14,102,78,58,133,131,10,94
956,36,32,121,5,48,99,41,49,112
956,37,118,94,59,25,104,37,141,53
956,38,99,62,2,141,125,119,30,17
956,39,114,5,2,44,52,136,83,86
956,40,2,80,106,68,44,125,134,118
956,41,13,42,85,27,86,33,80,26
956,42,107,8,78,80,36,130,103,42
956,43,74,81,9,118,93,120,37,40
956,44,16,67,71,98,126,88,5,135
957,3,107,19,85,25,143,89,38,45
957,4,129,92,122,133,102,104,93,136
957,5,59,26,44,140,70,21,110,116
957,6,6,16,120,110,28,129,123,124
957,7,42,6,0,46,137,80,18,85
957,8,18,35,122,34,99,95,68,39
957,9,4,41,12,27,0,126,70,23
957,10,122,53,20,44,113,104,52,54
957,11,36,85,67,83,48,27,115,98
957,12,132,88,134,14,23,75,138,105
957,13,2,81,136,108,78,120,131,51
957,14,26,10,63,0,136,70,100,67
957,15,108,32,130,34,58,45,100,69
957,16,11,126,35,93,22,54,18,14
957,17,56,104,122,36,9,0,138,34
957,18,44,35,31,106,12,93,13,143
957,19,63,34,119,21,57,12,22,60
957,20,130,105,54,60,63,59,79,99
957,21,121,79,5,10,6,17,42,59
957,22,21,136,91,38,14,75,113,26
957,23,93,14,117,112,120,89,128,23
957,24,106,141,57,36,85,84,113,72
957,25,74,89,113,119,39,20,126,141
957,26,131,121,40,50,37,111,53,26
957,27,49,12,102,13,106,50,8,52
957,28,107,38,24,25,90,48,8,85
957,29,86,119,104,23,24,69,68,87
957,30,46,112,130,131,60,19,86,115
957,31,22,141,0,45,2,137,91,35
957,32,20,123,33,128,95,142,104,51
957,33,62,7,40,67,75,20,11,73
957,34,99,75,51,100,114,139,55,52
957,35,94,14,46,133,123,140,4,10
957,36,121,32,41,48,82,138,36,5
957,37,118,94,83,139,132,43,36,105
957,38,127,2,132,114,141,115,59,142
957,39,114,52,2,135,137,100,136,10
957,40,20,118,39,106,80,50,4,125
957,41,13,80,33,86,26,36,140,111
957,42,45,77,8,38,53,52,10,102
957,43,107,74,102,85,21,3,46,20
957,44,63,41,136,49,122,58,135,86
958,3,98,5,74,83,19,79,104,125
958,4,50,1,115,18,56,132,122,15
958,5,83,97,86,57,143,67,25,36
958,6,40,10,7,95,78,16,19,98
958,7,136,104,59,132,19,77,137,57
958,8,74,116,129,106,12,42,68,1
958,9,96,85,6,41,136,36,128,81
958,10,124,80,122,139,61,56,128,20
958,11,114,67,13,48,42,115,54,35
958,12,23,35,130,72,132,103,107,138
958,13,136,2,40,100,108,99,63,82
958,14,126,26,54,63,53,10,74,28
958,15,42,117,19,45,32,23,58,114
958,16,78,68,35,15,122,142,33,111
958,17,122,83,56,50,104,89,126,8
958,18,106,44,116,93,21,77,65,80
958,19,63,58,90,65,119,10,22,79
958,20,98,70,63,125,112,76,65,130
958,21,76,59,79,7,112,68,22,72
958,22,21,10,89,129,119,47,99,14
958,23,117,136,93,121,128,123,112,54
958,24,66,106,39,21,141,115,129,108
958,25,13,39,113,74,89,22,5,125
958,26,92,131,61,25,47,37,26,39
958,27,12,49,13,58,127,125,55,128
958,28,38,107,24,103,56,96,102,25
958,29,119,104,23,24,68,103,67,86
958,30,46,112,130,106,110,131,15,68
958,31,141,22,63,46,15,2,0,45
958,32,20,33,123,95,138,128,136,131
958,33,62,67,4,75,124,20,73,138
958,34,99,71,43,75,51,111,79,0
958,35,14,94,128,55,102,98,10,133
958,36,121,48,44,143,133,90,97,82
958,37,139,131,43,119,132,41,83,47
958,38,127,141,142,62,45,9,7,59
958,39,114,24,88,36,52,83,135,44
958,40,84,8,44,91,92,50,132,117
958,41,13,120,19,21,114,111,49,2
958,42,14,90,107,102,77,142,53,8
958,43,20,64,74,68,118,107,80,37
958,44,97,82,15,135,100,51,83,73
959,3,81,141,10,134,53,35,104,73
959,4,103,1,56,102,115,37,136,18
959,5,123,72,37,70,75,15,83,35
959,6,138,30,106,86,81,113,23,108
959,7,53,124,20,33,104,57,136,132
959,8,7,106,31,42,60,0,39,4
959,9,68,109,57,94,36,12,65,113
959,10,65,111,100,131,96,137,69,90
959,11,78,102,138,114,15,69,27,100
959,12,67,35,72,104,31,19,52,143
959,13,52,108,84,40,2,78,20,102
959,14,133,10,53,130,114,82,101,28
959,15,114,11,42,59,46,127,129,125
959,16,6,35,111,68,122,113,134,19
959,17,122,50,86,83,89,21,56,43
959,18,80,97,33,44,106,93,67,12
959,19,50,141,63,82,75,84,90,41
959,20,43,7,103,105,21,99,98,79
959,21,79,140,7,54,22,67,143,92
959,22,10,37,119,91,111,21,78,67
959,23,91,117,128,93,47,74,12,11
959,24,52,141,115,124,36,106,100,78
959,25,61,5,125,102,142,55,43,9
959,26,92,105,57,76,23,69,47,3
959,27,12,96,141,105,95,25,70,77
959,28,103,115,3,24,38,48,13,96
959,29,67,103,73,25,35,26,2,69
959,30,71,3,87,60,59,46,130,63
959,31,18,81,63,93,30,2,142,3
959,32,20,87,75,36,27,84,99,128
959,33,114,62,4,75,138,67,20,10
959,34,11,8,99,112,68,93,117,71
959,35,14,94,128,133,66,23,143,124
959,36,121,48,95,105,112,41,99,19
959,37,54,14,43,110,104,105,138,132
959,38,45,78,9,141,41,62,8,70
959,39,36,88,136,42,17,114,24,138
959,40,63,62,8,32,109,44,92,14
959,41,19,13,21,133,131,111,120,86
959,42,89,102,33,106,22,90,119,17
959,43,75,51,129,65,2,6,45,138
959,44,25,75,126,49,32,59,4,141
960,3,3,85,113,99,55,112,101,38
960,4,62,125,105,9,14,87,22,126
960,5,56,136,142,61,133,95,92,26
960,6,116,89,84,138,113,63,122,37
960,7,17,82,3,2,1,23,128,131
960,8,10,53,55,46,40,70,68,39
960,9,137,14,22,70,4,102,62,38
960,10,60,38,86,58,75,137,19,63
960,11,80,9,67,13,12,121,30,100
960,12,58,83,126,81,95,106,84,5
960,13,52,89,65,53,11,124,34,97
960,14,63,142,0,29,103,115,89,82
960,15,49,119,65,46,129,76,11,121
960,16,111,113,116,44,128,134,56,59
960,17,86,21,65,110,81,118,43,16
960,18,80,33,88,102,84,108,106,78
960,19,50,41,141,35,80,22,77,129
960,20,103,21,7,43,109,105,102,35
960,21,14,54,7,96,67,93,140,79
960,22,67,102,10,54,62,66,20,86
960,23,93,29,105,128,102,74,6,133
960,24,141,36,34,39,139,13,115,84
960,25,19,13,5,125,39,74,75,55
960,26,92,71,3,23,61,57,68,87
960,27,12,49,99,50,106,77,62,103
960,28,115,107,56,103,124,25,38,77
960,29,107,104,54,103,143,62,67,87
960,30,46,112,60,53,86,3,131,91
960,31,81,1,10,30,63,22,2,12
960,32,20,33,59,128,30,88,27,138
960,33,62,75,114,4,138,23,20,80
960,34,99,11,8,55,51,71,79,2
960,35,14,94,23,78,103,10,70,143
960,36,48,121,95,82,97,99,105,67
960,37,54,83,23,132,51,112,14,41
960,38,78,45,86,142,141,106,9,15
960,39,24,88,114,25,36,138,136,10
960,40,25,63,40,39,68,92,113,88
960,41,13,19,12,129,142,71,15,131
960,42,89,33,10,53,15,22,102,35
960,43,65,75,33,128,71,107,54,124
960,44,75,126,20,5,48,17,15,49
961,3,141,95,31,74,90,117,73,1
961,4,127,102,13,22,116,74,93,34
961,5,40,117,28,138,37,89,72,110
961,6,138,50,86,112,4,136,100,46
961,7,35,89,124,57,95,53,70,108
961,8,15,106,114,103,121,134,83,45
961,9,137,56,135,109,3,43,87,73
961,10,92,51,119,95,90,19,24,79
961,11,143,123,102,91,84,141,59,35
961,12,136,104,72,52,101,114,49,77
961,13,52,135,82,2,124,51,57,20
961,14,54,49,38,75,73,127,0,103
961,15,33,23,114,20,34,112,125,11
961,16,142,111,44,53,134,139,7,35
961,17,86,89,65,16,13,44,68,128
961,18,80,136,44,104,30,106,93,4
961,19,50,63,111,10,90,41,21,142
961,20,135,7,11,54,10,88,1,83
961,21,79,7,26,54,14,93,74,84
961,22,100,119,10,46,21,48,54,6
961,23,117,93,128,9,11,141,59,6
961,24,66,141,124,39,70,115,54,126
961,25,74,39,13,125,5,126,113,137
961,26,92,87,131,61,110,71,53,25
961,27,12,49,76,128,13,99,58,28
961,28,115,107,96,38,56,25,124,77
961,29,143,104,23,51,103,62,54,73
961,30,46,112,110,129,67,126,131,86
961,31,1,22,141,10,53,81,17,63
961,32,20,37,33,128,51,138,29,131
961,33,62,41,4,23,28,48,138,111
961,34,99,43,98,33,70,4,79,114
961,35,94,14,103,143,86,123,35,128
961,36,121,99,82,95,48,43,143,44
961,37,83,36,18,23,96,119,104,41
961,38,142,78,141,127,115,62,106,9
961,39,114,24,2,136,88,135,79,52
961,40,25,44,81,27,68,40,20,118
961,41,13,116,33,96,120,11,141,42
961,42,58,107,14,74,32,53,84,90
961,43,102,74,20,103,58,60,3,80
961,44,122,12,80,45,100,126,76,135
962,3,65,126,41,127,11,94,13,36
962,4,66,79,71,11,136,129,56,88
962,5,125,37,97,134,110,114,131,52
962,6,62,40,14,70,43,4,87,42
962,7,104,127,124,136,132,74,92,105
962,8,106,65,17,100,122,62,89,20
962,9,136,10,6,3,12,39,46,43
962,10,36,51,46,119,122,92,62,13
962,11,90,44,102,59,67,35,18,82
962,12,104,12,72,61,143,133,107,40
962,13,133,82,107,41,69,136,49,43
962,14,54,127,53,38,68,2,56,23
962,15,23,55,19,20,34,33,114,72
962,16,142,53,43,31,98,94,19,44
962,17,89,56,83,15,101,44,36,128
962,18,106,104,31,93,44,80,30,86
962,19,63,79,90,10,119,22,50,83
962,20,56,135,1,100,88,103,98,15
962,21,7,79,74,143,19,2,104,76
962,22,10,21,119,93,100,48,37,138
962,23,117,59,9,128,12,141,11,6
962,24,66,39,141,115,124,70,75,36
962,25,125,13,74,39,29,41,5,126
962,26,92,87,131,17,57,47,61,10
962,27,12,49,128,13,58,107,66,99
962,28,38,107,96,124,103,56,10,131
962,29,143,104,23,26,68,51,103,22
962,30,46,112,110,86,87,51,3,96
962,31,22,141,1,10,53,17,127,109
962,32,20,37,51,131,52,59,10,128
962,33,62,86,23,112,12,15,4,113
962,34,99,98,33,43,70,114,36,77
962,35,103,94,86,14,143,80,73,123
962,36,121,82,99,58,41,97,123,138
962,37,83,36,96,29,110,18,104,119
962,38,142,92,15,84,127,26,141,9
962,39,98,83,135,52,2,18,71,99
962,40,20,84,44,27,118,28,37,137
962,41,13,33,120,11,86,48,96,102
962,42,58,14,107,90,8,42,37,77
962,43,20,74,37,103,58,21,80,120
962,44,67,135,97,45,122,82,126,11
963,3,86,133,63,51,134,108,128,19
963,4,56,63,9,72,100,41,143,102
963,5,111,132,114,34,82,8,90,77
963,6,108,11,76,0,12,52,35,20
963,7,139,69,37,19,85,32,15,78
963,8,4,72,60,124,53,114,91,52
963,9,12,10,130,112,27,38,36,89
963,10,113,122,69,91,48,131,75,6
963,11,18,3,67,85,59,82,19,89
963,12,19,133,34,104,115,100,125,10
963,13,6,41,23,69,60,35,101,38
963,14,138,100,106,17,38,47,103,20
963,15,131,35,57,91,87,113,125,111
963,16,100,132,70,101,112,43,137,46
963,17,32,116,55,56,90,30,103,138
963,18,9,119,103,86,122,70,106,91
963,19,71,140,118,0,65,136,94,77
963,20,135,121,93,38,69,94,53,79
963,21,107,132,99,109,135,19,105,137
963,22,15,33,80,143,106,129,98,22
963,23,80,128,19,134,101,77,51,60
963,24,0,94,69,140,103,119,86,96
963,25,85,54,74,66,107,24,130,139
963,26,27,130,113,135,7,35,30,44
963,27,121,88,46,141,85,11,131,82
963,28,67,46,135,98,126,64,106,51
963,29,42,48,29,50,111,116,87,128
963,30,105,114,75,133,116,22,13,11
963,31,102,78,108,87,94,39,135,126
963,32,130,25,44,12,4,112,80,23
963,33,106,39,71,142,98,23,41,55
963,34,92,125,82,63,75,38,26,117
963,35,127,85,76,125,35,59,39,10
963,36,15,51,37,69,79,18,92,61
963,37,127,139,135,53,36,133,72,48
963,38,68,84,97,42,136,44,113,20
963,39,104,22,67,43,87,47,140,101
963,40,24,55,81,126,53,134,67,78
963,41,57,103,45,54,25,77,111,44
963,42,58,103,107,88,38,125,35,18
963,43,43,129,21,20,74,109,36,101
963,44,123,19,140,85,50,143,109,36
964,3,90,8,86,125,42,143,45,32
964,4,101,119,111,66,132,21,31,65
964,5,73,8,33,35,67,112,103,131
964,6,117,102,97,89,66,59,46,3
964,7,48,59,98,37,32,93,116,124
964,8,52,133,122,61,60,58,72,29
964,9,105,117,112,36,130,10,101,34
964,10,69,75,90,131,113,116,110,12
964,11,33,3,64,120,138,11,35,46
964,12,34,67,70,10,25,137,120,119
964,13,6,19,20,41,35,23,38,130
964,14,138,40,20,100,32,17,69,66
964,15,1,87,39,44,38,9,25,115
964,16,112,100,43,33,46,125,23,18
964,17,131,34,32,138,100,85,97,129
964,18,122,9,119,115,72,140,91,139
964,19,71,118,21,136,94,33,42,0
964,20,140,79,31,69,64,135,106,119
964,21,63,68,4,132,34,27,103,113
964,22,98,79,22,140,42,119,51,50
964,23,132,6,60,19,70,134,2,21
964,24,96,27,86,74,103,110,69,119
964,25,66,60,139,141,54,24,74,69
964,26,30,15,44,108,27,0,113,75
964,27,135,46,131,56,137,141,128,71
964,28,33,74,46,64,136,51,142,65
964,29,42,74,3,30,128,125,111,43
964,30,87,70,52,46,42,80,110,119
964,31,8,69,10,126,85,39,94,98
964,32,39,117,120,13,107,57,131,77
964,33,85,121,106,128,38,1,96,90
964,34,38,92,25,114,66,77,75,101
964,35,127,28,130,15,74,95,33,30
964,36,69,41,73,15,96,29,43,25
964,37,64,45,47,114,53,20,139,48
964,38,31,68,101,19,9,18,36,14
964,39,47,43,108,53,60,39,86,136
964,40,7,72,57,52,49,66,116,24
964,41,57,87,58,128,45,67,93,131
964,42,58,107,103,129,132,22,8,142
964,43,129,20,74,139,109,58,21,12
964,44,139,70,18,123,11,19,32,2
965,3,59,96,60,58,91,129,80,30
965,4,104,106,64,55,63,36,68,125
965,5,33,19,56,80,23,133,34,100
965,6,45,126,1,122,49,102,74,75
965,7,72,15,32,130,69,41,59,77
965,8,78,4,9,20,59,114,53,130
965,9,34,12,36,10,5,27,108,46
965,10,79,122,48,12,113,23,58,50
965,11,67,85,42,46,124,18,121,100
965,12,133,115,19,104,120,30,73,72
965,13,108,69,3,41,52,122,35,17
965,14,68,106,53,54,16,38,23,103
965,15,55,43,91,72,3,8,103,114
965,16,142,30,13,111,44,80,43,61
965,17,89,83,15,76,86,128,125,69
965,18,80,116,102,106,104,32,33,42
965,19,50,10,63,119,138,75,137,64
965,20,15,103,1,135,11,102,131,109
965,21,79,7,93,0,62,26,84,130
965,22,93,10,1,65,119,138,21,90
965,23,1,93,105,117,74,3,142,29
965,24,39,141,117,21,124,66,36,115
965,25,102,113,39,5,125,89,17,22
965,26,92,116,0,111,68,40,61,42
965,27,100,33,132,12,2,82,105,49
965,28,56,124,69,10,38,96,91,107
965,29,68,107,123,103,98,28,75,26
965,30,46,28,87,85,17,101,127,86
965,31,22,94,61,19,32,143,85,135
965,32,33,20,26,30,32,88,51,81
965,33,75,56,62,80,20,13,65,64
965,34,112,9,99,48,79,52,114,117
965,35,121,78,82,14,143,133,140,10
965,36,121,95,48,143,119,44,102,90
965,37,70,63,6,104,36,138,96,132
965,38,115,33,60,86,30,20,62,15
965,39,114,82,136,25,46,70,26,35
965,40,115,25,44,14,125,137,118,131
965,41,79,77,23,48,111,42,13,33
965,42,132,81,38,90,96,42,21,27
965,43,86,3,69,63,45,74,83,122
965,44,127,137,48,81,119,136,15,45
966,3,36,107,129,51,101,91,60,26
966,4,70,89,21,106,118,39,108,95
966,5,50,133,89,52,31,93,35,23
966,6,96,102,138,107,132,22,76,61
966,7,104,14,95,89,17,130,97,44
966,8,17,78,65,81,106,114,62,67
966,9,4,34,10,36,43,27,73,5
966,10,48,122,79,3,96,116,18,91
966,11,54,85,67,124,18,105,42,20
966,12,133,19,115,104,99,0,114,86
966,13,69,108,41,120,34,25,92,140
966,14,63,53,38,35,103,117,106,13
966,15,69,43,58,72,129,120,9,60
966,16,54,93,43,122,0,25,106,137
966,17,56,122,46,126,58,81,128,80
966,18,116,44,35,106,42,1,52,30
966,19,63,119,10,9,62,41,65,13
966,20,65,70,130,76,54,52,129,39
966,21,10,77,54,52,6,107,104,134
966,22,21,71,29,89,54,80,102,15
966,23,128,80,11,85,33,56,125,1
966,24,130,69,107,12,50,109,137,119
966,25,74,86,115,58,113,136,87,70
966,26,97,98,138,137,109,34,68,81
966,27,108,97,79,104,120,140,84,45
966,28,136,120,107,63,14,8,91,90
966,29,51,44,104,88,62,116,124,50
966,30,46,29,133,32,11,34,121,93
966,31,124,113,125,100,39,41,50,4
966,32,78,0,42,72,20,37,83,130
966,33,39,40,86,142,48,20,62,122
966,34,83,40,30,29,91,79,63,98
966,35,48,127,5,16,63,73,69,65
966,36,17,116,5,7,44,111,69,51
966,37,99,102,64,115,110,16,113,30
966,38,44,89,93,40,51,68,64,135
966,39,115,28,5,92,39,44,20,67
966,40,140,133,5,71,126,121,122,124
966,41,28,20,68,33,85,90,87,76
966,42,81,132,41,20,55,8,42,39
966,43,20,74,114,139,24,110,16,29
966,44,137,117,119,32,51,52,108,75
967,3,84,76,129,31,45,128,32,118
967,4,75,78,99,35,65,7,23,129
967,5,126,66,70,120,51,116,115,106
967,6,28,113,124,57,23,10,52,120
967,7,17,38,139,4,82,5,85,123
967,8,86,46,92,39,68,70,6,75
967,9,109,113,110,69,10,112,12,116
967,10,78,113,109,4,35,122,2,103
967,11,61,83,85,9,128,67,79,125
967,12,83,104,52,95,1,9,17,117
967,13,123,73,120,78,127,81,23,86
967,14,38,14,63,88,103,10,0,35
967,15,86,105,14,19,9,32,6,116
967,16,48,80,111,105,70,2,103,43
967,17,15,69,115,143,81,108,36,12
967,18,116,143,31,46,35,106,77,102
967,19,10,119,138,84,44,36,133,21
967,20,20,103,44,61,42,54,79,71
967,21,57,49,102,84,54,40,130,14
967,22,113,62,136,44,21,12,101,20
967,23,18,11,109,99,133,110,64,112
967,24,4,8,36,119,18,71,137,141
967,25,101,74,36,4,113,127,0,41
967,26,25,65,24,121,46,88,92,111
967,27,55,33,37,58,91,49,24,112
967,28,105,133,107,38,97,25,61,81
967,29,104,119,121,68,103,37,15,111
967,30,28,46,125,85,112,63,122,60
967,31,22,92,85,35,34,32,10,135
967,32,33,20,96,26,143,114,59,104
967,33,88,73,65,132,75,111,20,23
967,34,9,108,52,114,127,121,40,98
967,35,78,14,4,75,46,36,10,80
967,36,48,6,63,133,143,23,39,95
967,37,42,6,100,36,105,63,77,20
967,38,86,62,99,132,72,141,115,20
967,39,114,52,100,125,83,10,89,93
967,40,25,2,40,26,104,71,125,14
967,41,42,131,86,123,102,41,18,50
967,42,66,107,48,42,32,135,103,41
967,43,20,74,54,118,104,139,93,7
967,44,5,110,75,48,3,142,51,135
968,3,95,126,72,13,53,56,142,86
968,4,85,109,53,113,11,34,84,116
968,5,108,3,129,67,121,75,125,102
968,6,32,51,78,109,61,66,49,71
968,7,91,132,71,89,92,59,88,81
968,8,112,104,106,28,0,96,79,123
968,9,64,52,32,137,117,8,34,36
968,10,119,56,31,123,50,24,65,89
968,11,6,102,28,37,24,3,42,110
968,12,20,132,122,3,44,130,33,138
968,13,14,98,2,25,6,126,131,20
968,14,41,86,84,78,66,107,9,63
968,15,34,20,13,109,83,11,142,7
968,16,101,22,51,87,54,126,98,9
968,17,56,46,58,52,103,12,55,80
968,18,35,52,31,116,44,106,93,27
968,19,57,63,37,59,11,119,21,61
968,20,54,130,129,76,135,65,60,63
968,21,6,10,138,36,79,70,134,107
968,22,21,119,15,123,67,78,46,14
968,23,117,34,128,112,11,13,87,102
968,24,109,48,127,119,69,36,84,4
968,25,74,101,36,113,4,5,125,106
968,26,24,25,65,46,131,26,12,53
968,27,55,65,33,49,128,58,24,12
968,28,105,133,38,107,5,97,106,21
968,29,119,104,121,15,62,22,25,69
968,30,46,28,112,138,110,141,30,86
968,31,22,85,2,10,9,19,135,45
968,32,20,99,42,33,59,88,104,84
968,33,62,4,65,15,88,73,85,127
968,34,99,98,40,127,3,52,55,114
968,35,45,84,140,86,21,94,63,14
968,36,82,121,48,39,5,143,107,43
968,37,16,134,36,53,109,94,104,45
968,38,142,136,119,30,141,55,131,70
968,39,92,43,57,2,90,0,44,115
968,40,130,84,40,2,140,71,106,68
968,41,33,13,94,122,102,77,15,123
968,42,107,8,78,41,95,103,48,27
968,43,74,81,108,118,40,63,60,59
968,44,16,71,122,142,67,114,0,135
969,3,98,5,41,138,39,90,57,43
969,4,129,99,100,61,88,83,124,18
969,5,0,86,6,26,76,25,75,36
969,6,56,16,95,9,46,109,40,61
969,7,136,116,71,18,93,132,11,87
969,8,88,75,0,124,68,61,47,40
969,9,136,15,12,47,41,13,60,46
969,10,53,122,47,19,38,58,50,130
969,11,58,67,116,75,3,29,73,51
969,12,33,57,132,24,130,138,125,114
969,13,99,27,136,91,41,74,12,43
969,14,126,63,113,123,35,103,1,82
969,15,143,32,45,43,117,69,60,83
969,16,78,11,63,118,33,134,4,54
969,17,83,58,56,122,43,89,1,92
969,18,42,52,31,106,39,27,93,65
969,19,63,10,90,119,79,22,9,27
969,20,114,63,76,98,130,110,78,100
969,21,10,139,22,32,104,79,19,37
969,22,39,21,7,105,10,6,43,14
969,23,93,25,117,130,89,112,29,78
969,24,106,39,130,66,69,109,21,36
969,25,74,113,7,125,22,112,42,55
969,26,131,61,25,137,40,45,76,46
969,27,49,55,50,104,13,79,92,128
969,28,107,133,97,56,38,124,25,5
969,29,119,104,23,68,13,73,103,10
969,30,46,112,106,86,18,62,77,131
969,31,22,141,10,35,84,127,85,133
969,32,20,123,33,104,88,74,10,32
969,33,62,15,23,85,56,67,73,86
969,34,99,79,52,43,143,64,120,107
969,35,73,97,77,87,103,138,78,63
969,36,82,110,43,124,96,133,23,121
969,37,83,16,109,61,63,74,45,119
969,38,143,104,131,142,136,119,9,18
969,39,115,44,81,114,76,15,108,57
969,40,84,44,2,106,4,130,142,92
969,41,42,115,33,127,44,13,19,77
969,42,107,8,78,42,27,95,72,14
969,43,20,74,66,68,37,104,120,83
969,44,67,32,97,62,75,71,73,108
970,3,19,107,85,143,25,115,2,57
970,4,70,101,102,93,113,136,87,65
970,5,136,140,110,44,116,21,106,14
970,6,6,107,123,28,136,110,104,73
970,7,42,0,6,18,137,80,12,78
970,8,18,35,39,50,95,122,133,43
970,9,16,12,41,11,43,27,13,113
970,10,113,122,8,19,60,141,44,106
970,11,36,83,85,20,133,140,35,97
970,12,31,14,134,132,24,130,0,138
970,13,81,120,51,34,1,78,99,33
970,14,53,48,14,63,117,128,109,35
970,15,143,108,60,58,103,43,79,123
970,16,48,63,4,54,126,119,115,30
970,17,115,56,36,128,71,1,105,55
970,18,39,143,106,44,116,42,123,1
970,19,63,119,10,79,52,22,114,61
970,20,65,52,71,129,42,131,102,38
970,21,46,10,84,77,0,107,19,17
970,22,21,136,101,29,1,80,67,54
970,23,48,117,128,11,112,69,99,64
970,24,130,69,8,18,109,101,82,103
970,25,74,42,113,125,55,40,20,19
970,26,61,25,111,39,68,53,3,15
970,27,109,13,62,79,101,128,54,49
970,28,107,42,35,133,104,12,116,8
970,29,104,13,110,90,119,87,103,73
970,30,46,109,141,86,77,17,73,44
970,31,91,22,2,17,85,10,35,135
970,32,20,30,33,99,136,104,123,15
970,33,62,75,65,85,23,67,29,20
970,34,99,79,52,120,68,134,88,67
970,35,109,94,78,23,14,132,46,80
970,36,48,95,6,23,139,96,140,90
970,37,63,94,45,16,18,109,119,72
970,38,62,20,115,45,131,18,41,54
970,39,114,87,88,137,89,25,121,67
970,40,2,25,4,92,126,130,27,39
970,41,19,42,111,86,44,118,115,123
970,42,25,103,53,115,124,5,127,67
970,43,20,74,65,53,70,66,107,54
970,44,75,5,74,62,59,63,118,45
971,3,126,46,52,54,45,134,94,113
971,4,85,56,119,89,2,11,116,34
971,5,129,67,7,138,115,89,118,106
971,6,32,61,7,118,35,78,52,71
971,7,91,93,74,121,92,132,131,110
971,8,112,137,105,133,124,9,95,26
971,9,64,52,32,137,109,130,143,29
971,10,56,119,87,65,24,82,123,50
971,11,102,6,3,106,110,24,13,98
971,12,31,44,20,3,132,33,90,41
971,13,29,14,98,25,43,6,87,35
971,14,84,86,49,78,63,107,113,47
971,15,20,143,83,34,109,135,131,43
971,16,51,101,109,126,87,43,0,54
971,17,56,55,52,116,87,74,103,90
971,18,119,31,103,91,106,35,86,55
971,19,37,59,79,77,136,131,3,140
971,20,135,93,121,31,129,53,38,19
971,21,65,107,132,63,135,103,109,85
971,22,15,106,46,33,82,90,127,126
971,23,80,128,64,117,60,134,87,23
971,24,69,63,103,0,32,107,126,140
971,25,74,86,115,85,88,54,70,139
971,26,97,7,109,113,98,68,66,27
971,27,97,104,108,84,121,132,124,137
971,28,106,136,67,126,98,46,94,137
971,29,42,48,116,121,88,138,29,38
971,30,46,29,125,114,116,75,41,105
971,31,100,125,1,85,10,83,80,102
971,32,4,80,85,130,37,142,25,104
971,33,86,39,142,72,48,85,24,106
971,34,40,83,75,30,116,26,79,36
971,35,127,85,102,16,69,65,63,140
971,36,5,15,138,48,99,116,51,50
971,37,95,45,127,8,135,91,130,15
971,38,51,68,117,32,44,109,40,62
971,39,92,104,5,86,97,22,60,87
971,40,126,2,53,77,46,59,113,32
971,41,68,27,42,54,116,86,26,50
971,42,89,107,97,113,1,70,41,32
971,43,74,65,131,66,78,93,27,127
971,44,5,112,95,61,16,129,99,65
972,3,141,34,81,45,121,40,56,24
972,4,110,38,13,77,39,31,53,48
972,5,72,117,125,91,65,89,82,37
972,6,16,142,74,4,18,138,85,120
972,7,108,87,89,99,57,93,15,71
972,8,63,45,121,33,114,107,75,43
972,9,56,136,130,116,64,87,109,75
972,10,51,57,66,42,53,24,49,50
972,11,102,6,132,8,129,44,138,64
972,12,131,20,44,132,137,55,110,93
972,13,6,19,14,143,116,13,42,102
972,14,49,78,138,32,84,55,45,107
972,15,20,112,11,59,3,34,68,127
972,16,101,126,108,45,87,46,83,3
972,17,55,116,90,117,103,87,80,56
972,18,119,122,90,9,103,91,11,37
972,19,37,136,118,21,140,128,8,0
972,20,31,135,93,53,2,69,46,140
972,21,109,105,63,107,65,115,132,103
972,22,106,46,82,33,71,59,24,15
972,23,60,80,128,19,134,41,28,6
972,24,140,0,32,107,103,126,69,94
972,25,85,70,54,138,139,88,24,109
972,26,79,130,135,113,44,132,30,27
972,27,121,46,137,125,131,11,58,30
972,28,67,126,86,106,98,94,61,52
972,29,48,42,116,38,29,43,121,111
972,30,125,105,116,75,114,19,11,46
972,31,1,78,102,108,101,125,90,94
972,32,130,80,85,25,118,142,2,60
972,33,142,39,43,17,65,41,112,85
972,34,82,75,63,91,104,26,9,125
972,35,127,140,83,70,57,125,76,136
972,36,99,15,51,138,17,13,78,18
972,37,99,127,8,135,15,45,3,36
972,38,51,68,93,32,44,109,136,134
972,39,104,22,134,15,135,60,5,140
972,40,53,126,61,129,55,24,62,5
972,41,90,68,116,25,54,45,39,86
972,42,113,70,69,107,8,37,97,36
972,43,49,126,112,25,78,93,111,47
972,44,61,113,112,118,122,44,24,52
973,3,57,4,122,66,51,63,125,134
973,4,81,137,142,13,130,31,90,51
973,5,70,87,125,122,89,36,33,143
973,6,48,45,142,109,18,16,82,42
973,7,55,91,126,40,41,93,70,38
973,8,45,127,51,32,33,117,66,4
973,9,84,33,70,24,92,87,118,116
973,10,82,33,66,129,109,97,106,69
973,11,111,97,44,47,117,16,72,102
973,12,85,7,116,129,48,113,41,138
973,13,120,134,121,64,6,103,75,130
973,14,25,3,31,29,85,79,76,17
973,15,103,104,89,20,59,65,118,17
973,16,126,14,89,47,101,82,3,91
973,17,59,25,24,55,45,30,90,38
973,18,20,119,139,9,66,11,1,103
973,19,8,136,128,140,37,54,77,21
973,20,45,135,53,37,46,65,31,129
973,21,46,115,107,87,77,1,110,63
973,22,63,71,11,24,106,59,116,15
973,23,46,128,125,60,140,38,134,98
973,24,107,69,16,140,13,46,19,103
973,25,74,138,85,115,86,139,109,130
973,26,97,34,132,27,89,109,90,137
973,27,125,45,94,46,108,11,104,47
973,28,7,66,91,90,94,5,52,71
973,29,59,105,44,116,138,51,84,121
973,30,130,92,24,93,22,11,99,46
973,31,75,120,80,3,125,45,94,14
973,32,141,72,21,118,20,78,104,92
973,33,43,86,34,39,106,35,48,130
973,34,117,63,30,83,40,91,104,16
973,35,127,140,129,16,70,67,62,120
973,36,135,138,52,61,17,44,77,116
973,37,99,52,77,40,36,3,95,56
973,38,51,93,68,29,33,108,48,47
973,39,50,28,135,46,115,39,5,22
973,40,129,110,75,124,116,111,59,133
973,41,90,47,68,28,139,86,26,54
973,42,13,63,30,8,26,107,48,36
973,43,57,110,111,143,52,91,93,25
973,44,7,86,44,22,80,0,41,59
974,3,29,120,49,3,43,104,42,39
974,4,86,19,68,126,76,63,90,120
974,5,18,95,115,89,105,139,52,23
974,6,96,136,55,46,139,73,53,90
974,7,110,50,125,86,131,18,45,93
974,8,64,122,49,46,39,0,14,80
974,9,21,83,79,71,116,34,60,94
974,10,94,106,83,1,73,139,126,89
974,11,2,89,22,112,49,27,140,99
974,12,142,103,127,129,41,120,138,8
974,13,134,27,120,106,49,54,38,57
974,14,76,80,7,40,71,18,32,72
974,15,120,35,104,81,93,111,98,94
974,16,79,121,133,0,91,55,86,112
974,17,59,77,38,45,13,30,34,43
974,18,124,20,132,141,86,122,75,69
974,19,140,95,136,5,72,32,77,0
974,20,6,45,135,46,52,17,37,12
974,21,117,87,110,73,46,85,28,58
974,22,71,63,35,11,54,19,99,77
974,23,130,56,31,38,140,89,8,131
974,24,92,107,100,46,69,60,128,13
974,25,122,98,66,138,109,23,74,62
974,26,119,96,108,99,132,34,89,126
974,27,45,5,58,138,46,47,94,11
974,28,75,71,120,118,140,52,130,5
974,29,11,34,137,63,46,113,73,87
974,30,11,48,19,46,42,8,83,92
974,31,76,36,130,126,39,4,6,14
974,32,29,106,20,76,22,62,36,24
974,33,99,106,19,31,86,13,39,89
974,34,103,14,135,117,132,3,115,101
974,35,119,28,127,48,47,67,133,123
974,36,72,123,61,69,92,108,102,110
974,37,115,76,19,97,3,95,126,84
974,38,68,93,100,18,15,47,136,88
974,39,39,135,92,119,28,102,103,6
974,40,121,43,66,132,72,59,27,40
974,41,68,97,28,112,128,21,82,46
974,42,55,107,8,26,76,126,36,113
974,43,110,64,104,112,47,25,97,96
974,44,130,24,124,80,83,49,17,141
975,3,81,141,10,54,90,14,127,63
975,4,103,40,22,136,90,93,37,19
975,5,123,72,80,14,109,78,70,95
975,6,106,30,121,138,78,39,44,59
975,7,53,124,57,98,33,5,39,70
975,8,31,7,81,46,42,95,109,1
975,9,103,93,109,89,92,35,142,46
975,10,65,111,104,114,69,101,89,4
975,11,78,102,91,10,104,0,71,29
975,12,67,36,71,0,7,13,103,127
975,13,36,54,27,52,141,70,6,38
975,14,114,80,40,18,103,25,67,65
975,15,11,25,121,43,115,91,47,24
975,16,6,57,79,74,118,119,125,47
975,17,38,72,59,16,45,50,43,111
975,18,132,114,122,12,124,141,25,20
975,19,95,32,9,140,77,91,22,100
975,20,105,79,46,143,104,21,6,41
975,21,117,110,113,72,73,28,85,92
975,22,37,12,54,19,118,91,71,35
975,23,91,47,137,112,62,48,124,98
975,24,52,46,120,114,59,138,69,19
975,25,86,87,115,34,38,113,10,93
975,26,97,47,92,143,99,126,77,48
975,27,108,8,97,58,140,132,106,103
975,28,48,45,120,27,63,38,57,125
975,29,25,0,3,62,103,34,115,100
975,30,115,71,21,121,46,133,87,42
975,31,62,124,136,26,41,100,113,130
975,32,57,0,60,78,142,12,29,83
975,33,86,129,11,140,39,142,66,48
975,34,29,30,83,63,91,79,64,36
975,35,48,140,81,127,25,9,124,95
975,36,17,48,7,116,61,140,143,113
975,37,101,77,111,128,30,23,99,98
975,38,93,111,0,134,114,74,32,120
975,39,97,22,115,5,135,137,87,39
975,40,71,140,131,23,5,32,129,133
975,41,63,28,87,40,68,56,120,6
975,42,78,20,8,107,34,123,0,115
975,43,95,15,123,6,142,120,139,110
975,44,70,95,128,33,31,76,139,10
976,3,46,102,85,54,38,8,96,143
976,4,116,93,27,11,100,33,104,125
976,5,56,87,110,26,70,136,142,122
976,6,45,134,53,138,65,72,19,8
976,7,108,11,72,18,85,22,23,140
976,8,79,56,53,9,1,25,8,10
976,9,7,71,0,64,125,34,23,60
976,10,82,38,74,139,79,69,61,116
976,11,135,85,21,30,2,67,113,78
976,12,53,96,8,111,140,103,1,32
976,13,122,30,95,41,100,71,77,90
976,14,112,73,63,106,103,83,42,79
976,15,71,102,90,43,91,80,22,24
976,16,54,143,55,19,6,106,63,82
976,17,16,39,111,8,91,77,87,12
976,18,137,135,1,116,118,42,106,46
976,19,9,13,133,119,63,72,65,62
976,20,52,1,76,65,120,24,46,58
976,21,117,120,110,112,111,80,43,29
976,22,85,19,99,29,37,20,31,54
976,23,85,105,16,97,62,137,112,77
976,24,117,121,52,69,29,97,6,46
976,25,86,87,103,118,125,90,61,34
976,26,58,97,92,77,57,68,12,47
976,27,97,140,63,106,62,17,128,8
976,28,45,69,38,8,118,61,89,25
976,29,115,0,124,25,19,51,47,11
976,30,96,46,121,131,119,115,68,66
976,31,131,41,124,100,96,62,136,134
976,32,78,124,83,94,120,37,74,29
976,33,28,13,128,86,99,39,138,20
976,34,30,29,98,105,54,47,19,35
976,35,95,48,47,57,127,131,143,10
976,36,48,125,17,14,89,113,84,104
976,37,27,111,51,104,101,84,95,121
976,38,111,136,59,20,70,112,41,67
976,39,2,5,17,42,118,137,79,40
976,40,40,70,36,63,92,32,39,78
976,41,68,108,27,17,15,26,103,89
976,42,78,120,42,140,10,119,5,8
976,43,117,7,83,97,25,111,79,1
976,44,17,93,135,24,130,47,79,45
977,3,54,86,30,109,125,45,39,43
977,4,44,22,40,6,33,75,107,9
977,5,67,52,6,104,35,105,131,60
977,6,110,19,37,89,123,55,23,138
977,7,45,53,85,81,134,130,93,22
977,8,50,79,53,85,75,76,109,72
977,9,90,51,130,102,75,49,40,84
977,10,29,81,1,110,138,139,109,20
977,11,10,30,89,112,135,95,33,86
977,12,14,111,96,129,53,32,1,133
977,13,1,95,122,111,30,28,51,34
977,14,63,89,83,73,74,47,114,51
977,15,22,58,90,113,35,126,71,41
977,16,97,54,143,106,83,22,85,93
977,17,77,16,79,126,96,80,106,47
977,18,116,23,137,135,118,42,1,47
977,19,13,119,133,9,65,31,20,62
977,20,76,115,65,24,131,86,22,1
977,21,59,64,106,111,112,100,139,54
977,22,29,21,134,85,55,31,5,101
977,23,85,142,77,69,129,105,68,24
977,24,69,137,129,97,68,72,117,105
977,25,86,115,74,118,90,103,117,87
977,26,97,85,99,93,82,58,138,113
977,27,97,108,25,84,120,8,4,140
977,28,69,6,137,119,136,109,132,40
977,29,124,0,19,18,121,11,122,78
977,30,139,20,46,133,29,121,34,96
977,31,100,124,131,125,6,134,90,136
977,32,78,34,19,37,55,72,0,120
977,33,86,39,58,97,89,57,101,120
977,34,105,30,83,143,29,16,40,129
977,35,127,66,123,143,41,13,48,65
977,36,48,14,86,135,89,5,116,113
977,37,95,108,17,51,54,50,121,111
977,38,71,32,24,34,111,143,60,27
977,39,87,63,127,92,13,55,135,45
977,40,31,9,110,77,33,71,70,68
977,41,27,68,52,20,115,23,93,102
977,42,78,8,36,42,103,52,41,105
977,43,58,111,25,97,91,7,32,39
977,44,105,130,126,79,80,135,24,62
978,3,24,91,29,25,19,88,7,38
978,4,3,117,125,62,16,90,133,84
978,5,115,87,128,7,88,8,14,60
978,6,11,89,44,119,1,20,59,116
978,7,92,49,132,43,121,5,21,128
978,8,107,124,73,35,56,139,88,41
978,9,45,27,71,115,78,98,5,64
978,10,20,5,73,133,80,85,53,59
978,11,30,12,67,108,29,82,137,52
978,12,96,65,103,112,32,14,95,140
978,13,1,100,112,10,15,90,4,17
978,14,63,72,73,103,0,104,117,13
978,15,22,32,93,90,8,70,123,60
978,16,54,97,106,28,56,143,93,12
978,17,16,77,87,96,101,79,29,80
978,18,1,116,103,141,86,132,106,137
978,19,9,95,102,13,122,140,100,32
978,20,46,35,129,52,65,135,1,136
978,21,107,117,110,45,54,120,52,135
978,22,54,31,19,29,15,33,63,42
978,23,85,80,125,128,112,105,30,133
978,24,137,126,142,107,18,69,105,60
978,25,87,98,86,136,114,88,85,71
978,26,93,97,99,123,132,34,126,107
978,27,108,84,76,86,121,25,133,97
978,28,137,119,120,127,130,69,63,135
978,29,0,19,49,103,123,44,33,124
978,30,63,20,139,11,44,125,121,133
978,31,6,125,1,26,136,100,36,14
978,32,19,34,62,118,36,0,83,20
978,33,86,138,142,57,125,39,89,143
978,34,105,70,137,117,29,64,143,62
978,35,123,127,54,66,119,13,67,32
978,36,48,72,14,104,99,34,5,143
978,37,51,10,96,99,108,17,95,77
978,38,71,111,86,24,32,93,129,68
978,39,6,87,135,55,39,92,12,7
978,40,63,71,123,96,122,9,81,91
978,41,27,68,52,48,130,61,102,111
978,42,78,89,87,23,8,105,53,52
978,43,65,55,110,111,106,100,93,112
978,44,126,5,30,142,40,24,80,117
979,3,141,69,80,13,90,18,11,53
979,4,13,44,102,2,34,25,91,90
979,5,72,30,104,58,66,74,68,23
979,6,62,24,142,48,59,120,47,20
979,7,108,117,122,50,53,12,39,87
979,8,114,104,121,43,127,81,46,31
979,9,56,109,83,81,20,130,112,86
979,10,51,57,103,9,69,24,70,20
979,11,101,102,108,106,10,0,15,39
979,12,131,127,0,57,36,21,71,111
979,13,27,54,6,63,92,23,78,127
979,14,49,80,91,2,24,123,55,82
979,15,112,20,2,11,68,80,35,77
979,16,79,45,101,47,76,57,74,108
979,17,72,16,87,38,30,117,39,74
979,18,132,141,124,114,103,11,73,0
979,19,32,95,77,105,100,136,140,116
979,20,46,6,35,17,93,104,129,71
979,21,85,28,74,107,117,110,52,87
979,22,19,54,46,71,63,118,12,114
979,23,125,97,80,112,128,104,88,30
979,24,126,107,32,142,60,128,100,114
979,25,98,85,88,74,87,138,70,86
979,26,97,7,132,27,126,89,34,93
979,27,108,97,133,130,45,94,76,86
979,28,119,137,120,80,127,69,63,10
979,29,44,0,49,19,103,100,123,95
979,30,63,125,11,133,20,29,139,121
979,31,1,6,26,125,45,36,100,90
979,32,0,34,62,19,29,60,22,78
979,33,86,142,39,57,106,46,143,19
979,34,105,41,29,117,14,70,40,47
979,35,127,123,28,54,119,16,66,126
979,36,72,99,5,14,67,8,71,124
979,37,10,99,95,96,102,8,77,56
979,38,71,93,68,32,111,40,24,100
979,39,6,135,92,119,87,63,62,7
979,40,71,123,9,96,27,133,121,91
979,41,68,52,116,61,72,112,54,86
979,42,113,8,55,87,143,123,26,52
979,43,55,110,111,104,47,93,42,139
979,44,30,80,24,124,130,55,52,76
980,3,8,30,94,87,17,108,128,93
980,4,9,91,99,120,133,15,7,74
980,5,125,120,141,5,15,110,75,134
980,6,117,53,105,65,55,34,80,6
980,7,85,42,0,134,83,132,6,20
980,8,88,85,1,101,0,3,108,60
980,9,23,92,129,8,0,36,58,81
980,10,139,116,1,110,76,138,114,81
980,11,75,104,2,135,89,123,20,100
980,12,8,76,36,120,103,140,0,65
980,13,4,3,134,2,132,27,34,77
980,14,89,7,42,63,60,79,80,74
980,15,111,41,9,35,126,99,117,15
980,16,143,55,54,53,106,119,79,47
980,17,41,26,38,113,45,80,16,109
980,18,116,128,1,135,55,126,106,86
980,19,133,102,31,138,119,91,84,52
980,20,52,0,22,42,65,131,120,58
980,21,49,72,117,112,107,110,111,54
980,22,85,35,29,25,71,18,0,19
980,23,16,67,142,69,131,90,11,31
980,24,128,71,121,114,46,43,12,59
980,25,86,90,74,125,103,126,5,122
980,26,97,1,133,138,77,75,123,113
980,27,8,97,120,84,17,103,108,4
980,28,23,109,118,90,136,1,27,38
980,29,11,124,133,63,7,19,26,39
980,30,46,121,48,29,42,43,103,62
980,31,100,22,113,124,45,80,10,9
980,32,55,84,134,20,37,72,78,139
980,33,86,112,123,40,89,39,13,69
980,34,56,83,29,117,28,116,30,36
980,35,127,65,13,143,69,119,31,28
980,36,130,40,86,104,113,8,9,44
980,37,95,54,104,51,33,17,9,75
980,38,71,143,68,32,60,18,141,136
980,39,100,127,92,45,87,130,68,18
980,40,33,110,109,70,69,91,40,122
980,41,68,27,109,102,32,103,99,129
980,42,33,84,8,129,96,107,26,52
980,43,140,33,118,111,25,48,110,94
980,44,20,105,99,62,24,79,17,135
981,3,125,143,121,129,77,25,89,120
981,4,52,16,22,21,90,143,106,42
981,5,136,31,65,73,105,142,18,52
981,6,83,122,44,76,123,110,80,73
981,7,2,20,128,127,80,70,132,42
981,8,122,10,8,89,21,25,83,46
981,9,14,12,48,76,121,108,46,4
981,10,52,73,138,72,23,94,84,9
981,11,67,108,20,137,9,22,128,13
981,12,58,140,96,65,8,18,63,103
981,13,4,71,11,77,41,53,120,116
981,14,63,89,53,142,74,82,73,117
981,15,52,41,9,58,93,32,126,104
981,16,56,122,143,53,54,85,77,110
981,17,113,41,26,80,79,16,110,109
981,18,116,128,1,126,135,137,10,118
981,19,133,31,102,138,119,52,65,33
981,20,42,22,52,65,84,58,131,105
981,21,49,104,107,1,111,77,54,31
981,22,0,29,15,102,100,55,26,31
981,23,142,88,50,30,80,134,69,29
981,24,71,37,130,137,69,105,94,12
981,25,86,88,85,93,74,125,34,65
981,26,97,113,7,130,93,123,126,1
981,27,97,108,124,121,128,45,86,120
981,28,137,40,67,127,130,23,93,36
981,29,33,44,49,19,78,42,64,0
981,30,20,139,135,103,105,122,42,133
981,31,136,83,100,6,34,14,9,109
981,32,34,118,85,84,4,129,83,109
981,33,86,112,57,51,142,143,38,80
981,34,28,117,137,116,29,36,60,2
981,35,86,127,123,4,111,85,67,76
981,36,51,104,15,5,67,143,78,25
981,37,112,10,108,135,3,98,8,102
981,38,109,22,68,71,41,129,62,88
981,39,87,10,135,140,92,39,41,130
981,40,123,81,65,109,71,9,113,53
981,41,68,86,112,26,70,98,18,111
981,42,23,8,87,113,97,123,83,107
981,43,121,55,111,104,47,94,32,98
981,44,129,30,116,80,24,20,130,92
982,3,11,45,74,26,94,13,56,63
982,4,46,110,81,77,87,44,136,4
982,5,43,45,58,75,25,134,143,35
982,6,78,130,68,121,142,97,34,139
982,7,24,98,87,50,119,123,71,105
982,8,126,33,84,116,43,124,40,118
982,9,9,30,141,134,143,95,69,118
982,10,102,42,127,49,69,65,24,125
982,11,120,6,8,138,64,15,4,123
982,12,11,137,55,131,6,142,71,103
982,13,6,42,19,96,46,134,66,59
982,14,138,69,143,100,78,74,63,139
982,15,59,66,3,135,106,131,127,80
982,16,101,87,108,46,83,0,133,79
982,17,116,30,138,117,59,90,13,136
982,18,103,119,11,122,141,124,72,69
982,19,136,118,77,71,128,131,95,24
982,20,31,53,135,52,69,46,129,140
982,21,105,109,107,52,63,115,132,119
982,22,33,106,82,22,98,15,80,126
982,23,80,60,19,134,41,128,6,28
982,24,140,0,94,103,22,86,20,107
982,25,70,54,85,139,66,107,24,6
982,26,79,135,130,44,30,35,27,113
982,27,121,46,82,88,11,135,137,30
982,28,98,126,86,67,135,64,51,46
982,29,42,48,38,29,121,116,108,128
982,30,114,105,75,116,11,80,133,21
982,31,102,78,108,51,48,135,126,94
982,32,130,118,80,25,12,32,112,4
982,33,67,142,71,138,68,135,137,30
982,34,82,92,75,125,63,20,104,38
982,35,76,127,136,10,138,140,85,59
982,36,51,15,79,13,69,37,18,90
982,37,135,127,99,139,36,3,45,123
982,38,97,68,109,42,84,18,141,20
982,39,104,134,22,140,4,135,73,101
982,40,24,55,53,61,126,81,44,78
982,41,25,54,45,39,86,68,139,21
982,42,69,70,107,8,47,1,26,113
982,43,49,78,126,93,116,52,54,70
982,44,113,118,61,112,34,141,48,95
983,3,100,42,14,13,122,90,45,74
983,4,64,108,88,87,65,130,74,60
983,5,59,83,21,107,103,1,46,17
983,6,42,66,87,46,16,92,113,74
983,7,19,109,98,71,15,129,123,132
983,8,4,135,68,26,139,49,40,32
983,9,118,129,70,92,132,142,117,76
983,10,33,64,44,24,69,142,101,76
983,11,117,49,47,111,104,9,46,29
983,12,89,85,95,113,67,119,33,11
983,13,134,6,38,103,111,46,75,106
983,14,85,3,138,40,18,66,65,69
983,15,54,1,38,88,103,25,131,143
983,16,40,89,112,82,14,18,43,113
983,17,30,85,32,116,34,138,25,103
983,18,9,119,122,103,91,115,69,140
983,19,71,118,73,131,140,42,136,32
983,20,69,140,2,84,31,106,79,109
983,21,115,9,63,96,72,109,105,49
983,22,98,106,59,109,22,143,33,63
983,23,134,98,19,60,41,101,80,77
983,24,28,103,27,140,56,49,53,16
983,25,66,6,107,141,139,24,118,62
983,26,84,79,35,94,77,141,91,126
983,27,46,82,121,135,85,103,38,88
983,28,64,51,91,135,7,121,52,25
983,29,77,69,42,126,51,116,87,75
983,30,76,13,24,99,133,67,21,74
983,31,77,127,29,79,51,3,101,143
983,32,112,41,56,92,115,36,27,81
983,33,98,67,52,135,68,84,106,112
983,34,140,92,125,76,30,20,38,117
983,35,62,127,9,76,120,12,140,70
983,36,79,37,69,138,108,62,29,1
983,37,72,75,99,114,6,133,77,123
983,38,97,42,50,68,33,108,84,20
983,39,4,120,73,46,105,135,26,101
983,40,55,24,90,116,44,81,17,137
983,41,51,54,47,139,66,86,55,2
983,42,28,95,21,47,30,0,26,5
983,43,87,91,59,52,10,80,63,58
983,44,22,102,86,87,0,42,55,135
984,3,10,17,11,42,32,19,75,9
984,4,85,121,64,91,90,118,133,136
984,5,89,137,64,139,59,2,133,4
984,6,13,75,105,61,121,48,57,16
984,7,125,100,39,129,19,15,30,50
984,8,59,32,111,118,98,33,81,103
984,9,24,97,129,38,142,92,37,32
984,10,104,136,19,69,137,106,133,79
984,11,49,47,134,46,23,104,137,129
984,12,89,95,18,119,41,113,22,71
984,13,134,130,128,6,101,19,13,122
984,14,106,85,83,27,141,60,40,18
984,15,1,16,11,110,18,133,69,118
984,16,18,112,82,125,40,110,14,133
984,17,85,30,55,25,24,34,37,12
984,18,23,122,69,9,20,132,139,11
984,19,73,136,32,21,1,140,27,138
984,20,2,73,63,39,52,135,79,106
984,21,115,107,110,63,32,113,22,96
984,22,109,98,63,59,104,135,23,78
984,23,56,41,89,98,130,54,140,134
984,24,28,138,13,90,103,27,49,122
984,25,66,107,141,24,118,139,60,62
984,26,35,77,84,27,91,79,109,45
984,27,46,135,121,82,5,85,47,11
984,28,64,91,135,121,51,52,71,7
984,29,77,51,121,98,69,116,75,103
984,30,99,13,76,89,21,133,11,74
984,31,77,87,94,104,3,88,126,56
984,32,92,90,112,66,3,39,105,104
984,33,98,106,34,137,39,85,112,67
984,34,140,92,76,125,38,30,117,20
984,35,120,127,76,62,12,140,70,39
984,36,79,37,69,138,29,62,9,15
984,37,72,99,75,114,95,125,77,105
984,38,33,68,42,108,20,84,50,18
984,39,46,4,73,135,26,97,15,101
984,40,24,137,55,116,44,57,17,72
984,41,51,54,139,66,86,21,48,58
984,42,21,30,47,26,28,36,107,73
984,43,63,108,10,52,91,87,77,110
984,44,81,0,42,86,22,135,17,82
985,3,105,41,5,108,55,25,68,79
985,4,61,126,107,20,24,15,86,33
985,5,89,55,28,13,64,44,143,37
985,6,134,86,75,77,87,48,44,52
985,7,5,125,30,134,70,15,137,123
985,8,47,129,35,46,39,33,3,98
985,9,15,51,115,97,60,88,71,117
985,10,19,37,133,20,79,69,27,21
985,11,7,49,104,62,121,66,33,19
985,12,119,99,95,13,33,89,37,24
985,13,5,128,101,134,127,91,80,132
985,14,36,141,113,108,40,127,76,91
985,15,1,143,97,120,25,39,6,69
985,16,112,125,88,23,43,76,20,118
985,17,30,55,34,88,1,92,43,12
985,18,140,9,91,122,70,113,115,69
985,19,73,138,42,27,0,32,68,1
985,20,63,2,135,52,73,106,45,62
985,21,113,87,132,107,48,23,71,130
985,22,98,141,23,119,42,78,135,63
985,23,89,130,56,126,101,31,134,16
985,24,28,89,138,134,49,122,27,69
985,25,66,51,22,109,60,107,141,74
985,26,96,35,77,27,108,137,44,0
985,27,121,47,46,5,135,38,130,88
985,28,140,52,71,64,121,118,106,5
985,29,6,46,137,97,121,103,75,108
985,30,132,38,89,11,120,74,83,80
985,31,87,39,136,94,61,51,88,41
985,32,90,39,106,23,68,114,29,24
985,33,87,106,83,137,39,141,8,112
985,34,76,38,47,92,103,36,23,41
985,35,127,47,12,117,125,63,39,138
985,36,108,69,9,29,88,61,131,77
985,37,76,95,110,36,134,3,19,105
985,38,92,68,120,93,11,140,135,20
985,39,119,131,87,140,135,84,44,92
985,40,72,27,87,94,91,50,40,69
985,41,67,97,58,124,107,22,89,21
985,42,12,26,107,36,1,8,52,55
985,43,52,15,70,56,103,107,116,120
985,44,24,17,80,135,76,83,124,38
986,3,57,4,109,130,63,12,86,51
986,4,81,137,15,100,136,83,118,102
986,5,87,122,94,140,104,128,92,55
986,6,48,18,134,8,16,132,98,118
986,7,55,91,4,39,80,50,109,125
986,8,127,45,51,26,37,98,134,103
986,9,33,24,133,13,116,108,87,117
986,10,109,103,1,82,9,97,12,79
986,11,97,89,88,75,69,117,79,100
986,12,129,7,95,113,29,85,116,103
986,13,120,121,134,101,116,132,122,131
986,14,25,109,29,36,31,141,2,40
986,15,104,103,1,35,91,89,143,88
986,16,4,126,83,125,86,47,43,133
986,17,59,111,30,55,25,6,51,109
986,18,119,103,140,9,73,91,106,21
986,19,136,37,140,131,8,118,1,94
986,20,135,129,45,121,2,38,71,53
986,21,46,107,135,132,87,23,19,110
986,22,63,15,98,80,141,143,13,11
986,23,56,128,80,30,98,117,77,101
986,24,107,49,92,69,60,103,37,100
986,25,66,85,109,24,11,100,94,139
986,26,89,137,108,34,27,113,77,134
986,27,121,46,130,82,135,5,47,45
986,28,64,137,140,90,52,135,94,139
986,29,116,35,134,90,121,28,103,46
986,30,92,89,11,132,20,110,66,52
986,31,45,75,107,6,94,31,32,80
986,32,141,39,85,36,114,118,64,34
986,33,83,106,51,87,142,135,85,30
986,34,117,41,76,92,38,25,70,137
986,35,54,127,12,1,123,13,39,117
986,36,29,135,106,6,107,9,138,37
986,37,134,96,36,10,3,99,105,95
986,38,92,24,140,93,68,136,65,51
986,39,87,63,135,119,55,6,14,137
986,40,110,94,123,24,129,27,44,50
986,41,128,61,139,58,26,107,88,89
986,42,58,12,26,23,113,55,32,1
986,43,52,121,70,58,120,60,104,139
986,44,80,105,135,124,130,30,141,129
987,3,49,13,11,82,2,29,74,63
987,4,49,77,96,79,88,102,87,22
987,5,45,49,95,134,89,25,110,13
987,6,121,101,142,97,85,118,52,34
987,7,24,119,98,134,33,130,15,101
987,8,94,135,126,41,72,118,26,33
987,9,53,30,46,81,42,92,141,117
987,10,125,49,42,41,87,73,69,24
987,11,64,120,97,121,113,99,39,9
987,12,11,16,95,55,7,67,54,143
987,13,6,19,134,20,101,96,68,143
987,14,138,69,78,20,40,47,18,139
987,15,3,87,38,1,51,25,44,9
987,16,131,46,112,113,58,22,70,31
987,17,100,116,30,138,55,129,59,131
987,18,119,103,122,9,140,11,23,51
987,19,131,118,136,71,94,21,73,100
987,20,140,69,2,31,73,135,19,62
987,21,105,63,34,68,96,109,107,4
987,22,126,22,33,140,79,98,15,106
987,23,19,60,132,80,41,70,6,115
987,24,74,96,140,0,103,86,79,69
987,25,59,54,66,109,139,70,76,62
987,26,30,79,0,113,15,37,13,45
987,27,131,33,137,46,128,135,56,77
987,28,33,106,20,67,46,98,126,83
987,29,42,74,130,48,121,111,87,29
987,30,38,114,126,75,70,89,110,72
987,31,8,39,127,108,130,85,121,15
987,32,117,80,57,87,92,130,25,125
987,33,106,85,128,1,17,39,55,71
987,34,75,38,77,82,25,79,36,117
987,35,127,85,19,15,111,58,98,42
987,36,51,96,15,16,13,79,18,102
987,37,45,135,127,114,36,9,47,139
987,38,68,29,109,131,141,54,32,113
987,39,43,86,104,105,96,8,141,47
987,40,55,7,61,53,126,2,78,109
987,41,87,50,25,45,55,57,86,68
987,42,127,54,107,8,65,69,1,39
987,43,138,131,78,23,126,70,54,112
987,44,69,131,10,95,128,112,125,34
988,3,22,31,75,30,94,138,13,118
988,4,131,72,63,98,130,7,76,56
988,5,119,95,4,89,52,64,107,134
988,6,79,120,2,103,115,142,138,31
988,7,79,5,111,70,122,50,84,134
988,8,116,76,141,68,98,11,109,26
988,9,93,82,25,136,50,141,81,92
988,10,39,135,115,56,114,49,99,73
988,11,32,38,132,16,131,77,117,111
988,12,16,106,13,129,14,143,67,116
988,13,115,94,140,114,107,46,70,111
988,14,24,21,132,134,72,45,121,139
988,15,4,32,130,126,9,26,17,25
988,16,141,50,14,33,112,27,43,4
988,17,4,103,125,72,138,43,34,111
988,18,51,3,73,91,31,9,106,63
988,19,94,4,131,129,71,100,140,121
988,20,113,119,67,116,89,84,103,30
988,21,34,89,4,71,66,63,1,118
988,22,140,126,50,122,78,90,48,79
988,23,58,124,76,115,41,133,60,132
988,24,74,110,2,54,69,95,123,56
988,25,119,59,74,9,17,126,109,88
988,26,122,13,91,37,82,78,18,36
988,27,46,71,131,27,25,56,31,20
988,28,29,106,74,136,133,13,76,20
988,29,140,121,76,3,74,103,73,68
988,30,124,44,46,75,70,72,51,52
988,31,8,39,100,10,84,143,94,85
988,32,70,138,117,116,13,84,23,42
988,33,12,72,39,129,106,68,89,80
988,34,45,100,129,70,47,114,27,67
988,35,128,47,9,19,127,124,54,104
988,36,89,50,5,27,106,4,110,39
988,37,109,88,103,9,33,81,50,126
988,38,54,29,98,25,74,84,20,141
988,39,107,92,52,62,43,140,105,84
988,40,66,2,44,28,40,49,48,125
988,41,138,101,64,109,119,77,31,44
988,42,3,70,8,107,53,26,57,97
988,43,36,64,137,44,138,120,112,7
988,44,45,74,15,113,34,71,100,27
989,3,94,99,73,42,62,12,37,80
989,4,46,81,80,7,121,136,93,37
989,5,119,35,73,9,140,15,134,48
989,6,130,78,54,121,34,118,73,135
989,7,105,5,70,111,112,15,23,11
989,8,11,116,41,64,127,95,109,43
989,9,141,93,136,138,134,1,128,5
989,10,39,56,99,24,67,5,71,69
989,11,16,132,70,14,104,27,117,21
989,12,37,16,106,120,7,10,13,74
989,13,115,71,44,70,19,90,54,106
989,14,72,63,32,40,117,21,112,66
989,15,32,4,93,64,9,57,115,100
989,16,141,33,47,27,107,137,71,75
989,17,56,60,34,103,31,110,81,51
989,18,86,106,139,20,70,60,57,63
989,19,59,77,119,79,94,100,37,71
989,20,65,135,27,67,12,113,45,79
989,21,77,9,116,89,115,1,120,106
989,22,50,117,71,130,78,118,29,44
989,23,72,133,140,118,120,117,137,122
989,24,69,22,143,56,90,120,59,25
989,25,74,86,126,38,65,115,119,139
989,26,97,115,70,7,118,13,46,40
989,27,104,97,108,120,92,71,58,84
989,28,136,38,29,106,108,121,133,134
989,29,121,18,3,26,76,84,65,140
989,30,46,29,124,133,57,51,40,32
989,31,100,22,125,10,124,85,103,39
989,32,42,20,66,37,23,44,105,84
989,33,86,39,106,72,43,8,28,17
989,34,98,129,83,40,16,100,47,42
989,35,127,19,73,35,104,109,44,79
989,36,5,89,61,116,137,51,143,104
989,37,95,54,109,135,10,18,112,15
989,38,40,84,134,89,68,44,130,32
989,39,92,105,86,24,140,60,2,67
989,40,2,66,9,44,133,126,124,42
989,41,68,101,138,76,6,86,90,63
989,42,8,107,70,26,136,126,53,57
989,43,64,25,49,120,28,70,122,96
989,44,71,17,142,61,48,135,15,113
990,3,81,13,94,15,136,24,60,54
990,4,103,20,135,37,88,4,104,100
990,5,91,117,123,89,29,85,80,107
990,6,113,67,135,106,34,71,132,44
990,7,99,124,52,57,5,137,75,70
990,8,63,16,42,31,11,72,132,91
990,9,103,93,87,136,101,141,1,127
990,10,47,111,39,65,100,99,114,79
990,11,78,91,104,59,138,85,117,66
990,12,37,67,59,139,140,13,102,14
990,13,115,36,10,54,142,90,86,70
990,14,72,25,124,63,123,97,106,95
990,15,32,11,4,134,116,25,57,91
990,16,20,6,33,141,66,23,107,47
990,17,56,67,4,34,6,140,85,0
990,18,31,86,91,70,140,57,106,132
990,19,79,94,37,0,71,59,77,140
990,20,135,71,67,45,121,105,104,87
990,21,113,85,18,9,77,40,63,35
990,22,12,44,78,117,50,37,130,118
990,23,117,133,140,47,24,98,72,2
990,24,69,99,56,35,82,119,143,100
990,25,74,115,109,88,93,76,45,17
990,26,115,27,7,47,66,97,118,72
990,27,131,108,97,59,56,137,104,120
990,28,29,106,36,134,67,120,46,108
990,29,121,18,50,44,76,3,131,82
990,30,133,124,72,40,41,137,116,46
990,31,125,80,100,131,85,110,120,10
990,32,70,44,42,23,19,116,56,137
990,33,106,39,78,86,72,43,129,33
990,34,7,112,16,47,129,100,54,98
990,35,19,127,44,85,13,60,62,128
990,36,89,137,61,5,73,13,48,79
990,37,95,10,48,114,129,54,135,18
990,38,54,89,134,32,141,29,109,79
990,39,105,104,24,23,12,2,86,43
990,40,2,44,66,48,124,142,75,125
990,41,63,28,101,62,59,142,141,86
990,42,107,8,89,75,121,136,141,102
990,43,74,95,26,129,120,66,131,70
990,44,139,10,71,68,48,45,141,131
991,3,94,89,85,119,122,96,37,45
991,4,125,92,5,30,70,68,55,14
991,5,19,76,23,15,93,140,88,136
991,6,36,128,37,96,134,118,116,80
991,7,42,82,92,36,18,90,53,14
991,8,10,131,67,55,116,60,71,62
991,9,4,12,88,84,99,66,14,128
991,10,122,129,45,140,93,54,106,99
991,11,67,121,22,127,116,43,51,54
991,12,70,134,59,58,69,17,117,90
991,13,71,89,109,62,65,126,104,41
991,14,63,0,117,72,89,103,111,24
991,15,64,21,32,44,72,2,115,76
991,16,116,122,104,54,130,33,27,88
991,17,110,2,81,121,56,31,67,12
991,18,50,56,14,1,106,0,107,115
991,19,79,54,129,78,100,140,37,33
991,20,102,27,109,136,105,56,103,90
991,21,89,120,9,20,13,104,113,92
991,22,117,44,20,130,12,101,64,28
991,23,49,105,133,29,24,117,72,33
991,24,69,67,95,82,33,99,56,135
991,25,86,109,125,93,77,123,115,74
991,26,115,97,72,37,91,79,13,18
991,27,104,131,46,25,40,127,137,89
991,28,29,106,67,31,136,108,119,134
991,29,121,76,110,31,112,140,49,0
991,30,124,51,44,133,46,104,12,32
991,31,22,100,133,85,10,45,19,143
991,32,94,138,137,14,19,70,116,128
991,33,106,78,39,86,72,137,68,71
991,34,129,100,112,45,65,67,3,75
991,35,109,44,19,13,127,104,54,75
991,36,89,5,48,137,50,47,83,4
991,37,118,112,19,9,135,81,105,16
991,38,89,62,9,102,8,29,143,15
991,39,84,24,52,92,105,60,71,62
991,40,66,2,49,58,44,68,10,20
991,41,140,101,33,70,111,142,138,27
991,42,89,3,75,8,96,52,107,102
991,43,43,74,61,0,26,65,85,13
991,44,119,5,50,60,68,14,12,75
992,3,95,54,62,64,12,34,73,5
992,4,101,73,60,132,75,135,93,87
992,5,125,30,23,86,54,77,8,73
992,6,117,95,102,86,24,57,42,89
992,7,104,48,45,59,116,96,118,137
992,8,52,67,118,102,31,71,137,75
992,9,105,117,140,52,100,66,101,116
992,10,124,47,83,81,55,104,79,63
992,11,71,41,48,78,85,39,95,67
992,12,59,112,72,139,97,14,37,25
992,13,83,142,71,82,36,60,41,4
992,14,128,72,73,0,124,29,25,63
992,15,32,116,117,64,11,72,23,135
992,16,53,33,66,130,20,6,110,27
992,17,56,110,109,0,67,2,6,26
992,18,31,86,56,106,107,91,73,15
992,19,79,59,77,129,94,54,37,36
992,20,105,121,135,109,62,49,95,101
992,21,93,9,48,77,23,72,113,120
992,22,100,115,117,9,37,78,118,125
992,23,62,117,24,54,133,98,131,47
992,24,69,40,9,61,33,143,56,19
992,25,109,115,74,93,88,17,18,86
992,26,48,115,97,91,27,111,122,67
992,27,104,100,120,131,75,25,108,137
992,28,29,101,106,90,31,45,124,118
992,29,121,76,31,140,0,87,110,18
992,30,44,124,142,66,51,8,93,46
992,31,42,100,85,128,143,130,10,19
992,32,129,70,42,19,137,35,20,51
992,33,39,78,106,65,86,8,71,76
992,34,112,100,129,67,16,43,36,54
992,35,19,44,127,13,119,80,75,14
992,36,89,48,137,5,61,143,39,106
992,37,70,10,6,95,18,9,135,129
992,38,89,62,134,9,18,20,32,136
992,39,84,105,82,88,89,60,140,72
992,40,2,44,68,124,75,12,49,125
992,41,63,142,138,86,111,26,113,141
992,42,75,89,107,8,0,121,102,52
992,43,26,74,129,95,66,123,13,120
992,44,139,70,68,137,105,45,25,50
993,3,5,128,109,85,94,123,138,67
993,4,106,18,127,139,6,93,77,75
993,5,136,82,54,77,33,133,41,56
993,6,86,125,95,71,6,45,4,69
993,7,104,17,41,18,81,110,122,130
993,8,102,10,67,75,132,25,39,40
993,9,15,115,3,16,112,51,39,36
993,10,21,60,122,124,48,3,83,69
993,11,85,7,67,41,124,100,30,101
993,12,59,115,70,117,14,0,128,90
993,13,100,71,69,89,21,10,83,41
993,14,128,0,63,72,113,103,115,10
993,15,134,64,19,139,55,32,72,37
993,16,15,37,115,122,54,116,95,5
993,17,126,109,56,110,67,81,6,100
993,18,42,31,106,73,0,93,38,115
993,19,119,70,63,37,36,34,11,8
993,20,90,102,65,76,49,45,121,135
993,21,77,120,12,93,89,115,135,141
993,22,117,44,20,29,130,88,118,31
993,23,49,24,117,33,105,133,98,112
993,24,69,15,50,125,18,95,33,46
993,25,74,115,38,93,86,88,109,18
993,26,97,115,27,109,66,116,113,72
993,27,104,100,97,108,84,120,36,92
993,28,29,106,136,31,108,130,81,119
993,29,121,18,44,27,76,140,3,29
993,30,57,46,44,72,40,29,124,104
993,31,100,125,10,22,85,42,29,124
993,32,66,70,42,4,35,129,20,64
993,33,86,39,106,43,68,97,129,90
993,34,40,30,129,16,100,67,42,83
993,35,19,127,73,140,104,35,88,32
993,36,5,61,116,48,89,7,14,79
993,37,95,15,94,10,135,70,54,99
993,38,134,44,112,84,130,32,88,20
993,39,105,86,13,92,4,140,129,71
993,40,124,133,2,90,9,68,75,62
993,41,90,68,27,142,66,67,1,54
993,42,89,8,107,7,119,52,134,36
993,43,74,114,143,13,65,59,26,103
993,44,119,5,117,44,84,79,22,7
994,3,141,34,81,55,60,40,38,71
994,4,110,13,120,37,70,77,38,99
994,5,54,89,117,124,88,72,65,55
994,6,16,51,8,24,95,78,37,55
994,7,108,99,23,64,8,74,73,75
994,8,63,121,93,114,68,103,118,41
994,9,56,130,131,3,136,83,120,27
994,10,51,57,56,9,18,69,21,103
994,11,101,102,100,26,39,13,30,51
994,12,37,108,52,59,3,131,97,143
994,13,10,60,71,100,86,116,66,68
994,14,72,49,55,0,128,124,111,67
994,15,112,32,20,64,48,11,139,72
994,16,27,47,132,137,15,33,90,107
994,17,56,7,0,74,109,128,6,42
994,18,31,106,86,132,57,37,20,38
994,19,77,119,102,37,94,59,44,31
994,20,135,121,12,65,137,82,45,143
994,21,77,116,115,9,63,72,141,106
994,22,46,78,117,106,118,57,59,65
994,23,46,72,98,58,133,38,54,140
994,24,69,56,32,22,90,120,95,128
994,25,74,93,86,109,115,88,35,85
994,26,97,27,113,72,109,90,66,60
994,27,131,97,104,108,20,120,124,46
994,28,29,106,66,67,31,94,108,134
994,29,121,44,18,27,140,43,76,29
994,30,72,104,40,44,57,41,67,22
994,31,1,125,100,85,120,10,113,29
994,32,70,66,2,129,116,42,51,4
994,33,86,39,106,43,35,63,119,73
994,34,40,16,83,30,129,54,100,17
994,35,19,127,140,73,62,25,86,32
994,36,5,116,61,99,79,14,7,89
994,37,15,95,10,99,77,75,135,125
994,38,134,44,112,84,32,130,20,40
994,39,105,86,13,92,4,115,5,71
994,40,133,124,9,90,2,62,111,75
994,41,90,68,116,76,66,142,113,86
994,42,37,8,36,107,7,26,52,0
994,43,143,13,25,111,132,59,52,74
994,44,44,84,7,22,79,122,86,119
995,3,97,66,58,57,45,99,80,76
995,4,28,142,107,143,24,91,121,7
995,5,102,23,105,62,8,86,128,55
995,6,75,45,8,139,51,71,6,115
995,7,33,39,71,100,40,41,93,131
995,8,49,111,14,40,12,32,68,118
995,9,94,71,105,40,46,116,36,108
995,10,55,104,136,12,138,89,121,103
995,11,29,134,94,104,12,38,56,140
995,12,43,109,37,96,108,18,103,138
995,13,44,103,45,5,17,71,33,104
995,14,107,71,76,72,124,40,117,20
995,15,110,116,16,11,25,104,103,143
995,16,12,106,40,88,69,137,18,133
995,17,139,56,0,6,106,30,85,95
995,18,57,37,106,31,86,77,20,122
995,19,77,38,59,94,71,79,48,34
995,20,82,12,24,121,143,40,135,65
995,21,116,77,63,115,91,9,73,17
995,22,109,78,71,57,118,29,11,98
995,23,38,46,40,24,130,120,137,140
995,24,90,69,13,12,122,42,143,56
995,25,74,115,18,69,4,34,93,41
995,26,115,121,97,90,109,113,66,40
995,27,104,100,97,84,59,108,125,120
995,28,91,136,121,106,29,51,38,75
995,29,18,121,105,77,51,44,98,36
995,30,46,13,57,130,29,67,124,16
995,31,110,100,22,125,3,10,124,85
995,32,107,92,20,3,42,121,87,74
995,33,86,39,43,52,140,85,89,34
995,34,40,30,42,17,79,98,55,16
995,35,120,127,140,73,119,4,41,104
995,36,5,79,116,9,76,99,23,14
995,37,99,15,75,53,17,71,100,33
995,38,33,50,44,112,89,9,20,100
995,39,46,7,92,2,115,13,20,4
995,40,137,133,9,90,111,26,119,92
995,41,51,68,66,33,27,43,109,35
995,42,91,8,47,107,21,63,7,37
995,43,17,63,26,16,111,25,3,10
995,44,81,42,0,57,86,79,22,68
996,3,10,47,11,76,45,97,79,34
996,4,121,141,7,50,119,91,72,38
996,5,51,35,83,21,63,127,75,102
996,6,1,13,105,126,49,129,48,8
996,7,39,33,15,129,50,52,98,71
996,8,49,68,90,4,118,101,93,111
996,9,94,36,40,100,5,34,46,49
996,10,104,55,12,79,125,136,103,89
996,11,134,46,39,42,68,27,29,38
996,12,43,96,103,70,37,120,138,29
996,13,71,17,89,44,100,103,104,35
996,14,63,117,72,53,115,107,113,82
996,15,19,44,11,106,116,57,134,72
996,16,122,106,47,15,137,63,86,93
996,17,126,56,110,73,140,24,11,71
996,18,42,1,130,50,106,93,137,65
996,19,11,57,63,44,34,21,65,36
996,20,130,80,40,65,122,137,50,131
996,21,54,77,106,104,116,130,49,115
996,22,29,21,30,109,119,57,44,54
996,23,24,128,117,29,10,89,113,137
996,24,88,69,50,122,90,13,53,84
996,25,74,115,22,4,41,113,126,40
996,26,97,115,121,109,40,79,65,122
996,27,104,97,84,92,75,128,59,127
996,28,136,38,106,95,107,121,29,5
996,29,121,18,51,88,13,0,138,140
996,30,46,57,29,13,136,124,139,34
996,31,22,100,10,124,29,3,9,59
996,32,20,52,107,93,59,92,10,64
996,33,86,39,15,48,8,89,40,43
996,34,79,74,39,67,55,98,40,50
996,35,127,73,120,109,102,137,119,4
996,36,5,81,116,60,65,99,138,9
996,37,71,126,101,135,102,15,99,33
996,38,14,44,33,89,27,112,84,19
996,39,92,115,7,131,136,68,64,62
996,40,137,133,9,2,111,140,70,90
996,41,68,51,66,76,33,48,61,109
996,42,91,8,47,107,21,63,36,7
996,43,17,63,25,111,16,10,108,87
996,44,0,81,42,86,79,68,22,59
997,3,28,13,47,125,104,92,25,143
997,4,24,76,105,84,126,133,95,62
997,5,113,50,61,11,51,33,114,13
997,6,96,129,11,8,95,77,63,70
997,7,128,82,130,17,124,18,104,30
997,8,10,64,54,55,119,42,103,26
997,9,31,71,14,4,16,12,109,27
997,10,94,122,37,55,19,18,23,12
997,11,67,22,68,124,60,140,110,30
997,12,96,70,99,142,112,30,90,79
997,13,71,17,100,101,89,41,23,78
997,14,63,53,76,117,141,24,107,16
997,15,19,129,0,106,73,139,9,90
997,16,122,106,25,12,60,15,117,33
997,17,106,56,11,109,87,55,71,59
997,18,1,14,42,137,27,135,86,17
997,19,63,31,119,11,21,22,130,9
997,20,40,137,65,63,121,135,82,24
997,21,116,106,70,115,96,107,77,59
997,22,15,57,77,29,19,21,117,118
997,23,130,85,89,24,117,29,112,7
997,24,69,12,137,130,51,60,81,107
997,25,22,117,86,114,88,18,115,109
997,26,72,97,115,34,109,96,60,78
997,27,97,20,131,130,59,86,114,36
997,28,29,127,137,36,106,67,75,130
997,29,121,18,60,81,138,113,78,97
997,30,20,139,29,41,43,57,50,56
997,31,76,100,85,125,83,6,88,110
997,32,107,106,116,64,59,36,45,121
997,33,86,39,87,68,13,128,33,90
997,34,103,98,137,30,40,42,53,39
997,35,119,41,127,13,1,35,44,123
997,36,5,34,61,138,76,110,124,108
997,37,76,96,95,113,53,16,68,102
997,38,71,51,22,20,112,9,115,3
997,39,11,92,86,14,55,131,72,1
997,40,93,133,44,77,9,66,70,117
997,41,61,67,68,18,72,86,118,26
997,42,8,140,107,26,113,36,23,87
997,43,132,17,124,113,25,111,93,103
997,44,83,24,79,41,135,17,142,106
998,3,61,136,41,90,77,46,102,70
998,4,5,15,102,113,27,62,66,40
998,5,88,124,32,6,14,13,35,50
998,6,43,110,61,138,8,123,42,11
998,7,128,114,81,122,45,18,65,53
998,8,10,18,78,34,103,71,42,50
998,9,14,4,12,76,88,98,69,135
998,10,68,94,122,69,137,47,40,86
998,11,67,22,77,68,115,124,110,137
998,12,60,96,19,70,52,58,112,128
998,13,71,17,89,41,123,23,62,51
998,14,63,53,73,117,24,128,70,13
998,15,0,19,72,122,21,73,63,46
998,16,122,90,79,4,25,85,67,121
998,17,56,106,66,42,26,72,104,109
998,18,1,14,137,27,13,86,17,114
998,19,31,119,63,21,22,99,54,106
998,20,40,137,65,71,70,135,45,81
998,21,116,106,77,95,74,70,115,17
998,22,15,29,101,19,21,118,57,71
998,23,99,97,29,11,125,24,112,117
998,24,130,69,12,107,137,81,19,71
998,25,86,88,74,117,115,43,93,109
998,26,97,72,109,60,25,4,93,19
998,27,104,97,106,84,58,137,24,20
998,28,29,106,108,127,137,136,68,31
998,29,121,60,44,18,116,38,33,29
998,30,20,139,41,46,29,93,72,135
998,31,100,90,125,83,85,10,82,31
998,32,107,85,93,4,45,5,64,138
998,33,86,39,106,120,142,45,129,139
998,34,30,40,137,83,41,129,36,39
998,35,127,119,41,65,13,67,1,19
998,36,5,81,61,34,124,99,137,9
998,37,8,10,23,102,95,113,15,53
998,38,14,51,71,89,112,22,68,84
998,39,92,86,140,14,55,102,34,105
998,40,77,133,123,66,65,62,9,98
998,41,61,68,86,18,90,98,26,138
998,42,23,8,87,123,107,52,134,26
998,43,121,113,17,93,111,124,25,70
998,44,79,41,48,30,34,129,106,24
999,3,74,126,105,94,14,26,44,56
999,4,48,75,10,71,50,93,0,66
999,5,30,141,7,62,86,107,15,95
999,6,122,142,19,109,90,137,129,134
999,7,41,57,117,114,72,116,5,127
999,8,17,137,93,139,59,42,60,45
999,9,96,34,131,6,85,64,75,117
999,10,15,128,139,92,79,124,104,69
999,11,132,8,45,42,51,101,68,60
999,12,41,96,57,21,120,61,46,33
999,13,64,122,44,6,82,134,60,33
999,14,97,106,45,76,64,63,124,114
999,15,102,33,68,109,2,43,117,93
999,16,14,137,12,106,53,3,108,75
999,17,106,11,117,49,56,45,95,59
999,18,57,1,42,86,106,20,137,11
999,19,119,105,128,31,77,38,53,12
999,20,141,24,65,67,137,39,135,121
999,21,77,116,52,63,9,117,1,72
999,22,71,106,63,33,78,15,114,118
999,23,113,54,133,6,47,98,11,77
999,24,19,69,12,107,90,32,114,50
999,25,74,88,86,115,77,113,43,35
999,26,97,25,41,109,91,122,115,68
999,27,104,97,106,125,20,128,58,63
999,28,29,108,106,136,41,133,8,91
999,29,121,46,3,44,81,26,138,62
999,30,46,29,21,57,72,28,42,3
999,31,100,124,3,10,125,113,22,133
999,32,13,93,78,66,12,29,20,42
999,33,86,39,24,40,8,106,48,101
999,34,83,30,40,79,129,114,36,8
999,35,127,73,119,83,19,124,101,63
999,36,5,81,116,99,7,9,61,48
999,37,110,14,102,95,23,27,16,53
999,38,14,89,84,51,117,32,87,70
999,39,92,86,115,105,34,140,22,60
999,40,133,98,23,9,122,92,68,124
999,41,68,112,6,33,86,46,90,37
999,42,8,107,123,52,44,0,36,18
999,43,111,25,34,120,52,58,51,54
999,44,13,79,24,44,31,73,135,122
1000,3,49,38,8,71,52,45,24,46
1000,4,135,125,126,7,104,3,112,86
1000,5,130,111,10,140,53,42,122,14
1000,6,77,135,27,92,42,19,104,40
1000,7,17,22,18,42,124,122,30,36
1000,8,10,46,55,142,103,58,68,71
1000,9,71,14,12,122,45,47,1,128
1000,10,94,63,137,122,133,14,45,40
1000,11,67,22,30,124,39,121,115,1
1000,12,96,70,24,30,46,90,112,143
1000,13,71,44,89,95,137,130,62,126
1000,14,63,117,141,114,53,73,123,57
1000,15,81,72,115,105,93,73,135,57
1000,16,137,121,90,76,53,32,109,79
1000,17,87,11,56,45,12,59,109,123
1000,18,1,101,86,42,135,106,20,49
1000,19,119,31,128,54,97,77,130,94
1000,20,56,67,65,137,53,135,41,39
1000,21,77,116,17,117,31,72,13,20
1000,22,71,134,137,29,83,19,117,63
1000,23,85,61,30,68,44,101,133,25
1000,24,69,138,44,12,129,19,71,60
1000,25,86,88,74,115,114,71,45,118
1000,26,97,124,25,39,50,60,19,37
1000,27,97,104,106,125,70,20,128,124
1000,28,29,108,6,25,106,124,41,110
1000,29,82,121,100,81,46,44,60,103
1000,30,46,57,135,43,72,42,63,93
1000,31,100,85,113,124,3,6,76,10
1000,32,142,93,19,109,78,32,133,36
1000,33,86,120,39,57,51,123,142,41
1000,34,105,83,30,28,103,129,114,79
1000,35,119,123,127,16,67,100,13,101
1000,36,81,5,14,23,136,116,24,77
1000,37,23,33,10,102,68,112,95,121
1000,38,14,117,71,89,128,58,51,40
1000,39,72,92,62,10,100,86,115,55
1000,40,133,77,32,68,37,119,130,65
1000,41,68,67,109,35,41,98,21,69
1000,42,121,125,96,8,107,46,123,52
1000,43,94,132,52,111,121,25,124,13
1000,44,103,116,37,91,18,79,83,39
1001,3,40,67,8,38,24,143,25,61
1001,4,82,9,54,87,80,6,33,99
1001,5,5,97,85,40,127,128,2,37
1001,6,87,80,114,78,48,20,59,61
1001,7,65,11,18,57,70,137,50,85
1001,8,91,1,101,118,47,16,114,26
1001,9,112,125,32,73,128,134,131,101
1001,10,139,94,17,97,116,71,12,79
1001,11,27,54,22,30,42,79,60,139
1001,12,94,96,76,53,24,37,120,143
1001,13,31,44,5,71,130,77,35,95
1001,14,63,42,30,51,16,117,95,129
1001,15,42,99,81,72,9,120,43,106
1001,16,55,137,79,106,31,143,49,53
1001,17,8,41,77,64,11,45,108,56
1001,18,1,135,101,42,86,137,106,73
1001,19,119,31,13,91,75,125,40,53
1001,20,65,112,137,56,0,84,22,131
1001,21,112,77,73,64,111,104,117,116
1001,22,99,25,29,85,1,35,71,78
1001,23,16,11,48,40,24,98,131,4
1001,24,121,128,69,9,43,134,12,129
1001,25,86,115,74,88,51,118,77,113
1001,26,97,87,120,115,60,68,1,25
1001,27,97,104,25,103,120,128,106,127
1001,28,108,38,104,13,1,69,36,87
1001,29,46,31,121,34,97,26,76,39
1001,30,46,29,57,8,51,83,17,44
1001,31,100,124,134,113,36,71,85,2
1001,32,94,20,78,32,93,29,72,46
1001,33,86,39,13,138,78,57,48,20
1001,34,98,30,129,103,39,43,114,33
1001,35,119,109,101,66,44,46,54,50
1001,36,5,81,89,77,48,8,14,124
1001,37,102,118,95,23,84,27,112,77
1001,38,89,14,71,37,109,119,115,20
1001,39,92,72,2,88,45,140,34,52
1001,40,70,109,117,92,9,2,133,91
1001,41,68,46,124,138,26,86,122,15
1001,42,107,8,75,109,136,52,36,34
1001,43,117,52,25,120,82,64,1,111
1001,44,68,79,67,45,47,135,17,83
1002,3,8,96,114,41,128,91,68,66
1002,4,102,127,124,63,15,87,123,120
1002,5,120,82,132,136,142,6,44,14
1002,6,24,110,8,102,71,82,63,11
1002,7,17,0,137,111,18,101,82,104
1002,8,10,55,71,9,68,0,60,62
1002,9,15,16,115,31,129,136,12,4
1002,10,86,48,122,89,40,83,18,90
1002,11,85,67,124,7,22,140,117,10
1002,12,59,70,14,136,18,138,116,130
1002,13,100,71,89,112,31,54,127,10
1002,14,63,0,60,113,128,73,80,58
1002,15,64,139,44,61,19,90,72,135
1002,16,15,122,116,37,106,137,93,43
1002,17,114,126,108,95,64,77,140,110
1002,18,1,106,29,142,31,130,135,9
1002,19,119,65,31,70,22,101,13,54
1002,20,65,131,115,105,47,1,27,134
1002,21,74,77,104,93,135,1,56,120
1002,22,101,20,119,29,1,44,88,102
1002,23,43,48,105,98,24,88,118,97
1002,24,69,50,24,18,129,82,99,72
1002,25,86,115,74,88,71,118,136,113
1002,26,97,39,93,60,25,19,18,91
1002,27,104,97,79,106,103,75,125,89
1002,28,108,29,41,133,66,119,10,137
1002,29,27,121,33,95,82,81,31,46
1002,30,139,46,93,57,133,72,43,42
1002,31,100,113,124,10,3,125,85,90
1002,32,93,78,19,72,85,109,4,141
1002,33,86,39,40,57,142,139,138,51
1002,34,30,83,40,105,129,39,70,79
1002,35,119,127,73,123,101,65,54,16
1002,36,81,5,14,27,48,36,116,104
1002,37,23,53,102,112,96,70,113,134
1002,38,14,89,23,71,34,84,51,44
1002,39,92,62,5,115,140,55,105,82
1002,40,133,115,77,123,117,98,46,68
1002,41,68,72,33,67,98,85,70,21
1002,42,8,107,136,23,52,18,87,123
1002,43,52,114,115,132,111,42,121,93
1002,44,91,116,117,79,119,126,37,129
1003,3,59,72,86,83,63,54,90,44
1003,4,73,80,93,96,20,122,120,10
1003,5,9,30,62,47,99,36,104,143
1003,6,66,116,92,142,121,87,8,42
1003,7,118,69,71,117,41,27,122,119
1003,8,137,22,17,93,25,4,135,71
1003,9,52,140,131,73,103,104,37,95
1003,10,83,13,102,128,27,42,69,132
1003,11,8,1,132,101,16,140,106,6
1003,12,57,37,42,7,131,96,21,6
1003,13,70,6,44,60,19,130,116,54
1003,14,73,138,80,55,63,20,72,143
1003,15,117,68,102,59,93,2,72,39
1003,16,137,27,108,46,47,59,101,106
1003,17,11,77,117,51,45,138,90,0
1003,18,29,1,101,122,20,11,70,119
1003,19,119,128,71,118,77,94,140,136
1003,20,67,121,79,127,31,135,39,141
1003,21,63,9,77,103,110,132,72,116
1003,22,106,125,71,78,133,94,35,51
1003,23,95,54,6,113,137,41,133,11
1003,24,32,69,19,50,120,22,12,114
1003,25,74,86,88,115,118,38,113,16
1003,26,97,25,91,109,122,75,116,37
1003,27,104,97,106,125,63,20,137,132
1003,28,108,29,106,41,133,14,124,87
1003,29,121,3,38,81,84,29,95,42
1003,30,21,46,57,72,96,42,29,28
1003,31,100,124,113,133,3,125,10,22
1003,32,12,78,93,4,60,66,44,25
1003,33,86,39,24,40,48,129,8,106
1003,34,83,30,40,79,98,129,39,36
1003,35,127,73,109,101,119,19,124,65
1003,36,5,81,51,116,48,36,99,60
1003,37,102,14,53,110,7,16,27,76
1003,38,14,89,84,87,97,23,101,115
1003,39,92,86,115,140,5,105,34,67
1003,40,133,70,119,23,68,55,88,46
1003,41,68,33,6,108,2,46,112,102
1003,42,107,8,123,18,136,44,7,0
1003,43,111,25,52,49,34,120,115,127
1003,44,91,79,24,13,31,15,143,142
1004,3,88,108,60,4,70,143,37,96
1004,4,129,105,4,23,99,63,102,39
1004,5,88,32,71,95,133,40,109,98
1004,6,65,77,12,95,138,11,120,89
1004,7,17,75,82,87,137,53,106,85
1004,8,10,61,55,65,67,73,63,2
1004,9,4,71,16,14,27,21,75,105
1004,10,122,9,14,72,40,55,120,20
1004,11,43,67,22,52,19,124,39,112
1004,12,96,2,19,70,59,105,115,134
1004,13,71,41,89,44,80,139,70,55
1004,14,68,63,111,53,16,51,73,140
1004,15,123,81,72,109,41,18,91,89
1004,16,13,107,137,12,35,47,121,93
1004,17,56,87,81,17,71,38,128,44
1004,18,50,106,104,1,141,93,62,113
1004,19,124,119,104,44,67,12,16,109
1004,20,129,65,105,125,41,1,131,134
1004,21,77,2,20,130,14,93,120,104
1004,22,29,86,101,80,44,125,31,13
1004,23,78,61,33,4,50,104,67,25
1004,24,69,130,71,82,33,81,46,129
1004,25,74,123,86,131,88,77,5,112
1004,26,97,22,116,115,98,13,1,15
1004,27,104,97,89,130,106,13,24,20
1004,28,31,136,41,133,135,109,107,50
1004,29,116,49,112,18,121,101,81,63
1004,30,46,42,29,136,17,51,44,86
1004,31,10,124,22,100,4,85,3,9
1004,32,93,78,5,99,27,115,20,116
1004,33,39,40,48,86,100,52,113,28
1004,34,30,83,39,28,129,36,18,114
1004,35,109,73,65,119,54,101,127,4
1004,36,81,5,116,99,20,50,36,133
1004,37,27,102,112,113,95,53,119,5
1004,38,14,84,89,34,104,69,24,51
1004,39,92,140,115,45,138,49,5,88
1004,40,119,133,68,106,71,124,125,59
1004,41,68,33,70,110,136,27,56,126
1004,42,38,107,0,8,136,18,7,116
1004,43,86,61,111,52,1,106,93,53
1004,44,127,79,136,119,19,116,24,13
1005,3,73,42,92,63,17,122,91,55
1005,4,25,78,128,102,18,30,13,34
1005,5,27,114,118,33,131,11,84,138
1005,6,9,102,90,11,57,73,0,120
1005,7,128,17,104,101,6,53,82,59
1005,8,10,67,99,71,73,75,34,85
1005,9,27,4,16,128,1,12,84,103
1005,10,122,3,48,4,16,55,120,47
1005,11,43,67,31,124,77,105,143,137
1005,12,19,134,70,115,59,112,136,118
1005,13,71,41,80,109,74,89,112,125
1005,14,63,68,111,115,89,53,78,103
1005,15,19,72,89,9,112,18,44,117
1005,16,15,90,137,35,0,110,47,57
1005,17,56,20,140,81,24,110,71,111
1005,18,1,50,42,106,79,14,86,93
1005,19,119,124,79,65,63,130,54,81
1005,20,65,42,135,9,41,143,56,134
1005,21,77,116,2,93,106,130,20,104
1005,22,101,29,100,62,71,21,133,125
1005,23,99,104,79,50,33,46,61,29
1005,24,82,69,130,125,138,71,129,90
1005,25,74,123,86,131,88,136,71,116
1005,26,97,115,66,116,13,22,15,7
1005,27,104,97,89,84,20,108,137,114
1005,28,31,108,29,66,136,121,133,94
1005,29,116,94,18,131,105,120,81,27
1005,30,46,136,29,133,17,42,122,72
1005,31,100,10,124,22,85,113,125,3
1005,32,78,93,142,41,70,10,91,56
1005,33,39,86,40,48,125,8,35,31
1005,34,83,30,129,79,39,128,13,54
1005,35,127,4,73,65,101,109,9,119
1005,36,81,116,5,99,7,27,20,9
1005,37,112,102,95,14,27,101,5,51
1005,38,14,89,84,134,0,87,69,32
1005,39,92,115,140,75,100,45,86,5
1005,40,133,124,23,68,119,122,65,9
1005,41,68,33,70,102,56,89,37,6
1005,42,107,0,8,136,36,123,52,111
1005,43,111,52,61,25,142,115,1,53
1005,44,79,119,76,24,13,33,143,116
1006,3,41,109,3,120,119,118,11,136
1006,4,125,105,32,86,122,34,14,133
1006,5,62,53,36,130,88,47,54,46
1006,6,51,55,105,85,95,89,92,39
1006,7,128,17,82,131,53,104,41,49
1006,8,10,142,140,134,55,73,50,124
1006,9,4,21,129,27,8,71,143,45
1006,10,72,110,94,23,52,20,32,138
1006,11,67,30,22,2,108,112,39,5
1006,12,96,111,2,112,70,5,90,142
1006,13,71,89,23,95,53,112,33,133
1006,14,63,70,111,50,68,83,56,8
1006,15,58,72,106,44,57,9,123,41
1006,16,137,10,54,143,121,85,15,110
1006,17,109,110,56,77,11,87,92,118
1006,18,1,106,101,135,116,86,128,14
1006,19,31,119,102,13,53,54,22,79
1006,20,56,65,53,131,81,84,82,58
1006,21,77,80,112,2,96,1,106,64
1006,22,134,99,137,19,85,29,118,18
1006,23,104,61,36,67,63,4,131,68
1006,24,138,69,71,59,129,130,12,13
1006,25,74,86,123,88,114,68,22,71
1006,26,97,39,13,41,85,2,77,108
1006,27,104,106,84,103,92,113,141,58
1006,28,114,58,119,136,132,75,25,87
1006,29,79,52,121,97,49,82,26,120
1006,30,46,42,133,96,14,12,131,59
1006,31,22,124,100,10,113,91,85,88
1006,32,142,93,72,110,78,20,36,32
1006,33,86,48,39,100,40,125,20,138
1006,34,30,39,79,83,129,128,115,13
1006,35,119,101,127,50,133,109,73,10
1006,36,81,5,116,65,9,99,104,110
1006,37,102,95,78,27,10,6,18,45
1006,38,89,37,14,32,119,132,114,117
1006,39,92,45,100,98,140,88,46,72
1006,40,35,65,20,133,9,117,68,12
1006,41,68,33,138,136,37,102,5,28
1006,42,8,107,52,7,0,36,136,75
1006,43,52,1,111,25,26,120,63,60
1006,44,68,79,135,105,59,19,81,5
1007,3,120,93,71,76,128,85,79,30
1007,4,30,20,27,40,77,14,72,39
1007,5,6,42,84,82,80,141,18,105
1007,6,123,105,11,73,119,90,46,83
1007,7,17,60,70,106,2,49,110,15
1007,8,35,10,42,99,61,62,4,34
1007,9,15,115,27,51,4,86,42,34
1007,10,138,86,48,122,94,23,133,38
1007,11,67,7,30,124,60,9,22,97
1007,12,96,95,70,24,103,17,59,114
1007,13,71,100,23,101,89,48,33,35
1007,14,63,111,70,128,4,56,73,115
1007,15,44,139,19,111,125,105,106,73
1007,16,15,106,137,107,30,54,31,128
1007,17,40,56,109,77,110,95,20,44
1007,18,42,1,106,34,116,135,30,96
1007,19,119,31,79,54,53,12,130,44
1007,20,65,131,58,84,81,53,56,41
1007,21,77,93,1,12,80,111,31,106
1007,22,29,99,18,0,137,13,1,134
1007,23,79,61,130,43,69,7,68,44
1007,24,69,60,129,44,12,104,138,135
1007,25,74,86,100,115,22,125,88,65
1007,26,97,87,83,66,124,77,68,53
1007,27,97,104,20,84,22,106,93,114
1007,28,108,119,77,132,36,66,63,6
1007,29,28,60,121,123,75,0,113,47
1007,30,46,135,57,42,14,34,93,59
1007,31,82,124,100,113,71,10,85,3
1007,32,129,109,72,93,78,32,36,137
1007,33,83,86,39,125,48,40,51,57
1007,34,83,103,79,30,129,39,13,143
1007,35,134,101,119,124,132,36,9,129
1007,36,14,81,5,116,136,104,49,124
1007,37,102,129,27,23,54,117,61,95
1007,38,89,37,14,134,105,20,8,128
1007,39,140,20,72,12,92,80,81,115
1007,40,133,119,103,65,117,68,130,71
1007,41,67,136,68,83,21,138,37,102
1007,42,20,87,8,96,121,0,33,91
1007,43,132,48,52,106,111,33,94,120
1007,44,116,20,68,83,89,59,103,99
1008,3,86,39,92,120,11,119,10,41
1008,4,21,132,14,20,117,5,84,27
1008,5,143,29,47,6,82,64,14,73
1008,6,23,57,105,37,126,76,8,83
1008,7,17,21,14,139,55,49,119,2
1008,8,35,10,89,110,41,85,60,43
1008,9,15,48,115,16,114,4,79,27
1008,10,36,122,62,45,103,50,118,8
1008,11,45,67,51,124,30,14,137,110
1008,12,86,96,128,97,74,70,140,112
1008,13,71,100,135,7,31,89,33,101
1008,14,63,70,111,53,13,51,112,141
1008,15,44,19,77,10,73,51,141,9
1008,16,15,53,137,106,63,143,31,43
1008,17,114,56,68,20,110,64,8,81
1008,18,1,106,2,42,19,96,50,135
1008,19,119,65,79,31,44,12,53,54
1008,20,65,112,56,95,131,41,46,115
1008,21,77,112,106,118,74,111,1,139
1008,22,100,93,29,0,119,99,77,1
1008,23,43,30,61,1,85,88,98,97
1008,24,137,69,60,129,107,51,130,84
1008,25,74,86,71,88,123,125,122,139
1008,26,97,22,66,116,13,76,41,7
1008,27,104,97,22,103,28,20,106,114
1008,28,66,29,119,108,136,8,93,69
1008,29,123,44,60,121,28,5,18,138
1008,30,46,42,93,72,41,43,133,63
1008,31,124,85,113,3,10,100,22,9
1008,32,93,78,85,72,109,32,28,115
1008,33,86,40,39,125,83,48,8,127
1008,34,83,79,30,40,129,25,36,114
1008,35,127,73,35,129,83,101,119,41
1008,36,116,81,130,35,96,91,59,104
1008,37,14,95,23,113,98,109,77,110
1008,38,51,134,40,84,110,68,119,117
1008,39,92,86,20,2,12,22,45,82
1008,40,133,77,98,124,9,23,46,119
1008,41,68,33,112,80,77,138,37,70
1008,42,111,8,123,87,107,0,121,52
1008,43,111,132,113,30,93,32,117,104
1008,44,44,40,41,116,135,130,17,31
1009,3,99,1,7,5,86,45,69,6
1009,4,28,91,41,72,133,142,39,121
1009,5,112,4,51,143,8,70,82,134
1009,6,29,140,8,34,12,121,70,134
1009,7,100,116,101,96,49,93,41,81
1009,8,111,118,142,121,80,117,66,9
1009,9,138,119,133,105,94,32,15,131
1009,10,54,69,89,113,103,9,62,124
1009,11,94,11,29,101,39,129,97,33
1009,12,109,94,96,21,103,138,33,119
1009,13,45,91,71,6,89,33,27,86
1009,14,31,63,71,33,70,141,91,50
1009,15,92,16,26,57,11,72,103,44
1009,16,69,18,3,137,133,82,126,125
1009,17,49,139,11,87,101,38,44,39
1009,18,106,86,1,101,37,113,96,21
1009,19,119,10,67,128,120,25,79,136
1009,20,82,46,39,133,56,67,104,41
1009,21,77,2,1,115,116,63,113,46
1009,22,19,11,71,114,137,63,78,18
1009,23,46,38,125,40,6,31,52,16
1009,24,42,69,19,22,90,107,129,114
1009,25,74,123,86,88,71,94,114,125
1009,26,97,95,22,66,53,116,15,94
1009,27,104,94,20,22,13,137,71,30
1009,28,57,136,7,29,10,69,108,119
1009,29,85,44,6,121,7,131,81,123
1009,30,46,42,123,57,3,24,41,72
1009,31,124,59,22,3,113,10,85,100
1009,32,93,127,21,78,42,128,74,110
1009,33,86,40,39,140,46,127,48,41
1009,34,83,63,79,25,36,114,104,117
1009,35,127,79,63,35,73,67,83,132
1009,36,140,116,130,7,35,5,99,91
1009,37,5,14,16,110,77,95,109,29
1009,38,0,110,68,117,87,40,84,75
1009,39,92,86,28,22,75,34,20,2
1009,40,23,133,98,9,119,92,59,117
1009,41,68,112,114,40,33,6,122,96
1009,42,107,71,8,123,26,99,22,128
1009,43,111,29,116,128,30,53,25,31
1009,44,33,40,31,13,76,135,17,73
1010,3,63,14,39,26,40,71,32,17
1010,4,123,126,84,62,5,117,125,67
1010,5,113,124,41,27,10,120,132,28
1010,6,99,135,110,37,16,133,92,89
1010,7,43,86,17,15,42,46,23,130
1010,8,10,95,55,11,29,124,46,58
1010,9,76,77,71,12,86,89,81,73
1010,10,72,122,129,15,91,101,32,56
1010,11,67,63,44,121,55,4,39,22
1010,12,96,33,70,18,36,30,138,143
1010,13,44,106,71,0,41,23,130,33
1010,14,63,50,32,117,111,40,91,78
1010,15,81,93,1,141,133,123,143,91
1010,16,137,76,3,12,28,107,77,43
1010,17,11,87,139,132,44,39,34,128
1010,18,86,1,125,106,113,37,28,130
1010,19,119,128,104,38,120,39,67,10
1010,20,67,46,53,82,9,41,39,24
1010,21,77,102,116,139,96,29,80,49
1010,22,77,19,71,11,42,57,137,63
1010,23,85,30,61,25,33,68,7,77
1010,24,60,69,130,137,44,135,54,71
1010,25,114,88,74,117,86,71,43,115
1010,26,97,34,93,53,72,1,19,66
1010,27,97,20,28,125,137,71,106,46
1010,28,75,29,77,137,10,83,106,67
1010,29,60,120,121,113,87,42,103,5
1010,30,46,72,139,105,43,12,57,55
1010,31,6,85,113,83,31,90,125,124
1010,32,4,78,32,134,31,116,98,118
1010,33,86,39,142,139,57,40,48,120
1010,34,83,137,54,127,114,36,39,79
1010,35,101,127,73,123,41,19,65,132
1010,36,81,5,35,116,16,96,8,124
1010,37,14,102,23,53,29,112,33,69
1010,38,34,71,14,40,51,96,101,104
1010,39,86,92,115,34,2,60,5,110
1010,40,77,119,133,123,91,98,64,46
1010,41,37,68,72,61,137,26,21,86
1010,42,8,23,121,0,107,77,136,87
1010,43,121,24,111,52,93,70,116,26
1010,44,129,55,103,30,116,34,74,106
1011,3,126,134,72,46,45,54,13,16
1011,4,85,95,116,119,34,100,88,122
1011,5,7,75,86,12,37,72,121,15
1011,6,142,34,109,135,27,121,48,5
1011,7,91,122,69,126,55,127,98,11
1011,8,126,112,95,118,127,43,139,68
1011,9,64,52,39,139,125,94,81,143
1011,10,102,50,128,127,56,82,89,62
1011,11,8,6,106,44,76,115,59,4
1011,12,55,6,131,57,116,137,18,93
1011,13,6,44,19,46,116,33,42,63
1011,14,64,138,45,91,73,50,143,63
1011,15,2,109,68,59,142,66,53,106
1011,16,108,137,101,14,45,46,98,75
1011,17,101,117,11,90,28,138,56,128
1011,18,11,29,86,106,122,101,30,103
1011,19,128,119,77,71,136,94,118,24
1011,20,67,54,39,31,82,127,135,69
1011,21,77,52,109,63,116,115,134,105
1011,22,106,94,33,19,71,82,78,35
1011,23,80,64,6,133,113,41,95,54
1011,24,32,54,94,119,69,22,90,103
1011,25,74,88,115,86,18,123,113,139
1011,26,97,66,93,109,60,115,72,70
1011,27,104,97,106,20,137,125,75,128
1011,28,29,108,106,83,133,41,25,77
1011,29,38,15,42,121,48,138,22,29
1011,30,72,46,57,21,29,116,114,75
1011,31,3,113,125,100,124,85,10,90
1011,32,4,12,78,44,13,32,25,60
1011,33,86,39,40,106,48,24,101,142
1011,34,83,30,40,98,127,79,129,39
1011,35,73,109,127,101,85,113,19,65
1011,36,81,5,116,51,16,8,36,124
1011,37,102,53,14,7,69,16,48,18
1011,38,14,84,89,97,51,40,16,101
1011,39,115,92,86,105,5,140,71,122
1011,40,119,133,55,23,70,68,46,109
1011,41,68,2,33,112,6,126,21,20
1011,42,107,8,44,0,136,123,7,1
1011,43,34,25,26,111,52,116,70,93
1011,44,24,104,79,80,13,67,114,143
1012,3,118,109,90,133,66,104,6,54
1012,4,38,100,142,91,99,85,71,26
1012,5,35,51,59,12,37,128,48,120
1012,6,13,135,16,109,27,45,31,82
1012,7,38,126,14,114,96,43,70,71
1012,8,5,69,68,105,52,32,116,41
1012,9,24,10,7,0,129,117,16,71
1012,10,44,10,66,103,89,123,20,62
1012,11,16,134,47,44,51,104,49,13
1012,12,140,135,143,120,7,37,128,125
1012,13,46,107,6,44,111,106,70,19
1012,14,79,139,3,112,77,56,40,45
1012,15,118,110,93,77,132,44,109,102
1012,16,14,47,137,98,75,97,133,82
1012,17,28,24,142,90,128,47,11,44
1012,18,110,20,1,122,86,30,55,76
1012,19,121,94,119,128,91,77,1,71
1012,20,32,2,95,135,113,67,121,65
1012,21,77,73,63,19,115,116,47,3
1012,22,94,71,78,35,59,65,56,19
1012,23,113,137,40,59,6,140,58,89
1012,24,54,13,69,119,120,16,12,130
1012,25,74,86,88,115,123,113,35,18
1012,26,97,115,7,53,122,109,25,19
1012,27,104,97,128,106,125,58,137,114
1012,28,108,29,133,85,106,83,41,89
1012,29,121,22,20,34,138,18,87,46
1012,30,21,46,57,72,29,133,96,59
1012,31,124,125,3,100,113,103,85,10
1012,32,13,4,78,42,32,93,25,44
1012,33,86,39,40,24,106,48,8,104
1012,34,83,30,40,79,98,39,129,36
1012,35,127,101,73,109,9,113,19,65
1012,36,5,81,8,116,128,65,124,35
1012,37,102,14,7,53,16,110,48,69
1012,38,14,51,89,40,23,97,117,9
1012,39,115,92,86,105,5,28,78,34
1012,40,133,70,68,55,23,90,119,34
1012,41,68,33,112,108,20,2,47,126
1012,42,107,8,0,44,18,136,123,1
1012,43,25,111,26,56,93,70,52,53
1012,44,24,79,91,13,80,31,15,67
1013,3,74,58,90,72,113,42,50,38
1013,4,64,91,112,59,87,104,93,108
1013,5,6,141,122,35,121,98,137,88
1013,6,65,20,13,60,34,4,71,109
1013,7,100,93,11,105,42,49,110,124
1013,8,111,125,52,139,10,5,42,136
1013,9,68,105,71,24,130,92,114,119
1013,10,136,91,89,99,54,68,85,62
1013,11,134,104,46,29,23,16,86,127
1013,12,41,18,96,75,109,128,0,125
1013,13,130,132,71,35,44,45,19,107
1013,14,28,31,63,106,117,72,8,76
1013,15,18,57,116,16,93,118,110,44
1013,16,137,18,84,106,57,110,133,40
1013,17,142,90,24,111,11,56,47,71
1013,18,1,130,42,110,106,86,105,137
1013,19,119,65,10,128,130,11,43,22
1013,20,53,32,65,2,15,50,137,81
1013,21,77,35,30,122,99,17,116,63
1013,22,71,109,56,29,78,94,43,72
1013,23,46,38,31,67,11,100,25,76
1013,24,90,54,69,13,12,19,42,50
1013,25,74,115,86,88,123,113,41,102
1013,26,97,66,40,106,138,90,120,4
1013,27,97,104,125,106,20,108,52,103
1013,28,108,29,41,85,133,91,31,8
1013,29,105,121,138,55,13,98,131,51
1013,30,46,72,99,57,59,28,67,13
1013,31,3,124,113,100,22,125,47,85
1013,32,78,42,93,92,64,32,133,20
1013,33,86,39,40,98,101,34,73,0
1013,34,83,30,98,13,40,79,127,129
1013,35,120,19,127,101,84,73,140,9
1013,36,81,116,5,79,124,104,14,8
1013,37,14,102,75,50,52,112,72,99
1013,38,44,51,33,40,89,104,117,32
1013,39,105,115,86,92,122,46,13,137
1013,40,137,133,111,119,68,90,71,37
1013,41,51,68,2,76,33,139,48,66
1013,42,91,8,107,4,47,123,52,131
1013,43,108,111,63,143,25,87,16,26
1013,44,81,0,42,13,68,31,22,87
1014,3,120,93,8,24,39,76,90,86
1014,4,24,30,16,119,21,95,52,40
1014,5,105,6,50,113,82,104,11,35
1014,6,11,86,1,123,27,35,129,69
1014,7,17,60,6,70,110,132,18,74
1014,8,35,10,132,64,42,116,71,54
1014,9,15,115,31,71,16,86,42,116
1014,10,27,19,86,18,133,37,96,21
1014,11,7,30,67,60,143,115,97,140
1014,12,96,99,95,114,70,18,103,88
1014,13,100,71,101,130,89,128,107,44
1014,14,63,76,53,117,129,111,113,128
1014,15,44,139,19,57,121,134,70,129
1014,16,106,15,137,74,84,30,45,77
1014,17,56,11,40,142,44,90,47,20
1014,18,42,1,34,135,106,37,90,125
1014,19,119,130,10,60,64,81,22,44
1014,20,63,53,65,32,137,81,143,131
1014,21,77,35,106,31,116,17,112,122
1014,22,71,29,56,26,99,43,70,21
1014,23,130,89,67,97,25,90,11,104
1014,24,12,69,104,54,90,129,84,89
1014,25,74,86,115,22,35,77,125,88
1014,26,97,96,138,83,66,40,115,118
1014,27,97,104,52,120,108,22,20,125
1014,28,108,121,29,140,109,41,133,0
1014,29,137,13,55,46,121,21,11,98
1014,30,46,17,132,59,57,72,89,29
1014,31,124,113,100,22,76,91,20,3
1014,32,78,93,106,18,20,137,76,129
1014,33,83,86,40,39,137,87,49,68
1014,34,83,103,40,98,13,79,114,56
1014,35,134,101,19,48,124,127,73,65
1014,36,5,81,8,116,7,124,108,65
1014,37,102,76,14,16,33,110,5,54
1014,38,89,40,14,9,111,93,71,23
1014,39,115,86,92,140,80,11,2,110
1014,40,119,133,70,98,122,18,23,68
1014,41,67,68,33,97,112,37,46,6
1014,42,123,8,58,107,87,134,119,42
1014,43,132,25,111,128,33,142,120,122
1014,44,31,83,24,13,89,17,142,20
1015,3,28,45,30,70,68,60,42,118
1015,4,125,107,24,69,70,112,89,20
1015,5,23,64,10,50,40,27,39,2
1015,6,107,6,95,8,99,80,45,116
1015,7,22,17,0,56,82,18,71,139
1015,8,10,61,55,11,143,46,3,71
1015,9,71,117,12,75,15,73,29,122
1015,10,122,137,68,140,86,138,90,94
1015,11,22,67,60,140,30,33,79,43
1015,12,96,2,70,112,128,90,17,87
1015,13,71,44,89,62,95,100,25,65
1015,14,63,117,53,4,13,52,56,11
1015,15,123,81,90,8,129,72,80,19
1015,16,137,121,15,60,45,85,107,43
1015,17,87,11,34,72,142,91,109,0
1015,18,1,42,125,87,116,106,8,79
1015,19,119,10,102,130,109,60,22,138
1015,20,65,67,56,15,53,81,127,87
1015,21,80,77,116,17,31,2,3,122
1015,22,134,71,29,28,105,102,83,116
1015,23,67,61,36,63,85,68,25,79
1015,24,44,80,69,71,12,135,129,37
1015,25,74,20,86,125,55,71,22,113
1015,26,97,108,39,40,15,91,111,125
1015,27,79,104,20,97,106,16,2,90
1015,28,108,114,109,58,107,29,27,75
1015,29,82,79,49,13,137,60,75,21
1015,30,46,12,59,43,42,29,57,16
1015,31,113,22,122,124,100,14,10,85
1015,32,116,93,78,32,115,64,36,27
1015,33,123,39,86,31,40,87,70,85
1015,34,83,40,39,50,114,103,65,98
1015,35,101,119,127,35,86,21,102,132
1015,36,81,5,8,23,113,36,116,107
1015,37,102,126,33,76,14,68,78,61
1015,38,40,84,89,97,131,32,55,60
1015,39,115,92,140,11,2,127,100,90
1015,40,119,112,133,5,122,37,66,125
1015,41,33,67,27,126,68,109,48,136
1015,42,8,107,84,136,40,141,36,37
1015,43,111,25,122,132,120,94,17,9
1015,44,83,24,79,51,55,116,105,135
1016,3,17,84,123,26,119,43,99,78
1016,4,129,138,33,20,109,14,63,100
1016,5,24,98,143,127,134,66,73,85
1016,6,94,11,28,12,14,24,50,19
1016,7,17,139,82,55,0,32,6,73
1016,8,11,8,141,93,70,89,35,75
1016,9,13,16,1,81,27,75,88,50
1016,10,59,52,118,73,14,122,103,6
1016,11,87,77,3,67,9,10,33,89
1016,12,96,69,70,58,112,126,117,128
1016,13,48,71,84,126,44,62,23,100
1016,14,117,63,115,13,128,95,111,73
1016,15,19,58,22,123,80,121,77,72
1016,16,137,122,106,93,60,121,84,116
1016,17,20,11,72,128,56,109,98,126
1016,18,42,1,87,116,135,29,37,101
1016,19,119,130,65,133,10,128,68,102
1016,20,65,53,137,67,50,131,6,56
1016,21,77,116,106,99,54,31,102,17
1016,22,29,71,137,56,83,105,26,93
1016,23,30,44,99,11,97,7,69,118
1016,24,69,105,12,71,37,60,109,38
1016,25,74,86,115,118,88,45,11,20
1016,26,97,136,66,1,50,4,40,69
1016,27,97,104,125,120,108,127,75,20
1016,28,29,108,133,137,45,40,89,106
1016,29,60,138,29,87,121,19,106,11
1016,30,139,72,46,57,43,135,20,41
1016,31,124,113,6,100,90,55,125,41
1016,32,78,85,33,32,93,109,20,63
1016,33,39,86,57,51,97,83,11,138
1016,34,83,137,28,40,98,30,36,64
1016,35,123,101,19,132,127,13,73,65
1016,36,81,34,8,136,116,104,124,50
1016,37,14,112,96,102,84,98,8,123
1016,38,71,51,22,111,34,14,40,9
1016,39,115,140,63,105,86,55,34,118
1016,40,123,37,119,77,133,100,130,14
1016,41,61,68,85,33,70,136,26,52
1016,42,23,8,46,96,87,40,107,136
1016,43,121,142,93,111,24,25,26,48
1016,44,116,129,37,30,103,24,40,34
