506,3,42,100,50,26,63,39,109,94
506,4,74,6,65,80,22,88,143,2
506,5,21,70,46,48,9,10,15,23
506,6,66,121,118,29,42,45,56,135
506,7,24,21,29,66,129,119,96,71
506,8,90,43,124,133,26,81,109,4
506,9,70,129,92,50,118,113,84,75
506,10,33,134,115,82,65,90,70,23
506,11,49,104,111,117,70,1,135,121
506,12,56,84,119,89,85,48,10,95
506,13,38,6,15,30,33,84,66,25
506,14,3,138,47,108,40,57,112,20
506,15,38,133,87,89,65,11,25,129
506,16,40,112,87,47,18,133,77,27
506,17,85,93,34,24,138,94,128,129
506,18,122,100,81,69,67,120,30,13
506,19,12,21,88,99,54,34,22,53
506,20,73,31,32,64,37,79,45,132
506,21,91,63,17,27,39,134,115,124
506,22,142,41,78,98,59,109,43,34
506,23,6,3,101,18,70,4,37,54
506,24,28,140,27,16,73,13,90,103
506,25,139,66,60,91,62,113,81,93
506,26,84,3,79,44,21,19,15,0
506,27,31,103,46,44,138,66,124,94
506,28,7,91,64,10,48,95,5,33
506,29,69,77,65,32,125,111,55,6
506,30,76,67,24,43,77,130,96,141
506,31,127,79,24,80,29,86,78,10
506,32,41,138,112,14,80,36,4,104
506,33,98,52,3,121,67,46,129,89
506,34,140,25,50,20,42,26,103,100
506,35,9,62,131,72,81,21,63,113
506,36,97,128,96,9,46,122,106,6
506,37,72,75,33,50,114,81,84,44
506,38,97,54,87,27,23,131,42,1
506,39,109,53,73,84,60,43,18,105
506,40,90,55,24,132,118,93,27,7
506,41,51,58,109,2,129,54,10,18
506,42,28,95,96,47,84,118,0,108
506,43,87,3,59,10,110,140,93,127
506,44,102,22,99,87,57,51,140,40
507,3,50,42,123,12,17,39,136,135
507,4,53,24,84,54,137,129,112,126
507,5,18,71,143,139,60,35,70,141
507,6,60,75,96,109,11,121,66,120
507,7,30,100,66,29,71,21,15,24
507,8,12,124,26,25,98,59,139,137
507,9,79,85,126,60,133,81,27,129
507,10,130,19,133,90,136,69,27,134
507,11,104,49,138,29,121,46,42,23
507,12,71,119,18,89,95,120,84,14
507,13,38,6,13,15,19,35,130,122
507,14,57,3,138,108,30,47,82,106
507,15,133,18,70,110,38,25,87,43
507,16,40,25,112,18,83,110,47,71
507,17,85,44,93,71,3,80,128,92
507,18,137,122,100,67,120,138,81,21
507,19,12,21,73,99,22,33,53,106
507,20,73,31,32,45,81,132,54,79
507,21,91,134,63,122,130,115,8,27
507,22,109,142,78,41,43,19,98,12
507,23,101,6,3,54,70,74,86,11
507,24,140,28,13,103,73,16,27,90
507,25,139,66,107,60,81,31,126,40
507,26,3,44,79,21,2,15,19,90
507,27,31,138,44,46,59,30,49,66
507,28,91,10,48,95,18,37,33,5
507,29,51,1,32,65,125,6,73,98
507,30,86,13,99,132,77,43,52,9
507,31,24,86,31,19,51,10,88,48
507,32,138,3,92,124,135,24,131,76
507,33,121,3,34,67,98,13,143,85
507,34,92,20,42,25,26,50,138,70
507,35,70,120,12,72,81,131,102,135
507,36,128,97,114,96,1,9,122,60
507,37,29,99,40,81,114,92,97,44
507,38,33,54,108,1,42,87,131,100
507,39,46,53,73,47,60,18,131,4
507,40,90,24,137,29,55,118,132,22
507,41,58,51,142,2,67,48,89,124
507,42,30,21,47,118,142,16,91,54
507,43,10,63,128,97,138,101,108,110
507,44,57,81,86,42,0,83,46,17
508,3,60,93,76,26,101,39,49,41
508,4,40,22,102,124,30,119,27,21
508,5,44,109,121,14,134,26,25,106
508,6,118,110,63,8,133,11,121,89
508,7,29,30,52,70,85,5,1,121
508,8,98,35,81,6,47,25,99,125
508,9,24,128,55,120,119,50,67,73
508,10,37,20,133,67,90,94,18,92
508,11,10,49,104,44,88,20,11,140
508,12,99,24,119,18,69,95,33,84
508,13,101,6,33,128,38,5,75,103
508,14,108,47,40,18,20,36,141,7
508,15,25,143,38,133,44,107,121,16
508,16,112,25,79,40,90,101,125,22
508,17,16,34,80,20,93,71,129,43
508,18,100,12,122,67,115,69,137,77
508,19,73,12,33,21,88,22,99,53
508,20,73,63,1,132,45,110,79,31
508,21,91,8,17,128,71,132,90,119
508,22,98,105,78,62,41,28,43,12
508,23,89,101,63,54,130,6,3,123
508,24,27,129,73,140,103,134,26,113
508,25,139,66,24,60,40,22,81,91
508,26,44,3,90,13,119,22,96,73
508,27,66,31,46,44,59,75,27,74
508,28,71,19,25,132,18,33,143,99
508,29,65,32,125,100,11,73,103,29
508,30,11,72,43,77,86,9,132,70
508,31,24,86,51,13,19,88,31,130
508,32,138,76,109,62,38,87,24,14
508,33,3,121,83,13,97,67,30,143
508,34,103,50,25,92,26,138,136,101
508,35,134,12,117,131,133,55,72,63
508,36,128,97,106,14,96,70,72,108
508,37,81,114,95,44,123,113,109,134
508,38,140,54,11,87,131,128,63,6
508,39,53,18,52,60,84,35,47,135
508,40,132,22,94,121,122,29,118,55
508,41,58,138,128,103,18,93,67,22
508,42,58,99,116,118,16,50,25,76
508,43,97,110,132,106,124,13,10,15
508,44,83,46,40,36,45,19,121,80
509,3,59,91,80,45,2,96,43,13
509,4,55,104,64,63,102,79,29,6
509,5,0,83,40,48,38,61,85,14
509,6,126,74,1,118,20,49,60,121
509,7,72,15,143,21,106,65,110,123
509,8,98,4,83,99,43,101,35,16
509,9,36,5,34,24,32,128,50,120
509,10,79,94,12,126,139,90,131,3
509,11,27,42,49,46,10,104,119,33
509,12,120,53,119,103,76,25,99,39
509,13,122,35,101,5,127,6,8,68
509,14,106,108,129,9,47,36,16,18
509,15,25,43,99,143,51,91,133,35
509,16,79,112,55,25,61,125,100,54
509,17,93,32,43,129,34,97,59,16
509,18,115,100,122,12,3,72,34,106
509,19,71,73,140,37,20,12,33,78
509,20,1,38,79,90,5,73,108,63
509,21,39,91,10,63,98,47,130,8
509,22,98,25,119,78,130,41,12,105
509,23,101,16,133,42,11,3,56,100
509,24,27,128,129,43,109,126,73,56
509,25,139,66,24,10,81,69,91,44
509,26,44,3,119,13,75,111,1,73
509,27,66,31,44,46,130,82,127,59
509,28,91,71,120,124,50,132,47,33
509,29,98,32,65,125,55,11,63,39
509,30,99,11,72,70,43,86,9,77
509,31,24,86,51,88,48,20,85,5
509,32,138,76,38,55,62,14,3,84
509,33,13,3,121,67,85,34,112,143
509,34,101,50,26,25,138,42,100,47
509,35,81,12,133,72,119,124,134,37
509,36,128,96,97,114,122,106,90,110
509,37,114,81,44,109,48,97,104,46
509,38,33,54,100,140,76,131,11,87
509,39,53,18,35,46,84,60,47,135
509,40,132,117,109,59,121,24,7,118
509,41,58,48,112,138,22,28,17,46
509,42,99,118,123,76,50,138,30,6
509,43,67,10,97,110,74,13,24,101
509,44,45,46,36,135,40,59,81,55
510,3,113,112,15,24,66,93,134,13
510,4,62,106,70,118,89,125,65,5
510,5,50,141,48,93,52,95,89,35
510,6,92,118,36,66,96,42,132,76
510,7,60,109,131,121,21,122,124,66
510,8,6,98,49,75,16,43,26,35
510,9,133,14,117,37,50,73,128,41
510,10,138,121,1,90,81,18,106,24
510,11,49,9,54,104,10,117,121,27
510,12,119,83,7,71,95,13,126,111
510,13,5,122,54,53,6,127,28,132
510,14,108,115,47,57,20,109,63,18
510,15,25,38,84,143,35,133,44,124
510,16,112,90,79,23,85,30,32,113
510,17,72,108,85,41,20,129,44,80
510,18,100,12,67,122,69,129,137,77
510,19,73,33,21,12,20,99,140,27
510,20,73,1,47,45,108,132,124,41
510,21,91,113,90,30,17,122,128,48
510,22,12,98,1,78,118,19,41,116
510,23,101,98,140,112,3,60,6,54
510,24,126,56,140,82,27,129,72,46
510,25,139,24,66,81,40,141,62,31
510,26,44,13,3,125,50,19,79,70
510,27,31,66,44,46,103,82,138,130
510,28,120,119,99,134,124,19,31,33
510,29,27,32,100,11,103,65,98,125
510,30,11,135,86,43,9,77,104,52
510,31,24,51,86,79,29,106,127,137
510,32,138,19,41,76,38,62,51,36
510,33,3,121,83,13,97,138,89,143
510,34,100,50,70,26,1,42,92,25
510,35,54,12,4,86,134,117,115,72
510,36,128,97,106,27,14,111,72,70
510,37,112,81,114,113,44,10,67,94
510,38,140,72,54,23,128,97,131,104
510,39,53,18,84,62,49,135,73,47
510,40,132,121,22,24,94,55,118,77
510,41,58,138,54,18,128,98,86,142
510,42,115,76,23,113,46,116,118,99
510,43,97,110,13,24,32,36,10,116
510,44,36,2,80,37,135,22,62,50
511,3,59,72,135,74,17,96,104,11
511,4,73,80,51,96,93,116,20,109
511,5,9,30,117,91,40,32,28,139
511,6,66,92,116,142,42,75,121,118
511,7,118,24,27,106,71,101,29,28
511,8,22,137,17,25,43,98,6,45
511,9,52,140,131,95,84,64,29,73
511,10,83,13,102,132,128,90,97,49
511,11,1,132,49,121,81,6,0,8
511,12,119,42,57,84,7,71,127,18
511,13,6,70,101,15,36,132,122,127
511,14,73,138,57,69,78,47,63,106
511,15,117,68,102,25,143,3,87,133
511,16,112,46,59,27,25,108,87,119
511,17,138,34,129,72,51,45,43,94
511,18,122,100,12,67,120,77,78,69
511,19,12,21,22,73,88,33,25,99
511,20,73,31,64,1,132,79,81,45
511,21,91,63,27,39,134,24,98,14
511,22,125,78,142,98,138,37,19,43
511,23,6,54,137,101,95,114,41,3
511,24,140,32,129,27,103,46,3,14
511,25,139,66,24,31,62,81,69,60
511,26,44,13,3,47,79,91,15,137
511,27,31,46,44,66,74,138,50,82
511,28,33,124,48,120,86,64,95,19
511,29,65,3,32,103,34,87,125,41
511,30,21,87,13,45,86,115,141,123
511,31,24,74,86,130,29,51,127,39
511,32,138,12,66,76,60,2,25,24
511,33,129,3,121,67,138,143,85,13
511,34,92,25,50,75,26,38,42,138
511,35,70,12,134,102,55,81,63,124
511,36,97,111,69,96,70,128,46,100
511,37,115,81,67,92,114,27,40,135
511,38,97,108,113,33,29,20,63,11
511,39,73,53,134,60,135,18,47,102
511,40,132,22,29,90,24,118,55,27
511,41,58,128,138,22,86,142,21,54
511,42,47,118,116,99,44,76,32,16
511,43,10,64,49,97,124,15,63,139
511,44,36,81,61,86,34,17,42,68
512,3,81,141,10,11,43,104,73,37
512,4,103,73,51,37,137,96,79,1
512,5,123,91,72,127,117,70,15,139
512,6,106,30,118,75,42,20,142,105
512,7,53,124,57,39,24,5,71,30
512,8,31,7,6,137,43,98,81,49
512,9,93,103,109,52,140,138,29,13
512,10,65,111,142,114,104,24,137,89
512,11,78,49,104,132,102,121,26,38
512,12,67,119,71,42,104,84,7,116
512,13,36,6,70,127,54,52,15,25
512,14,114,138,108,73,57,18,67,95
512,15,25,11,15,87,133,91,134,46
512,16,6,112,59,119,98,86,45,20
512,17,51,34,76,18,50,44,138,85
512,18,12,100,132,67,122,115,69,111
512,19,73,33,141,21,20,85,22,12
512,20,1,79,73,108,132,112,46,41
512,21,113,91,98,85,92,14,30,90
512,22,91,138,37,12,125,78,98,41
512,23,91,47,57,54,112,101,98,6
512,24,52,2,56,27,129,46,126,140
512,25,142,139,31,66,24,9,125,5
512,26,44,13,47,3,57,92,37,143
512,27,31,44,46,67,66,103,65,50
512,28,48,95,110,33,5,124,103,18
512,29,25,65,32,125,103,87,3,75
512,30,115,141,71,45,86,87,107,77
512,31,24,62,69,93,136,51,86,39
512,32,138,131,57,2,41,135,76,130
512,33,129,67,121,3,85,138,100,5
512,34,25,75,20,50,123,26,42,138
512,35,55,57,70,131,44,120,115,13
512,36,97,111,48,128,96,99,86,100
512,37,44,45,92,9,97,109,63,115
512,38,131,73,54,104,143,113,76,108
512,39,134,53,17,108,73,18,96,60
512,40,63,89,78,132,44,24,7,3
512,41,87,63,58,21,13,139,30,50
512,42,78,54,127,118,32,134,100,20
512,43,131,138,95,93,67,63,139,120
512,44,131,128,10,95,68,36,69,112
513,3,39,86,120,109,93,123,85,45
513,4,61,104,106,84,40,34,138,103
513,5,6,29,98,70,136,32,48,132
513,6,86,118,120,63,133,69,109,138
513,7,21,29,52,60,5,112,119,124
513,8,35,47,54,26,70,128,105,6
513,9,31,115,0,67,39,89,84,142
513,10,37,38,39,133,20,90,89,76
513,11,62,49,7,111,66,53,104,94
513,12,24,119,95,99,3,82,47,13
513,13,90,101,128,100,15,96,132,27
513,14,18,108,103,20,32,85,40,52
513,15,107,39,128,69,94,44,38,127
513,16,112,71,80,43,30,111,134,0
513,17,88,16,76,43,37,42,0,134
513,18,115,100,67,138,12,69,140,34
513,19,73,20,71,33,54,111,28,101
513,20,1,90,63,132,79,117,4,41
513,21,98,91,39,120,101,132,67,92
513,22,138,119,130,98,91,125,41,78
513,23,57,89,133,130,42,101,54,6
513,24,27,115,89,129,126,25,141,16
513,25,66,9,61,5,22,31,139,125
513,26,57,92,13,96,3,47,37,44
513,27,47,31,59,46,67,117,9,58
513,28,103,64,25,110,37,13,96,21
513,29,6,52,122,46,87,25,10,0
513,30,132,87,115,124,86,120,111,131
513,31,130,86,93,62,20,136,109,143
513,32,24,39,106,137,49,128,138,53
513,33,83,127,138,80,143,24,79,87
513,34,92,103,79,117,5,50,120,38
513,35,14,134,47,45,124,136,59,86
513,36,48,97,108,111,69,31,44,143
513,37,16,110,136,97,88,9,81,105
513,38,11,115,63,29,62,20,25,27
513,39,17,119,118,15,34,102,2,52
513,40,27,63,92,132,29,44,72,140
513,41,67,13,128,23,22,89,93,58
513,42,78,96,99,16,32,51,116,134
513,43,128,83,15,97,103,132,139,12
513,44,83,17,122,121,36,49,93,59
514,3,9,71,86,125,39,42,52,99
514,4,94,2,15,56,132,54,72,37
514,5,90,47,143,127,7,15,14,95
514,6,26,113,118,42,133,69,66,90
514,7,29,21,3,52,112,134,75,115
514,8,35,22,43,99,133,128,26,46
514,9,19,115,69,39,89,135,29,128
514,10,29,90,67,109,96,10,65,75
514,11,92,49,66,57,62,46,78,23
514,12,119,99,24,89,34,69,106,128
514,13,6,90,15,84,65,141,132,101
514,14,40,138,20,36,108,18,52,57
514,15,38,87,128,107,79,115,1,94
514,16,112,71,46,87,116,18,67,57
514,17,138,34,93,88,50,43,85,105
514,18,122,100,115,12,140,70,72,34
514,19,71,12,73,33,21,32,78,88
514,20,79,31,21,62,122,73,1,13
514,21,63,39,67,110,27,91,68,128
514,22,98,139,23,142,19,78,22,41
514,23,6,101,51,2,3,72,70,32
514,24,27,103,53,86,74,68,129,96
514,25,139,60,113,34,93,66,91,98
514,26,15,7,141,0,44,101,21,19
514,27,27,135,46,132,138,66,75,137
514,28,95,33,10,51,2,74,46,119
514,29,125,74,50,32,132,130,42,133
514,30,70,126,32,4,11,13,41,79
514,31,69,24,86,119,39,80,139,127
514,32,131,105,39,115,108,38,138,57
514,33,121,85,1,143,3,67,131,5
514,34,38,25,26,104,92,14,50,20
514,35,28,3,76,12,92,15,55,67
514,36,96,123,69,100,128,92,15,37
514,37,45,99,81,107,78,135,92,7
514,38,15,27,1,42,54,73,82,32
514,39,53,60,86,143,28,108,115,73
514,40,29,132,49,43,59,7,121,68
514,41,128,58,87,93,22,112,13,8
514,42,35,78,16,99,51,119,41,32
514,43,120,60,58,15,135,139,97,12
514,44,122,49,130,17,36,34,121,141
515,3,108,77,127,63,133,74,134,80
515,4,68,14,128,119,88,74,105,15
515,5,39,136,32,116,88,143,40,131
515,6,31,75,54,112,106,131,118,47
515,7,21,29,102,22,112,75,11,125
515,8,61,35,46,99,9,133,72,81
515,9,67,126,89,108,142,118,73,42
515,10,59,90,110,10,137,1,73,52
515,11,99,89,133,66,49,104,53,128
515,12,111,119,2,14,121,33,22,69
515,13,90,101,126,43,141,113,132,106
515,14,36,40,18,103,108,20,67,136
515,15,38,128,107,94,123,39,25,1
515,16,0,112,94,80,71,30,67,88
515,17,42,88,34,134,37,138,6,128
515,18,115,34,140,138,122,100,69,67
515,19,73,71,122,33,78,94,20,50
515,20,1,129,79,117,125,13,35,41
515,21,98,47,80,39,8,49,68,14
515,22,138,98,130,117,23,2,60,64
515,23,36,42,133,61,101,57,111,143
515,24,115,27,126,84,129,61,86,38
515,25,61,125,31,139,5,66,9,40
515,26,57,13,92,3,22,79,19,46
515,27,46,9,31,132,90,95,67,47
515,28,103,114,64,13,109,21,58,81
515,29,79,132,52,118,119,126,122,65
515,30,12,87,59,86,119,124,131,81
515,31,93,86,54,122,81,94,143,130
515,32,39,24,139,52,42,122,134,63
515,33,127,143,48,139,83,121,90,82
515,34,92,38,24,117,120,33,116,119
515,35,130,12,14,134,45,33,136,63
515,36,111,97,69,64,41,48,44,102
515,37,136,20,16,27,47,36,126,92
515,38,82,121,62,143,25,40,76,63
515,39,17,119,118,34,127,2,83,27
515,40,132,29,65,118,92,68,27,4
515,41,13,128,93,22,89,75,115,86
515,42,78,16,35,77,22,31,109,141
515,43,97,60,135,120,54,99,56,52
515,44,49,121,130,141,34,59,36,126
516,3,13,42,97,100,39,19,34,127
516,4,52,106,123,12,68,72,16,15
516,5,115,114,88,47,122,143,39,18
516,6,44,92,123,75,61,131,77,54
516,7,117,29,22,71,48,12,130,101
516,8,46,99,12,133,28,71,122,9
516,9,37,67,62,89,66,130,142,22
516,10,59,73,45,85,77,16,90,79
516,11,55,104,49,115,5,77,13,19
516,12,83,36,111,82,22,71,25,134
516,13,90,97,135,120,11,23,45,139
516,14,40,0,77,2,74,114,32,103
516,15,124,52,115,131,76,90,128,82
516,16,43,90,116,112,56,34,67,32
516,17,6,29,39,109,59,42,105,120
516,18,77,88,115,12,72,69,45,122
516,19,20,33,80,84,73,71,78,94
516,20,1,9,103,42,35,13,38,79
516,21,20,14,15,67,98,39,110,47
516,22,62,138,130,117,20,98,139,103
516,23,78,104,133,101,61,50,102,111
516,24,117,82,27,83,76,84,111,73
516,25,61,141,118,93,139,2,125,24
516,26,13,140,53,10,1,19,75,57
516,27,80,33,38,66,31,46,130,30
516,28,119,95,96,81,10,25,40,69
516,29,134,125,32,63,11,21,10,47
516,30,143,79,52,19,8,131,43,24
516,31,94,86,56,119,47,41,24,28
516,32,105,39,131,82,104,38,7,84
516,33,121,143,130,1,24,3,129,48
516,34,21,38,92,101,26,50,45,25
516,35,130,3,134,28,12,69,102,113
516,36,69,97,141,73,128,100,111,102
516,37,136,20,92,102,48,27,67,107
516,38,121,27,88,125,82,1,16,75
516,39,53,60,143,108,39,27,71,66
516,40,29,132,121,65,143,91,50,68
516,41,128,93,8,58,22,115,6,62
516,42,16,46,22,78,103,33,77,31
516,43,24,97,52,54,99,33,68,120
516,44,49,66,130,36,34,58,20,143
517,3,42,80,108,123,24,118,40,74
517,4,3,125,109,27,112,86,107,119
517,5,40,53,139,33,54,86,34,84
517,6,80,120,107,48,54,128,133,135
517,7,29,26,110,111,71,75,130,46
517,8,81,35,34,6,133,102,32,114
517,9,142,26,107,76,46,112,39,88
517,10,133,32,20,45,86,140,94,10
517,11,22,96,53,66,49,55,115,5
517,12,123,111,130,24,68,11,106,29
517,13,12,3,23,101,127,90,140,100
517,14,4,113,40,11,91,74,141,7
517,15,131,135,90,128,40,39,93,82
517,16,15,112,60,80,93,129,90,32
517,17,109,123,76,16,61,96,92,12
517,18,77,87,115,69,10,45,107,12
517,19,27,20,71,80,84,73,33,126
517,20,1,35,30,128,5,38,91,108
517,21,20,98,14,47,104,142,17,10
517,22,138,130,137,20,62,117,83,102
517,23,68,61,103,104,133,101,42,2
517,24,117,115,82,27,129,108,126,109
517,25,61,125,141,9,33,31,81,14
517,26,57,134,13,19,124,70,3,18
517,27,67,127,22,66,9,132,115,117
517,28,103,119,64,13,4,39,95,63
517,29,52,28,122,41,112,76,75,87
517,30,63,87,115,124,131,39,42,19
517,31,93,86,54,47,51,62,28,45
517,32,105,137,3,39,33,133,74,24
517,33,97,143,48,83,132,130,138,70
517,34,92,119,117,31,131,120,55,24
517,35,14,134,45,124,21,46,130,100
517,36,23,136,14,69,24,48,111,106
517,37,136,129,68,20,88,60,96,23
517,38,40,119,143,36,102,24,48,76
517,39,17,12,49,129,34,118,15,4
517,40,132,71,63,29,68,44,118,125
517,41,13,128,67,93,85,54,109,27
517,42,135,103,78,84,22,27,16,8
517,43,94,109,33,3,6,127,12,120
517,44,85,51,18,83,49,123,99,20
518,3,8,67,91,64,134,124,92,5
518,4,55,81,86,34,129,42,133,37
518,5,122,117,0,71,64,86,136,40
518,6,87,34,55,54,112,52,50,49
518,7,75,86,99,120,49,102,108,32
518,8,133,81,6,40,99,112,35,47
518,9,142,42,90,136,15,67,102,113
518,10,139,90,20,94,133,59,18,134
518,11,22,104,2,53,55,33,115,113
518,12,123,46,13,95,69,103,17,126
518,13,12,6,77,97,127,101,23,90
518,14,40,113,4,36,91,74,35,19
518,15,131,39,90,128,135,74,38,94
518,16,24,112,93,32,60,129,125,90
518,17,8,109,65,92,96,27,105,63
518,18,77,87,45,23,122,1,12,100
518,19,20,13,27,73,94,80,71,33
518,20,35,47,76,38,15,106,110,91
518,21,104,20,47,139,17,123,3,67
518,22,36,130,62,134,137,117,83,98
518,23,33,77,61,129,133,2,85,29
518,24,129,109,67,24,82,50,27,85
518,25,118,141,14,139,22,60,2,113
518,26,103,13,75,19,15,70,138,45
518,27,38,80,132,66,14,54,77,33
518,28,81,96,124,119,65,95,64,2
518,29,134,28,11,96,32,82,41,125
518,30,19,54,43,131,96,42,31,69
518,31,86,56,127,41,134,31,75,32
518,32,105,7,57,142,84,81,133,38
518,33,121,143,1,85,13,24,112,115
518,34,101,77,92,38,50,33,47,30
518,35,48,130,117,12,124,70,41,28
518,36,69,14,102,111,86,113,140,100
518,37,136,114,81,1,92,102,20,107
518,38,100,120,117,46,20,121,40,87
518,39,39,80,100,101,12,71,26,115
518,40,132,29,65,143,6,68,4,26
518,41,20,128,13,58,113,107,44,93
518,42,78,22,15,8,116,35,57,134
518,43,66,97,124,12,120,53,132,103
518,44,49,121,126,105,11,135,130,48
519,3,7,18,56,133,80,119,96,51
519,4,93,42,68,27,117,35,5,34
519,5,110,117,136,77,120,116,39,98
519,6,106,121,70,48,117,6,75,61
519,7,124,29,99,112,93,110,140,130
519,8,35,133,99,81,6,34,122,26
519,9,142,102,92,88,104,67,83,129
519,10,20,32,68,90,59,73,134,89
519,11,66,53,49,104,5,128,1,121
519,12,128,69,99,17,76,95,23,58
519,13,23,90,101,34,126,141,6,97
519,14,40,108,18,67,36,74,11,91
519,15,128,94,107,63,44,38,39,124
519,16,112,54,90,47,116,32,71,67
519,17,109,42,66,43,88,1,82,80
519,18,12,67,1,77,140,122,13,100
519,19,101,71,73,33,20,27,84,22
519,20,1,90,106,35,111,108,79,136
519,21,10,98,47,39,38,104,4,13
519,22,130,137,98,117,138,20,83,103
519,23,133,99,79,33,101,50,30,85
519,24,27,129,115,44,141,126,100,73
519,25,45,139,31,20,9,11,125,66
519,26,57,92,13,124,51,18,19,3
519,27,67,9,46,89,138,38,31,114
519,28,103,40,6,110,64,96,119,25
519,29,52,103,41,32,65,0,75,62
519,30,115,87,86,59,141,131,74,55
519,31,62,86,93,130,114,107,141,135
519,32,104,59,105,24,127,53,49,77
519,33,51,138,3,83,97,79,130,140
519,34,92,31,44,70,34,50,118,27
519,35,14,135,102,66,124,74,4,46
519,36,48,27,136,97,106,24,111,0
519,37,60,81,113,96,119,123,67,114
519,38,24,140,76,128,45,62,100,20
519,39,17,102,63,53,62,81,4,15
519,40,63,94,71,92,68,24,132,77
519,41,13,58,85,18,128,43,29,138
519,42,78,118,32,134,96,51,23,5
519,43,106,142,39,53,83,109,124,97
519,44,37,76,126,109,48,16,50,36
520,3,90,26,112,134,83,121,136,42
520,4,71,91,116,14,85,23,93,60
520,5,131,60,40,26,116,76,32,39
520,6,87,65,61,47,139,53,33,69
520,7,21,52,29,110,22,32,119,112
520,8,61,101,99,3,71,68,121,35
520,9,47,21,125,4,101,90,126,128
520,10,139,97,20,11,89,90,134,81
520,11,2,53,135,66,123,49,104,122
520,12,76,114,8,110,119,13,103,112
520,13,90,101,30,126,106,66,116,120
520,14,7,103,18,3,82,42,36,108
520,15,117,111,94,120,71,38,35,99
520,16,143,112,55,80,79,71,102,30
520,17,42,98,134,88,43,66,105,138
520,18,115,140,12,122,67,107,100,69
520,19,71,73,78,33,94,20,32,101
520,20,1,38,90,79,5,106,136,93
520,21,39,98,113,67,110,10,64,56
520,22,98,138,130,119,103,25,139,61
520,23,133,16,101,79,99,33,57,18
520,24,27,128,115,129,92,141,121,126
520,25,9,66,31,103,125,139,61,5
520,26,92,57,110,21,3,13,1,19
520,27,67,31,59,14,124,132,13,46
520,28,103,71,110,140,25,50,121,118
520,29,11,122,1,39,62,10,103,68
520,30,87,11,17,48,115,39,86,131
520,31,62,39,86,20,109,136,130,76
520,32,116,0,138,33,36,69,74,88
520,33,124,3,99,138,79,70,98,48
520,34,103,130,123,50,26,136,45,88
520,35,119,45,135,143,86,133,14,46
520,36,48,19,133,116,97,124,110,111
520,37,81,67,126,61,119,65,92,9
520,38,128,62,1,20,119,76,88,100
520,39,17,53,102,2,52,70,44,118
520,40,93,63,92,72,125,4,44,118
520,41,43,13,103,67,89,34,123,26
520,42,77,78,118,134,124,5,88,52
520,43,106,53,109,135,83,31,103,55
520,44,30,89,65,62,126,16,34,33
521,3,53,47,109,119,112,8,43,91
521,4,17,85,33,6,14,63,7,116
521,5,84,60,102,35,116,37,18,122
521,6,69,134,37,55,34,48,121,19
521,7,33,71,46,43,21,23,75,53
521,8,5,8,61,109,101,108,72,125
521,9,110,101,94,125,24,47,128,67
521,10,39,90,10,139,103,52,1,21
521,11,134,38,86,66,2,104,135,88
521,12,43,103,114,135,89,119,4,28
521,13,103,90,104,17,101,126,132,5
521,14,108,30,7,107,112,82,18,42
521,15,41,117,35,124,123,94,111,38
521,16,143,74,112,107,79,55,80,30
521,17,30,134,91,76,80,77,39,43
521,18,34,115,100,124,57,1,141,55
521,19,114,133,140,122,102,73,20,3
521,20,1,52,112,22,46,24,20,120
521,21,98,47,57,14,67,112,90,54
521,22,138,19,130,98,85,77,117,42
521,23,133,101,42,85,36,129,2,74
521,24,13,129,115,27,121,46,113,92
521,25,34,66,81,139,31,125,9,6
521,26,77,92,57,13,44,21,119,88
521,27,31,27,46,132,14,138,67,93
521,28,103,71,118,13,50,121,85,110
521,29,11,122,39,34,73,0,1,5
521,30,87,115,8,39,48,17,11,92
521,31,62,39,86,130,20,93,45,142
521,32,137,116,88,51,138,74,36,55
521,33,124,3,138,99,79,143,134,38
521,34,76,33,50,45,111,101,88,92
521,35,14,143,47,45,134,115,119,57
521,36,48,106,97,133,124,88,9,119
521,37,67,51,81,10,136,79,105,119
521,38,128,119,20,62,18,11,104,136
521,39,17,53,102,52,2,26,60,39
521,40,87,71,63,44,92,132,125,24
521,41,103,13,23,128,89,34,75,18
521,42,78,118,32,77,134,80,123,5
521,43,106,135,83,53,91,74,103,21
521,44,62,126,59,124,122,125,85,65
522,3,128,112,2,8,0,129,43,72
522,4,129,102,104,63,17,6,82,33
522,5,73,25,84,105,6,136,131,54
522,6,126,37,12,100,54,11,15,134
522,7,21,29,11,62,65,18,114,72
522,8,101,1,91,9,99,35,124,26
522,9,101,64,134,140,21,125,58,5
522,10,139,97,17,131,26,71,90,126
522,11,27,66,135,69,1,2,33,117
522,12,103,78,8,69,119,82,70,39
522,13,97,126,101,65,89,6,90,8
522,14,40,36,108,7,13,56,109,11
522,15,38,128,121,80,39,115,87,94
522,16,112,116,47,4,32,67,85,18
522,17,138,43,34,88,51,39,63,105
522,18,140,122,115,53,70,12,132,131
522,19,33,73,71,64,94,32,140,20
522,20,103,122,62,5,79,56,138,45
522,21,110,39,115,128,113,71,91,67
522,22,98,139,12,19,78,142,133,65
522,23,133,72,101,3,32,100,2,6
522,24,129,53,99,68,27,105,83,63
522,25,139,60,98,93,6,66,65,34
522,26,113,15,141,54,19,21,129,7
522,27,27,135,119,11,46,75,137,66
522,28,18,89,130,121,46,51,142,74
522,29,137,3,111,42,20,74,77,51
522,30,13,114,11,70,0,99,4,52
522,31,69,80,127,39,139,119,114,10
522,32,131,39,108,73,105,120,38,12
522,33,143,121,131,3,1,85,106,129
522,34,38,45,104,92,20,26,42,25
522,35,28,3,125,92,76,120,12,102
522,36,123,69,37,97,15,58,138,132
522,37,99,15,45,107,81,102,135,47
522,38,42,108,15,27,19,113,33,1
522,39,143,86,60,53,73,28,84,67
522,40,43,143,29,68,50,132,7,59
522,41,28,128,76,57,113,93,115,8
522,42,78,134,80,140,123,25,118,50
522,43,135,74,83,53,110,120,103,68
522,44,124,49,130,34,24,142,141,36
523,3,4,30,2,129,143,61,69,15
523,4,15,74,66,82,142,34,93,90
523,5,94,67,127,3,128,14,72,84
523,6,16,18,34,131,121,59,117,48
523,7,91,39,95,21,52,55,109,4
523,8,127,50,32,101,68,59,91,138
523,9,64,112,133,92,136,51,86,39
523,10,109,1,29,82,90,5,103,52
523,11,97,89,138,110,117,33,116,66
523,12,129,95,29,14,119,42,25,113
523,13,120,90,6,131,132,38,104,102
523,14,25,47,20,103,108,138,109,135
523,15,104,35,41,87,44,127,107,24
523,16,4,112,116,85,90,89,10,80
523,17,72,129,63,34,115,138,111,38
523,18,115,122,100,132,34,12,140,69
523,19,37,140,33,71,73,22,42,20
523,20,45,1,108,5,71,79,103,20
523,21,113,14,67,91,98,130,90,8
523,22,12,98,139,130,138,78,80,60
523,23,101,21,69,133,48,2,117,98
523,24,27,35,56,68,129,46,126,134
523,25,66,139,34,24,93,6,98,125
523,26,21,119,44,13,137,19,57,84
523,27,138,27,5,137,31,46,78,66
523,28,130,139,5,134,10,90,109,120
523,29,32,50,57,55,132,68,59,133
523,30,94,92,41,120,14,23,89,18
523,31,86,24,39,45,118,13,122,119
523,32,105,39,138,19,14,33,108,60
523,33,3,121,143,130,131,85,129,106
523,34,50,25,92,130,26,104,45,75
523,35,115,3,12,134,40,28,65,113
523,36,100,97,107,86,96,63,69,111
523,37,81,137,102,67,45,61,35,114
523,38,64,1,27,87,11,81,54,16
523,39,53,60,86,18,115,132,47,127
523,40,132,143,110,59,72,79,29,106
523,41,128,8,112,13,28,118,126,58
523,42,78,36,118,134,35,123,50,25
523,43,58,120,66,135,31,71,104,83
523,44,105,124,143,130,24,11,73,15
524,3,6,88,119,50,124,4,142,39
524,4,90,34,42,31,17,26,83,66
524,5,115,40,55,113,13,131,39,105
524,6,92,72,52,47,19,10,70,37
524,7,75,29,102,30,143,22,141,53
524,8,81,34,128,72,124,35,139,62
524,9,98,126,90,64,22,57,27,129
524,10,73,98,143,1,90,21,83,134
524,11,49,104,66,116,115,122,33,121
524,12,2,110,56,106,52,91,18,119
524,13,90,120,6,43,132,48,17,38
524,14,34,108,18,20,36,11,135,7
524,15,39,104,38,107,80,128,35,124
524,16,57,112,85,90,116,111,84,54
524,17,72,30,21,43,40,34,6,109
524,18,28,100,115,122,69,75,72,12
524,19,109,140,32,42,71,20,80,22
524,20,1,45,103,46,13,67,12,22
524,21,124,98,14,115,110,141,96,91
524,22,138,130,86,0,20,62,36,107
524,23,101,104,61,2,134,133,29,36
524,24,27,117,86,73,129,71,46,139
524,25,23,66,139,62,93,24,88,81
524,26,19,13,44,113,57,21,28,49
524,27,31,138,27,58,137,129,46,30
524,28,130,123,109,5,58,38,71,10
524,29,122,32,79,136,56,87,75,41
524,30,143,24,58,87,43,131,86,12
524,31,85,139,24,51,86,122,118,45
524,32,33,19,104,110,51,53,38,65
524,33,3,130,131,96,121,30,115,138
524,34,26,138,42,50,18,135,104,71
524,35,126,30,3,76,66,14,59,28
524,36,97,67,122,143,106,123,92,112
524,37,81,92,97,34,45,115,56,139
524,38,11,1,58,76,100,9,140,54
524,39,53,102,60,17,41,86,27,118
524,40,35,50,63,68,44,32,14,38
524,41,115,13,18,93,128,138,15,91
524,42,78,137,134,15,114,51,22,109
524,43,66,104,39,120,53,135,112,58
524,44,19,49,130,126,105,11,24,133
525,3,105,4,2,74,134,142,41,96
525,4,74,119,42,14,129,18,116,41
525,5,54,39,58,23,115,139,110,24
525,6,49,28,6,47,82,18,81,139
525,7,99,131,6,75,60,133,112,127
525,8,28,99,122,124,81,138,139,114
525,9,142,66,98,104,67,39,92,111
525,10,73,26,122,16,137,90,59,20
525,11,77,53,104,49,66,33,115,5
525,12,69,134,52,18,70,119,130,138
525,13,126,90,120,54,97,137,65,48
525,14,108,36,40,131,18,16,20,141
525,15,128,39,94,52,38,104,17,8
525,16,112,90,116,104,57,67,23,32
525,17,72,109,63,43,20,34,115,95
525,18,34,100,140,50,122,115,67,1
525,19,73,105,33,140,71,64,20,13
525,20,45,108,71,80,56,1,46,136
525,21,98,113,95,85,67,74,90,91
525,22,12,138,130,20,62,19,6,101
525,23,101,99,133,57,21,30,2,129
525,24,27,36,82,92,129,117,134,14
525,25,9,45,125,34,5,139,66,31
525,26,57,13,51,92,88,116,136,119
525,27,67,31,89,124,46,138,132,58
525,28,103,110,77,96,63,64,81,37
525,29,0,33,80,52,68,103,87,41
525,30,115,86,125,52,124,85,113,131
525,31,114,39,86,127,109,93,81,69
525,32,85,53,104,59,33,42,9,77
525,33,138,79,129,85,130,11,142,67
525,34,92,70,20,51,75,4,142,9
525,35,14,80,57,66,115,42,102,58
525,36,48,106,44,97,111,133,136,41
525,37,96,108,112,60,113,67,81,123
525,38,140,62,20,76,18,143,74,45
525,39,52,17,134,53,63,136,102,34
525,40,63,24,71,92,89,94,126,44
525,41,13,115,18,58,85,138,139,89
525,42,78,32,23,118,48,134,91,21
525,43,36,39,93,112,63,97,142,66
525,44,129,82,106,126,37,100,5,50
526,3,11,96,74,17,42,78,45,97
526,4,110,46,10,44,79,23,77,64
526,5,16,9,0,43,104,99,127,95
526,6,78,142,121,130,118,29,68,61
526,7,24,98,87,21,29,119,75,127
526,8,43,126,114,135,70,26,124,60
526,9,9,141,30,50,66,134,78,137
526,10,102,127,42,24,65,90,134,76
526,11,6,138,120,116,66,102,35,106
526,12,11,119,95,55,24,116,57,112
526,13,90,6,42,78,102,30,15,120
526,14,103,20,138,108,100,85,9,64
526,15,59,127,87,107,66,38,128,41
526,16,112,80,71,87,111,138,45,101
526,17,76,138,42,16,43,55,65,28
526,18,115,122,100,140,67,12,69,93
526,19,71,73,12,22,33,140,20,122
526,20,1,31,132,79,90,43,52,5
526,21,98,63,124,67,105,58,13,99
526,22,138,130,98,91,67,19,43,103
526,23,57,6,112,101,133,60,115,54
526,24,126,27,115,129,92,56,103,86
526,25,9,139,66,24,81,125,29,93
526,26,57,92,13,44,3,110,49,70
526,27,31,137,67,46,59,127,58,132
526,28,103,98,110,25,91,8,96,64
526,29,0,25,68,29,65,103,87,51
526,30,115,114,52,86,124,110,130,141
526,31,102,93,62,130,109,86,39,51
526,32,130,12,80,138,104,127,59,2
526,33,129,138,85,79,49,67,90,121
526,34,92,38,20,119,75,26,19,5
526,35,14,57,70,102,76,80,42,86
526,36,48,111,44,69,138,106,0,97
526,37,92,108,88,19,77,94,105,99
526,38,20,113,63,29,73,45,62,74
526,39,17,134,102,53,52,27,118,21
526,40,63,24,89,127,126,132,26,68
526,41,13,25,58,115,75,128,92,26
526,42,78,32,118,16,97,47,69,21
526,43,49,63,78,135,44,97,93,110
526,44,61,113,118,112,126,68,17,130
527,3,73,93,136,118,39,68,137,76
527,4,61,10,56,100,109,86,134,4
527,5,59,105,64,98,128,51,131,2
527,6,118,81,61,4,89,46,52,120
527,7,11,114,21,52,29,5,60,95
527,8,9,47,35,99,22,46,121,26
527,9,83,21,73,24,90,89,60,67
527,10,37,17,133,26,90,98,66,39
527,11,0,104,66,129,49,137,87,13
527,12,24,23,51,99,104,125,22,58
527,13,90,101,49,127,4,141,55,128
527,14,130,36,18,40,20,108,103,110
527,15,121,1,107,128,25,69,124,93
527,16,112,71,80,114,111,61,32,88
527,17,37,58,43,16,34,88,128,65
527,18,70,115,12,34,100,140,69,114
527,19,73,27,33,32,42,71,20,84
527,20,1,3,63,132,136,35,83,41
527,21,98,110,101,47,58,72,120,20
527,22,138,98,130,133,77,60,117,23
527,23,89,42,130,57,133,101,68,120
527,24,115,134,104,16,84,86,129,27
527,25,61,31,139,22,5,113,141,98
527,26,57,96,68,4,13,92,88,37
527,27,46,135,40,132,67,28,110,114
527,28,103,64,13,25,132,110,63,47
527,29,137,41,10,122,65,35,31,75
527,30,87,28,124,100,131,111,74,55
527,31,69,86,113,59,68,47,9,81
527,32,106,53,52,121,88,108,33,77
527,33,143,99,138,64,90,48,121,79
527,34,38,92,104,14,65,34,117,88
527,35,28,76,124,84,130,10,23,88
527,36,69,15,108,19,48,140,5,41
527,37,19,108,47,78,136,142,7,1
527,38,84,37,15,36,143,20,40,18
527,39,17,68,34,118,83,102,26,53
527,40,79,92,43,24,121,29,63,72
527,41,5,13,23,121,115,79,127,94
527,42,78,1,96,88,32,82,142,2
527,43,92,135,132,104,83,106,79,27
527,44,39,130,56,49,54,32,124,93
528,3,26,49,61,73,29,9,74,28
528,4,117,106,14,86,24,7,70,68
528,5,110,11,10,55,143,114,121,39
528,6,72,118,42,92,17,49,89,61
528,7,22,29,86,102,123,0,133,122
528,8,95,46,69,26,133,11,119,60
528,9,102,39,67,135,118,37,89,14
528,10,2,133,98,103,101,121,26,14
528,11,49,55,5,104,128,44,67,45
528,12,36,82,23,17,79,84,106,22
528,13,137,101,141,54,57,89,38,55
528,14,57,40,19,108,21,7,2,67
528,15,115,128,121,131,38,124,135,73
528,16,32,125,112,56,90,47,61,116
528,17,72,39,42,16,20,0,98,37
528,18,77,107,140,70,115,114,53,122
528,19,104,33,84,51,73,32,78,87
528,20,91,62,97,67,126,41,101,55
528,21,38,128,20,85,110,39,47,98
528,22,98,125,117,139,19,83,138,102
528,23,7,101,76,133,107,32,142,72
528,24,91,37,129,44,53,99,67,83
528,25,118,65,139,81,29,137,71,40
528,26,4,12,103,10,129,122,136,15
528,27,114,11,135,1,108,46,119,28
528,28,74,77,108,93,135,81,89,95
528,29,47,42,99,3,32,5,41,103
528,30,70,35,17,11,52,133,41,88
528,31,4,122,69,137,19,126,56,114
528,32,131,120,39,105,109,14,68,116
528,33,143,121,131,142,19,115,90,1
528,34,21,13,38,26,70,50,14,25
528,35,28,65,3,130,125,39,82,69
528,36,81,123,49,67,15,73,60,20
528,37,99,47,102,78,107,64,20,19
528,38,84,15,27,121,20,33,58,91
528,39,143,39,60,68,132,28,95,71
528,40,29,121,129,97,68,43,101,66
528,41,8,83,13,128,28,41,22,87
528,42,133,32,126,46,129,134,78,48
528,43,32,48,93,11,67,112,99,110
528,44,103,130,116,39,110,102,49,106
529,3,131,132,17,74,78,42,129,32
529,4,45,58,36,23,39,119,0,91
529,5,96,100,101,94,127,76,95,128
529,6,91,25,5,142,59,85,100,70
529,7,122,98,97,105,77,52,56,121
529,8,130,110,43,114,123,91,142,78
529,9,139,20,111,39,112,105,127,135
529,10,58,50,107,128,62,142,90,12
529,11,65,106,14,25,138,45,72,35
529,12,97,79,143,34,57,26,95,22
529,13,6,15,68,20,102,116,7,137
529,14,138,100,47,105,36,40,108,20
529,15,38,87,133,59,3,80,128,115
529,16,112,46,87,138,98,101,40,134
529,17,138,34,129,43,39,131,28,85
529,18,122,100,12,120,115,72,77,69
529,19,12,21,22,73,67,9,130,106
529,20,31,73,64,68,81,24,41,140
529,21,27,63,91,134,64,49,124,122
529,22,142,51,22,98,105,30,23,78
529,23,6,51,23,70,101,54,41,74
529,24,79,103,53,113,72,129,126,38
529,25,60,139,40,113,27,79,66,29
529,26,15,0,3,74,122,68,59,19
529,27,92,138,24,132,137,75,13,31
529,28,20,33,10,95,48,58,110,126
529,29,74,130,103,43,29,62,30,36
529,30,126,43,115,75,86,110,32,141
529,31,17,136,32,84,88,75,140,79
529,32,57,117,131,95,87,138,9,62
529,33,1,85,5,121,3,19,79,138
529,34,25,106,142,50,43,75,42,3
529,35,98,15,3,62,14,57,55,131
529,36,96,118,64,105,20,1,110,129
529,37,44,45,107,63,4,109,112,9
529,38,131,54,104,62,32,74,67,27
529,39,43,108,17,53,132,15,60,135
529,40,7,12,104,29,124,63,92,66
529,41,138,57,26,12,113,44,82,136
529,42,78,39,134,11,1,50,44,5
529,43,11,135,34,77,24,12,98,110
529,44,49,39,130,141,32,1,101,124
530,3,35,13,93,5,42,44,65,90
530,4,134,108,52,56,39,106,1,91
530,5,11,110,135,77,134,101,37,3
530,6,89,81,80,52,32,42,72,54
530,7,136,18,12,74,23,114,99,29
530,8,128,95,28,99,139,10,40,121
530,9,96,4,115,102,143,126,71,37
530,10,2,98,85,133,32,14,22,90
530,11,49,55,104,5,65,76,4,33
530,12,86,37,36,99,22,47,79,113
530,13,137,101,105,84,89,141,56,106
530,14,40,117,122,99,36,108,135,2
530,15,107,97,39,96,117,121,124,106
530,16,32,112,71,61,106,22,119,90
530,17,88,16,39,37,72,28,27,142
530,18,136,131,115,53,77,122,64,140
530,19,33,42,90,103,71,32,140,48
530,20,15,1,40,5,135,35,132,123
530,21,62,87,47,98,110,20,128,38
530,22,119,98,117,130,138,65,93,70
530,23,7,101,133,23,1,89,85,57
530,24,10,37,83,44,129,64,49,65
530,25,140,7,6,139,31,93,29,97
530,26,4,57,103,124,113,50,13,129
530,27,114,42,135,27,11,46,28,24
530,28,77,18,6,74,64,119,143,69
530,29,28,68,69,31,71,32,41,75
530,30,0,100,60,52,131,130,88,11
530,31,19,94,10,137,89,32,39,139
530,32,26,143,52,39,31,119,88,109
530,33,32,85,61,73,71,80,143,138
530,34,38,75,88,116,51,70,92,34
530,35,92,46,27,88,101,38,74,15
530,36,123,58,143,138,14,94,69,129
530,37,47,108,15,7,97,129,105,77
530,38,37,34,140,59,108,33,20,36
530,39,17,26,83,62,78,138,34,19
530,40,29,80,24,79,68,94,76,63
530,41,83,127,18,13,2,139,115,77
530,42,133,5,78,51,67,137,134,22
530,43,54,11,98,16,130,77,32,112
530,44,130,65,39,110,116,126,5,103
531,3,131,132,103,82,72,107,43,97
531,4,58,94,39,10,119,106,0,23
531,5,95,101,8,128,115,102,118,89
531,6,7,25,59,5,61,65,117,85
531,7,97,105,77,135,17,98,24,8
531,8,130,43,114,110,142,26,116,78
531,9,111,3,139,39,112,135,20,104
531,10,107,58,90,62,63,142,71,77
531,11,65,106,138,49,33,14,21,64
531,12,34,119,25,10,79,26,130,95
531,13,6,15,20,84,38,78,101,8
531,14,138,100,40,108,47,20,57,17
531,15,38,87,133,128,115,3,35,91
531,16,112,87,46,40,138,134,71,116
531,17,138,34,129,39,43,85,28,93
531,18,122,100,72,115,12,77,81,78
531,19,12,21,71,22,73,33,82,106
531,20,31,73,140,64,68,79,1,81
531,21,27,63,91,134,106,122,130,128
531,22,142,23,51,98,105,30,22,19
531,23,6,51,70,23,101,2,54,123
531,24,79,103,53,14,113,129,7,38
531,25,60,139,113,40,81,66,59,62
531,26,15,0,122,3,49,68,84,140
531,27,132,92,30,13,138,46,103,142
531,28,20,33,10,95,48,2,47,110
531,29,130,74,103,11,36,29,62,132
531,30,126,43,115,75,110,141,86,32
531,31,17,32,136,88,84,122,86,10
531,32,57,117,138,131,87,95,115,52
531,33,1,85,121,19,5,3,143,6
531,34,25,50,136,142,67,3,117,81
531,35,98,15,3,14,67,55,62,129
531,36,96,64,99,1,100,23,9,110
531,37,44,45,107,9,109,112,92,99
531,38,131,54,62,27,41,104,32,134
531,39,43,108,53,60,47,87,141,130
531,40,7,12,124,29,71,92,104,6
531,41,138,57,12,35,22,62,82,4
531,42,78,1,56,134,5,39,13,51
531,43,24,54,68,98,104,135,82,34
531,44,130,39,49,141,1,65,32,101
532,3,72,123,121,45,82,61,134,13
532,4,24,134,86,6,68,139,75,7
532,5,39,22,55,133,110,38,74,8
532,6,59,72,45,132,73,61,49,18
532,7,29,18,22,123,42,94,0,60
532,8,139,11,95,46,69,79,142,118
532,9,81,102,143,73,69,108,124,91
532,10,2,26,98,121,101,117,137,63
532,11,55,49,5,104,67,115,76,96
532,12,36,86,82,136,1,80,22,130
532,13,137,44,90,106,65,141,30,130
532,14,40,67,11,57,7,108,65,107
532,15,115,128,39,131,96,124,135,69
532,16,32,116,112,57,56,71,128,119
532,17,113,37,39,28,16,12,42,67
532,18,77,8,140,70,17,81,115,107
532,19,33,32,51,20,129,64,73,80
532,20,15,62,91,69,55,27,23,132
532,21,62,20,38,93,110,142,26,98
532,22,117,98,138,139,93,102,130,83
532,23,7,101,1,23,133,76,59,68
532,24,37,44,65,115,129,3,83,53
532,25,65,31,61,119,9,29,5,40
532,26,57,4,110,103,68,52,13,51
532,27,114,40,28,137,102,54,39,90
532,28,77,103,93,23,129,104,10,96
532,29,68,41,99,122,66,35,62,75
532,30,87,110,52,119,101,100,30,35
532,31,93,41,113,143,131,9,28,1
532,32,26,63,9,74,7,121,47,15
532,33,120,138,121,90,25,71,70,37
532,34,109,52,24,65,38,47,58,0
532,35,45,80,14,100,86,87,42,10
532,36,3,143,0,78,25,48,44,27
532,37,23,63,27,136,21,88,101,78
532,38,37,104,74,136,36,101,59,97
532,39,17,60,138,34,39,88,43,52
532,40,63,92,125,79,29,68,94,52
532,41,83,136,75,13,26,89,123,110
532,42,78,15,129,5,51,16,141,42
532,43,48,83,79,96,103,118,106,99
532,44,116,130,126,65,60,103,34,127
533,3,1,107,96,54,99,25,32,72
533,4,71,11,136,32,94,15,23,138
533,5,94,46,131,138,103,26,3,95
533,6,85,98,74,70,61,16,120,114
533,7,105,23,13,135,95,52,80,86
533,8,41,115,127,114,118,138,102,24
533,9,46,139,105,18,10,79,91,135
533,10,142,62,12,90,103,71,69,51
533,11,65,51,41,21,133,137,72,129
533,12,143,116,97,26,13,95,140,130
533,13,7,31,68,89,56,133,116,46
533,14,40,36,51,56,139,117,134,103
533,15,77,112,10,128,25,2,69,127
533,16,98,31,112,80,50,71,75,139
533,17,28,68,18,88,16,42,39,43
533,18,115,70,140,3,122,107,69,38
533,19,73,71,121,33,84,94,78,20
533,20,1,95,132,54,136,15,35,41
533,21,26,98,58,110,87,54,47,63
533,22,138,98,48,93,94,130,97,111
533,23,42,57,59,133,101,1,73,121
533,24,115,65,84,126,129,54,113,103
533,25,61,125,5,31,66,113,9,67
533,26,57,110,13,73,70,3,111,68
533,27,128,46,67,54,127,83,9,114
533,28,103,23,49,42,25,47,4,83
533,29,53,91,122,103,68,41,5,22
533,30,138,86,30,124,74,80,34,19
533,31,109,32,68,88,19,84,48,35
533,32,128,62,53,10,76,24,138,33
533,33,14,5,15,138,48,50,9,81
533,34,113,8,142,131,79,55,78,120
533,35,46,88,5,129,86,98,42,87
533,36,88,25,139,93,47,129,5,38
533,37,88,136,64,9,97,59,6,13
533,38,104,115,119,12,138,32,121,29
533,39,79,70,110,44,102,109,88,92
533,40,143,32,80,44,104,117,118,11
533,41,8,3,58,28,41,18,0,92
533,42,16,44,138,78,1,22,112,51
533,43,139,98,83,6,96,52,24,92
533,44,49,130,56,17,67,39,34,15
534,3,54,86,30,109,125,134,39,96
534,4,44,6,113,102,100,92,10,9
534,5,67,110,128,131,42,98,134,105
534,6,19,37,46,8,59,47,34,123
534,7,45,21,75,18,31,65,72,74
534,8,50,59,32,72,114,133,79,102
534,9,90,102,114,67,130,7,92,75
534,10,29,81,138,73,89,110,90,98
534,11,49,104,112,95,87,46,142,69
534,12,14,111,125,95,71,86,129,36
534,13,19,101,28,12,111,127,90,137
534,14,114,40,47,83,106,57,74,44
534,15,58,22,90,115,121,135,73,131
534,16,97,32,112,71,43,93,85,25
534,17,142,94,105,72,126,95,39,34
534,18,23,45,77,137,140,115,122,57
534,19,13,33,20,62,71,27,132,87
534,20,15,76,1,38,121,79,22,13
534,21,98,47,20,110,31,132,142,128
534,22,65,117,138,98,130,139,134,108
534,23,129,104,133,101,67,72,42,68
534,24,117,80,50,13,86,129,103,16
534,25,118,141,87,139,14,107,43,67
534,26,10,103,12,85,18,70,129,58
534,27,5,66,121,38,54,114,132,127
534,28,142,99,0,96,58,65,119,140
534,29,124,79,99,74,62,90,4,81
534,30,35,127,43,70,17,10,34,47
534,31,41,127,80,131,96,28,64,45
534,32,120,32,39,9,3,87,81,103
534,33,121,143,78,141,123,70,24,25
534,34,38,77,70,20,47,122,14,12
534,35,130,28,12,122,131,41,9,48
534,36,135,86,70,125,102,84,30,25
534,37,111,36,78,47,136,20,95,1
534,38,111,46,103,10,36,91,14,92
534,39,17,80,84,40,90,19,118,43
534,40,121,132,36,29,110,79,63,65
534,41,23,115,128,5,18,27,74,58
534,42,78,41,82,22,68,5,33,1
534,43,135,98,6,66,91,12,58,104
534,44,39,56,49,130,65,105,20,123
535,3,125,50,121,55,49,36,116,13
535,4,117,16,3,90,21,116,32,20
535,5,66,115,117,21,95,128,71,51
535,6,44,3,122,59,85,119,83,72
535,7,21,20,29,48,106,8,13,95
535,8,56,133,114,83,46,95,40,22
535,9,102,27,117,138,67,10,74,0
535,10,2,98,73,101,5,32,143,84
535,11,44,55,49,87,5,135,33,20
535,12,86,18,95,46,36,22,30,111
535,13,101,137,19,90,127,70,12,55
535,14,21,40,114,74,91,83,87,106
535,15,121,115,131,58,73,45,135,89
535,16,97,32,112,129,71,61,25,48
535,17,94,142,28,16,39,105,43,112
535,18,23,115,140,107,122,77,12,38
535,19,33,71,27,32,73,78,20,84
535,20,15,1,27,21,97,35,41,3
535,21,62,98,128,38,47,54,87,58
535,22,98,138,93,130,137,65,139,117
535,23,1,7,101,133,42,57,17,33
535,24,103,65,84,115,27,86,129,55
535,25,61,31,139,125,113,32,9,40
535,26,57,50,4,103,13,41,19,14
535,27,114,46,67,117,66,135,48,9
535,28,103,93,110,63,47,49,10,77
535,29,122,68,41,52,60,103,62,75
535,30,87,127,52,101,74,33,115,131
535,31,93,62,105,39,86,121,19,113
535,32,38,114,26,62,18,74,59,134
535,33,64,143,79,121,30,138,122,38
535,34,70,26,92,116,101,104,9,71
535,35,3,45,115,76,123,135,2,65
535,36,106,111,54,69,143,88,74,25
535,37,137,6,96,88,65,35,36,108
535,38,76,27,36,20,140,5,60,67
535,39,72,17,52,53,115,94,26,85
535,40,63,24,71,92,72,125,26,67
535,41,115,18,103,32,139,13,28,141
535,42,78,41,77,5,129,90,2,15
535,43,106,93,39,32,36,97,122,92
535,44,130,30,124,126,135,63,82,65
536,3,40,67,8,2,24,38,107,78
536,4,82,9,54,91,5,99,60,10
536,5,5,97,11,129,115,3,18,8
536,6,87,80,9,142,44,61,53,65
536,7,65,18,135,78,17,16,56,133
536,8,91,1,101,102,71,111,78,114
536,9,112,32,125,67,105,8,101,135
536,10,17,139,116,10,97,117,24,119
536,11,54,79,81,72,4,138,87,66
536,12,94,76,8,104,24,40,119,116
536,13,5,31,90,101,127,141,126,93
536,14,36,30,42,103,18,142,20,124
536,15,42,94,111,70,69,128,79,99
536,16,88,143,112,80,75,98,71,102
536,17,134,28,112,5,109,16,41,128
536,18,115,70,102,1,34,77,33,104
536,19,42,35,27,73,71,32,33,14
536,20,1,21,3,22,120,35,136,15
536,21,98,38,47,58,120,46,54,72
536,22,138,98,130,117,116,85,93,20
536,23,16,57,101,133,42,36,7,90
536,24,139,115,36,128,86,25,84,38
536,25,61,125,75,139,31,27,11,5
536,26,57,13,92,19,110,4,76,18
536,27,46,67,135,138,114,117,12,27
536,28,103,60,110,10,93,25,43,47
536,29,46,97,41,122,11,31,26,75
536,30,120,94,19,141,127,11,52,87
536,31,86,36,105,118,93,13,2,28
536,32,38,108,11,114,105,3,74,63
536,33,121,64,143,3,48,129,126,32
536,34,56,50,38,92,71,70,26,41
536,35,115,3,65,76,28,130,11,133
536,36,107,106,9,69,111,108,133,15
536,37,137,78,110,35,113,64,81,92
536,38,27,64,60,87,136,82,69,33
536,39,115,17,53,131,68,60,18,52
536,40,72,79,121,29,24,10,89,69
536,41,124,115,126,91,28,5,62,138
536,42,90,78,1,109,41,2,22,108
536,43,122,135,36,93,103,104,98,28
536,44,47,124,40,130,56,49,24,57
537,3,52,134,79,40,16,93,73,87
537,4,86,124,70,102,68,7,83,72
537,5,42,14,136,82,116,39,2,121
537,6,129,49,110,37,124,63,81,61
537,7,9,29,102,114,6,22,119,87
537,8,84,139,81,46,30,99,59,133
537,9,117,83,142,126,88,65,122,89
537,10,10,90,101,89,117,35,98,99
537,11,0,44,55,49,53,66,104,96
537,12,70,17,28,69,78,110,8,138
537,13,126,97,90,141,65,101,49,119
537,14,40,18,36,108,38,34,82,117
537,15,128,94,39,120,71,119,38,80
537,16,112,32,57,116,113,61,41,134
537,17,20,1,112,94,109,98,72,71
537,18,34,70,1,67,100,122,77,115
537,19,42,27,44,33,80,140,84,130
537,20,82,133,21,134,52,55,46,1
537,21,128,47,20,48,67,80,98,3
537,22,98,139,130,117,103,138,45,19
537,23,101,133,104,50,7,2,8,142
537,24,105,27,117,139,91,129,44,53
537,25,75,139,17,125,61,34,113,60
537,26,136,57,67,140,22,76,52,18
537,27,138,46,27,114,89,31,92,50
537,28,10,5,60,99,130,25,13,27
537,29,99,78,97,32,55,58,75,68
537,30,94,11,18,122,135,52,89,34
537,31,13,24,39,105,86,133,31,114
537,32,11,38,97,105,76,14,74,120
537,33,121,3,143,100,89,124,58,51
537,34,50,25,70,143,130,0,71,38
537,35,115,40,3,44,77,120,41,135
537,36,107,106,14,9,49,133,59,123
537,37,137,78,81,67,35,94,63,23
537,38,27,87,34,60,64,1,128,82
537,39,53,17,33,12,19,132,47,102
537,40,106,79,94,130,63,24,72,29
537,41,115,139,54,18,70,77,28,138
537,42,46,90,40,96,78,2,5,22
537,43,98,122,39,53,36,30,93,142
537,44,94,39,59,126,40,48,82,56
538,3,31,84,63,76,108,5,140,52
538,4,75,37,138,15,59,108,35,20
538,5,20,66,12,98,127,143,51,89
538,6,28,57,81,47,61,124,56,110
538,7,43,102,29,83,61,18,110,87
538,8,119,6,18,81,33,2,115,122
538,9,109,142,88,57,83,5,116,1
538,10,109,2,91,32,121,129,105,135
538,11,53,49,66,105,108,23,135,19
538,12,52,127,17,119,9,95,70,121
538,13,93,137,90,141,23,36,92,84
538,14,38,36,40,18,108,19,21,20
538,15,63,94,128,75,134,11,6,26
538,16,112,99,41,32,88,111,95,71
538,17,112,50,1,5,128,69,138,43
538,18,102,140,115,122,95,132,78,1
538,19,35,25,42,71,141,33,44,14
538,20,21,1,120,47,35,79,6,110
538,21,38,50,98,47,141,39,17,128
538,22,98,139,117,137,130,104,45,88
538,23,7,133,109,101,30,112,44,2
538,24,139,105,36,141,91,86,140,27
538,25,75,139,125,31,11,9,5,20
538,26,57,4,13,51,41,18,3,44
538,27,67,46,114,137,9,31,54,132
538,28,103,110,93,20,119,81,8,57
538,29,68,41,97,75,0,40,19,103
538,30,115,85,125,87,52,101,127,131
538,31,93,109,136,39,81,13,51,42
538,32,53,85,114,74,32,134,59,27
538,33,11,79,129,30,80,138,139,8
538,34,70,75,4,9,51,88,34,36
538,35,80,57,42,14,136,123,135,58
538,36,48,133,111,106,143,31,124,93
538,37,96,6,108,130,136,63,109,88
538,38,74,95,20,62,29,141,140,76
538,39,52,17,87,136,134,15,63,118
538,40,63,24,89,26,71,94,50,126
538,41,115,58,37,18,26,130,13,111
538,42,78,6,118,5,23,43,97,77
538,43,36,39,61,44,83,93,32,53
538,44,129,126,82,106,36,41,112,40
539,3,11,96,74,78,80,37,56,97
539,4,110,46,10,49,23,79,77,72
539,5,45,99,43,9,128,3,16,104
539,6,78,142,121,118,29,68,130,61
539,7,98,24,21,87,65,129,85,105
539,8,43,126,114,35,26,60,70,124
539,9,9,141,30,137,66,111,112,50
539,10,102,127,42,24,65,90,23,76
539,11,6,138,35,120,66,106,135,116
539,12,11,119,137,95,42,24,116,33
539,13,6,90,42,78,16,102,38,15
539,14,103,36,100,138,108,20,18,64
539,15,59,109,127,107,66,87,69,128
539,16,112,80,71,87,101,88,98,50
539,17,28,138,88,116,16,128,100,94
539,18,115,140,122,70,12,132,34,38
539,19,71,73,32,33,27,20,118,140
539,20,1,31,79,136,69,35,132,52
539,21,98,39,105,124,63,128,38,110
539,22,98,138,130,46,82,126,17,139
539,23,133,57,6,101,42,60,18,2
539,24,86,27,115,126,103,65,129,140
539,25,9,61,66,31,139,54,81,125
539,26,57,13,44,19,122,110,62,20
539,27,67,46,31,137,9,128,127,132
539,28,103,98,110,117,8,57,105,25
539,29,80,35,41,65,75,42,87,25
539,30,115,87,86,52,113,114,58,85
539,31,102,62,93,109,39,130,51,86
539,32,130,13,42,138,104,2,127,114
539,33,129,79,138,143,80,30,38,132
539,34,92,38,20,119,75,52,88,51
539,35,85,57,76,12,136,0,70,45
539,36,128,111,69,110,31,106,36,52
539,37,114,6,108,99,40,136,88,94
539,38,20,113,36,45,26,14,75,63
539,39,17,134,101,19,138,53,102,52
539,40,63,24,90,132,127,126,89,26
539,41,58,25,13,138,34,23,26,75
539,42,78,6,97,118,77,69,91,98
539,43,49,78,93,135,97,126,44,77
539,44,61,112,113,126,118,135,82,62
540,3,37,105,66,96,60,68,46,28
540,4,92,10,83,38,100,109,85,130
540,5,59,131,55,128,35,138,12,95
540,6,109,45,134,8,49,19,122,71
540,7,23,126,133,105,46,87,80,137
540,8,138,32,59,41,35,114,127,134
540,9,24,7,10,47,84,46,70,39
540,10,10,66,44,53,117,137,62,56
540,11,16,51,47,111,134,44,66,46
540,12,52,24,116,125,95,119,61,41
540,13,46,90,103,107,140,68,16,122
540,14,114,103,3,139,108,134,20,36
540,15,110,118,69,77,132,17,127,39
540,16,14,112,80,75,98,71,141,96
540,17,28,58,64,78,68,16,43,105
540,18,115,110,12,60,100,23,30,69
540,19,20,73,111,27,61,71,33,101
540,20,1,32,76,84,119,132,108,20
540,21,98,118,120,58,54,125,10,8
540,22,138,98,130,48,119,77,105,134
540,23,57,113,112,133,101,6,129,55
540,24,13,115,27,126,20,129,36,16
540,25,61,9,66,125,31,139,24,73
540,26,57,13,92,73,22,68,70,19
540,27,46,31,117,44,128,67,132,58
540,28,103,85,57,96,110,64,10,81
540,29,22,31,41,20,75,10,111,65
540,30,87,85,115,86,34,39,50,19
540,31,130,93,62,64,109,142,28,143
540,32,13,92,59,138,8,41,53,114
540,33,138,129,79,143,30,114,38,90
540,34,92,38,20,0,79,122,72,19
540,35,136,47,45,124,59,0,14,70
540,36,69,128,111,48,143,54,110,31
540,37,88,114,6,65,136,92,108,72
540,38,45,33,20,106,76,136,75,14
540,39,17,138,135,118,53,19,46,73
540,40,63,24,92,81,118,26,117,72
540,41,58,13,23,26,54,121,18,51
540,42,78,6,91,30,47,44,32,21
540,43,97,10,63,83,135,77,128,4
540,44,81,42,40,105,9,0,135,82
541,3,105,41,108,91,109,48,101,128
541,4,128,111,107,12,88,22,109,15
541,5,6,64,18,61,27,78,8,134
541,6,134,86,62,118,9,50,59,38
541,7,5,73,29,16,21,28,23,56
541,8,47,129,35,99,39,33,3,102
541,9,15,51,115,97,24,114,42,128
541,10,19,37,21,90,133,68,114,3
541,11,7,49,104,66,11,23,129,47
541,12,119,24,125,95,13,48,99,33
541,13,90,5,128,101,132,27,125,103
541,14,36,141,108,20,103,32,18,76
541,15,25,39,1,38,36,69,107,143
541,16,112,71,80,141,88,125,67,131
541,17,142,58,88,31,105,43,1,114
541,18,115,140,12,100,107,69,110,34
541,19,73,27,33,20,32,71,21,124
541,20,27,1,108,76,84,38,136,63
541,21,10,98,120,54,118,20,51,110
541,22,98,138,130,119,6,117,128,77
541,23,89,133,57,130,42,1,17,5
541,24,89,27,115,129,103,84,113,134
541,25,61,31,125,139,5,66,10,141
541,26,57,13,73,92,22,96,3,19
541,27,31,44,67,47,46,99,66,71
541,28,103,21,57,64,25,110,10,105
541,29,6,90,10,41,65,118,122,46
541,30,87,132,115,86,39,119,143,74
541,31,130,18,93,87,28,143,86,45
541,32,8,39,53,106,138,9,74,47
541,33,121,3,143,6,85,127,80,30
541,34,38,92,0,139,50,136,9,122
541,35,47,59,136,135,134,45,80,124
541,36,128,59,69,110,135,134,25,83
541,37,92,81,114,16,88,65,136,131
541,38,75,106,29,116,14,63,143,20
541,39,17,53,19,118,2,136,141,138
541,40,63,72,81,27,125,117,92,118
541,41,58,67,13,23,128,124,32,121
541,42,6,78,43,118,96,2,39,51
541,43,128,97,51,83,135,103,60,36
541,44,83,121,126,40,124,82,57,59
542,3,9,71,86,130,2,42,25,8
542,4,94,2,72,137,37,85,32,1
542,5,90,104,12,140,11,58,8,95
542,6,26,113,29,69,61,5,118,59
542,7,3,98,17,29,21,95,37,30
542,8,43,114,35,27,99,122,62,116
542,9,19,29,39,112,130,104,109,69
542,10,29,90,69,65,9,109,24,10
542,11,49,92,33,46,23,64,11,104
542,12,119,25,95,48,10,89,70,34
542,13,41,89,97,132,65,11,84,119
542,14,40,32,108,135,18,58,20,52
542,15,128,38,80,39,35,1,87,103
542,16,112,116,134,67,43,18,85,89
542,17,138,34,107,128,131,85,43,124
542,18,100,122,115,12,72,1,69,34
542,19,71,28,33,140,80,12,21,73
542,20,13,108,9,31,103,0,73,79
542,21,133,124,67,130,24,115,132,98
542,22,19,23,130,105,78,98,107,41
542,23,101,2,84,3,6,133,65,69
542,24,73,27,53,129,84,13,103,74
542,25,139,60,66,24,31,81,40,62
542,26,44,21,15,19,0,3,2,22
542,27,31,44,138,46,27,66,30,137
542,28,143,10,33,48,95,2,123,121
542,29,32,55,74,132,133,6,103,113
542,30,43,11,32,70,9,45,71,3
542,31,24,86,10,39,84,32,101,139
542,32,138,14,105,115,57,87,131,76
542,33,121,3,85,129,19,143,1,115
542,34,50,26,25,42,20,38,75,104
542,35,28,98,135,115,15,44,40,3
542,36,128,96,97,92,122,100,69,60
542,37,92,81,107,114,44,45,9,88
542,38,1,54,87,27,85,141,82,47
542,39,53,60,86,43,71,133,73,39
542,40,29,118,143,59,22,43,132,7
542,41,58,10,100,3,22,128,21,34
542,42,35,6,78,118,112,103,41,28
542,43,120,51,60,58,97,135,24,110
542,44,124,105,40,121,80,130,122,59
543,3,35,73,26,25,93,12,40,136
543,4,29,23,102,128,0,62,37,60
543,5,16,135,116,8,32,131,20,83
543,6,20,118,31,42,52,60,82,133
543,7,29,50,131,137,48,74,85,65
543,8,98,133,99,122,35,49,95,14
543,9,73,90,108,29,42,112,39,135
543,10,59,73,106,133,99,90,22,89
543,11,49,44,66,128,123,104,28,57
543,12,95,3,47,101,99,33,86,78
543,13,101,127,3,33,141,61,135,55
543,14,108,20,36,40,67,18,132,48
543,15,25,115,39,124,121,1,38,139
543,16,32,112,125,53,67,31,71,134
543,17,1,8,43,109,94,105,34,142
543,18,12,115,100,140,34,69,38,70
543,19,33,94,20,140,71,73,85,60
543,20,136,1,108,93,132,106,21,45
543,21,128,20,39,98,38,47,104,123
543,22,139,98,130,138,117,36,128,83
543,23,78,61,133,104,79,67,50,101
543,24,27,14,17,139,117,73,91,16
543,25,141,24,62,139,61,31,60,66
543,26,73,110,3,103,141,15,19,57
543,27,31,66,52,46,38,132,82,138
543,28,27,64,95,25,74,23,33,99
543,29,32,132,118,100,74,112,87,63
543,30,70,43,45,130,124,42,141,19
543,31,24,114,143,10,93,86,47,28
543,32,39,129,14,8,35,77,2,131
543,33,121,3,129,130,143,85,19,116
543,34,136,38,21,92,66,77,109,25
543,35,134,28,63,115,65,135,30,106
543,36,128,69,110,111,138,59,136,97
543,37,67,81,92,30,129,16,105,54
543,38,14,75,1,29,92,117,87,121
543,39,53,108,12,19,73,28,107,34
543,40,72,143,122,101,62,29,136,112
543,41,58,128,83,27,3,6,103,42
543,42,46,33,78,6,51,41,43,22
543,43,33,108,94,97,99,120,92,83
543,44,20,59,143,40,65,126,70,121
544,3,1,92,141,91,10,108,96,52
544,4,136,71,11,87,116,35,6,7
544,5,40,46,110,140,53,3,143,44
544,6,85,98,142,87,57,4,34,86
544,7,35,105,23,110,95,40,52,76
544,8,41,98,115,72,15,83,103,122
544,9,46,139,18,39,73,47,130,112
544,10,142,92,62,52,137,32,90,12
544,11,51,123,113,49,66,44,45,65
544,12,143,136,116,33,97,47,95,32
544,13,31,127,135,68,133,101,89,107
544,14,36,51,108,18,20,40,48,67
544,15,25,112,77,115,39,121,24,143
544,16,53,112,31,80,32,95,67,116
544,17,1,123,87,42,134,80,43,88
544,18,12,115,2,100,140,69,109,50
544,19,33,124,73,140,42,25,21,20
544,20,1,136,56,55,7,108,129,110
544,21,98,47,132,10,54,2,14,20
544,22,138,98,100,130,36,117,86,105
544,23,61,133,128,85,59,1,32,5
544,24,27,117,73,25,83,115,126,86
544,25,66,61,139,24,45,135,131,31
544,26,73,18,13,57,19,141,44,118
544,27,46,31,44,65,66,115,80,52
544,28,64,95,5,25,33,74,10,130
544,29,3,123,49,32,118,55,61,29
544,30,70,94,141,3,105,19,124,132
544,31,130,105,95,24,86,47,127,34
544,32,8,39,105,26,131,60,139,24
544,33,143,121,3,129,130,6,85,41
544,34,92,38,76,136,25,66,85,122
544,35,28,137,134,65,59,63,15,102
544,36,128,69,110,59,111,100,135,83
544,37,81,114,67,123,106,92,35,16
544,38,14,75,29,63,106,87,116,103
544,39,19,53,108,119,28,43,39,118
544,40,72,143,7,27,112,79,29,37
544,41,58,6,3,100,128,138,21,37
544,42,6,33,78,77,103,44,65,68
544,43,33,97,51,103,66,48,138,28
544,44,20,121,85,99,140,80,81,127
545,3,92,60,49,6,130,26,93,103
545,4,40,70,85,20,120,137,5,129
545,5,110,44,67,39,87,35,31,73
545,6,118,6,83,39,31,75,76,103
545,7,110,29,60,139,21,11,135,35
545,8,98,122,81,99,47,6,133,119
545,9,24,114,73,142,91,106,92,143
545,10,92,5,73,36,137,39,113,90
545,11,49,123,108,44,66,69,92,104
545,12,86,47,33,136,99,125,119,84
545,13,101,127,135,107,9,134,33,141
545,14,36,20,108,40,18,7,67,19
545,15,25,38,115,124,39,143,1,117
545,16,53,32,112,79,61,54,67,125
545,17,1,87,43,141,58,105,34,71
545,18,12,100,115,140,70,122,69,34
545,19,33,94,20,140,32,130,85,71
545,20,132,108,122,101,5,103,79,82
545,21,128,110,39,53,27,35,124,106
545,22,98,139,19,130,133,70,29,65
545,23,133,101,2,72,6,3,7,89
545,24,99,27,110,132,22,129,104,90
545,25,31,139,60,24,93,66,113,23
545,26,138,21,122,19,0,118,73,141
545,27,31,27,66,46,132,124,137,44
545,28,18,65,91,2,10,38,128,130
545,29,74,28,75,32,123,100,56,46
545,30,45,0,70,99,119,131,79,80
545,31,69,24,89,94,10,28,119,50
545,32,119,120,110,57,38,45,52,87
545,33,121,3,85,143,5,64,129,115
545,34,38,104,45,26,75,109,13,42
545,35,130,27,28,3,135,76,15,48
545,36,128,1,132,123,141,58,108,15
545,37,107,92,97,30,81,114,45,18
545,38,73,1,19,12,96,121,58,125
545,39,86,60,143,53,132,38,19,117
545,40,139,29,59,121,143,110,82,101
545,41,58,10,128,21,3,118,16,93
545,42,78,46,1,51,35,5,39,6
545,43,24,66,60,97,99,58,135,61
545,44,49,105,80,1,121,82,135,141
546,3,18,84,91,26,137,14,136,124
546,4,12,125,107,52,43,86,53,133
546,5,131,110,53,11,6,124,48,143
546,6,60,118,81,52,59,20,18,6
546,7,110,102,121,71,70,135,94,21
546,8,46,107,122,99,3,81,139,0
546,9,142,91,24,106,122,76,133,120
546,10,32,98,59,134,90,101,133,39
546,11,49,128,66,55,23,112,76,129
546,12,24,95,86,47,57,134,1,106
546,13,141,90,48,65,126,80,23,56
546,14,36,40,108,20,18,38,23,57
546,15,25,115,63,1,94,38,44,39
546,16,112,32,61,80,79,54,141,53
546,17,42,1,109,34,80,110,142,41
546,18,12,140,100,115,69,34,113,50
546,19,27,33,73,20,124,84,71,21
546,20,1,136,108,79,110,111,5,135
546,21,10,98,132,47,110,113,87,67
546,22,98,130,137,138,117,77,41,6
546,23,44,133,33,21,128,101,42,6
546,24,27,17,109,100,115,103,72,99
546,25,45,24,141,31,61,10,139,66
546,26,124,57,13,92,141,18,111,73
546,27,66,38,9,135,138,141,137,46
546,28,103,6,69,95,64,25,40,96
546,29,122,52,10,71,41,75,32,21
546,30,115,87,86,124,19,100,131,127
546,31,31,93,62,68,124,114,130,28
546,32,53,128,134,9,103,77,74,7
546,33,79,130,114,138,85,51,83,38
546,34,9,44,70,19,47,51,72,33
546,35,45,47,136,80,117,123,139,14
546,36,136,48,106,111,47,133,25,143
546,37,60,136,96,88,6,36,113,48
546,38,45,128,140,120,20,74,29,36
546,39,17,35,62,63,87,52,36,118
546,40,63,94,92,4,132,71,118,68
546,41,20,115,103,58,13,18,85,136
546,42,78,142,25,37,39,96,137,6
546,43,106,97,39,83,36,139,66,53
546,44,37,126,82,103,50,40,117,35
547,3,84,19,78,29,120,70,124,103
547,4,9,99,82,92,79,87,6,60
547,5,5,97,71,95,111,62,79,122
547,6,100,65,120,12,111,80,61,4
547,7,85,143,5,104,25,52,135,65
547,8,60,39,26,105,78,62,108,71
547,9,36,0,91,135,106,108,142,81
547,10,135,116,97,120,11,69,76,90
547,11,27,95,100,136,137,21,75,131
547,12,76,95,119,51,126,28,42,23
547,13,91,90,127,116,8,38,56,93
547,14,36,48,20,18,52,40,17,108
547,15,25,99,9,39,38,44,7,128
547,16,55,61,80,99,71,112,54,79
547,17,41,105,108,67,96,37,34,71
547,18,115,12,140,87,107,77,122,34
547,19,20,33,71,27,94,113,140,32
547,20,1,47,112,35,0,5,93,51
547,21,98,104,112,14,47,58,27,120
547,22,138,25,130,20,103,81,98,62
547,23,57,16,133,42,101,131,129,52
547,24,115,36,43,126,84,129,128,100
547,25,61,5,125,24,10,9,113,31
547,26,57,75,92,111,13,1,70,110
547,27,33,67,117,59,113,9,13,115
547,28,103,110,57,13,42,25,119,81
547,29,63,134,11,27,41,26,35,90
547,30,60,115,87,74,131,127,86,59
547,31,71,93,68,20,62,55,130,50
547,32,84,53,55,7,74,51,128,138
547,33,127,132,13,14,23,85,114,10
547,34,33,52,9,70,79,101,7,72
547,35,47,45,143,130,88,118,80,133
547,36,25,106,143,111,4,133,7,71
547,37,136,48,59,28,101,6,7,119
547,38,45,36,23,120,81,20,121,104
547,39,17,52,35,2,79,89,51,88
547,40,63,132,4,92,109,70,125,81
547,41,20,15,115,46,86,23,75,89
547,42,78,140,77,124,25,50,76,16
547,43,83,1,135,97,101,36,82,103
547,44,91,135,82,36,45,49,126,34
548,3,33,110,78,2,29,96,104,12
548,4,29,140,26,124,9,137,79,106
548,5,63,95,109,16,128,26,104,19
548,6,13,118,0,142,78,121,97,29
548,7,98,24,94,21,85,75,52,119
548,8,43,135,107,114,6,142,27,70
548,9,65,104,100,39,30,105,19,112
548,10,75,42,69,1,90,135,109,24
548,11,97,138,33,49,35,120,14,6
548,12,137,95,25,119,93,34,6,29
548,13,6,38,4,8,15,57,141,89
548,14,138,17,40,20,108,100,47,3
548,15,87,38,128,141,79,133,25,35
548,16,112,100,86,46,116,87,80,71
548,17,34,138,32,131,43,93,100,129
548,18,122,100,115,72,12,67,77,69
548,19,12,71,21,22,33,99,82,106
548,20,31,73,79,13,1,22,99,41
548,21,27,63,91,67,130,122,134,39
548,22,23,142,98,51,105,22,30,18
548,23,6,51,70,2,123,133,74,101
548,24,79,103,53,38,14,43,7,113
548,25,60,139,113,40,65,125,91,76
548,26,15,0,122,46,49,90,138,84
548,27,132,92,103,30,46,137,8,24
548,28,20,33,95,10,48,2,126,90
548,29,74,130,36,132,103,100,11,30
548,30,126,43,110,141,115,75,58,45
548,31,32,10,17,86,88,79,101,84
548,32,57,117,138,131,105,115,87,62
548,33,1,85,121,3,19,5,143,113
548,34,25,67,50,136,3,117,13,35
548,35,98,15,3,14,67,62,78,4
548,36,96,99,23,100,64,107,68,59
548,37,44,45,107,109,112,9,92,50
548,38,131,80,27,54,134,74,41,121
548,39,43,53,108,26,60,130,127,87
548,40,7,12,124,29,6,71,69,49
548,41,12,58,20,138,73,115,82,57
548,42,138,78,39,50,77,61,124,112
548,43,71,24,66,97,36,135,53,4
548,44,15,91,1,141,121,76,40,24
549,3,41,109,10,8,24,91,101,80
549,4,42,3,30,68,70,97,128,56
549,5,39,142,34,131,68,8,109,55
549,6,85,82,34,45,47,73,50,70
549,7,75,6,5,110,123,73,21,85
549,8,128,9,132,133,50,6,107,139
549,9,42,102,66,73,39,130,67,41
549,10,110,20,118,86,90,21,76,60
549,11,98,110,49,112,76,53,99,104
549,12,111,126,95,83,49,2,136,106
549,13,90,5,53,127,97,122,67,55
549,14,113,2,82,123,13,4,83,40
549,15,22,70,139,131,93,92,58,123
549,16,85,45,54,97,15,32,93,120
549,17,72,108,63,94,140,96,133,90
549,18,87,23,77,10,115,34,12,1
549,19,13,109,20,133,132,126,36,140
549,20,47,1,38,128,93,51,14,67
549,21,104,80,98,85,47,67,139,122
549,22,138,130,102,117,20,134,13,62
549,23,129,126,101,133,77,132,98,116
549,24,80,36,100,85,129,50,117,81
549,25,14,61,5,125,67,126,66,24
549,26,57,75,138,70,125,13,95,111
549,27,33,54,80,13,115,10,95,103
549,28,95,58,124,85,99,120,130,31
549,29,134,79,58,89,99,35,27,63
549,30,143,124,59,131,67,139,43,69
549,31,83,93,81,143,29,59,2,32
549,32,38,53,84,19,82,105,131,134
549,33,85,129,143,138,142,60,75,41
549,34,70,47,9,71,45,75,2,66
549,35,118,130,14,66,102,57,135,82
549,36,111,106,97,4,67,141,25,48
549,37,64,136,114,45,97,143,28,119
549,38,45,76,140,27,74,112,141,131
549,39,17,52,88,53,47,89,34,36
549,40,63,109,106,132,3,77,50,92
549,41,115,42,18,58,138,121,48,89
549,42,78,137,10,76,77,39,124,16
549,43,36,66,135,97,99,112,24,53
549,44,49,105,121,126,142,36,141,99
550,3,13,34,119,100,115,97,42,89
550,4,21,52,106,117,3,72,23,18
550,5,142,115,80,136,78,104,20,16
550,6,44,123,116,124,18,8,15,61
550,7,117,6,59,86,22,73,133,101
550,8,99,68,124,28,46,133,71,75
550,9,37,62,22,66,73,142,13,67
550,10,45,73,59,134,24,103,32,138
550,11,77,55,13,5,128,9,76,49
550,12,83,126,82,111,95,22,36,71
550,13,97,90,53,11,65,135,139,89
550,14,40,0,2,29,11,65,32,114
550,15,52,124,115,80,38,90,128,60
550,16,43,90,56,112,116,125,67,97
550,17,85,42,109,108,96,105,20,140
550,18,77,23,45,122,72,115,118,87
550,19,33,71,73,20,94,64,35,96
550,20,122,93,103,132,138,79,82,71
550,21,110,39,124,33,128,67,115,40
550,22,98,139,130,57,62,141,142,133
550,23,133,6,101,72,96,104,11,100
550,24,112,110,86,103,105,64,98,10
550,25,60,139,31,81,113,141,3,65
550,26,129,15,140,103,123,125,122,10
550,27,66,28,27,33,136,137,80,132
550,28,81,96,124,99,33,95,10,51
550,29,134,74,11,30,50,41,32,137
550,30,143,0,51,32,35,126,6,110
550,31,94,28,119,69,126,89,80,114
550,32,38,131,82,119,6,39,11,22
550,33,121,64,85,143,3,1,115,108
550,34,21,25,38,45,26,101,56,13
550,35,130,28,27,3,48,122,15,46
550,36,141,1,96,109,4,143,11,132
550,37,107,20,140,93,136,18,92,48
550,38,19,121,27,4,29,73,125,54
550,39,53,132,60,38,143,117,108,84
550,40,121,29,82,139,109,143,65,50
550,41,128,115,100,3,118,62,138,10
550,42,78,22,115,77,76,32,39,130
550,43,66,36,39,53,54,88,93,97
550,44,126,49,32,143,135,106,36,70
551,3,14,94,18,121,91,27,96,136
551,4,120,45,27,0,107,101,111,125
551,5,86,40,71,91,143,27,25,35
551,6,98,85,128,72,29,69,42,82
551,7,86,71,110,26,131,29,123,130
551,8,133,81,20,3,75,71,139,6
551,9,130,142,27,17,49,112,42,92
551,10,32,140,84,45,90,134,135,25
551,11,13,9,112,140,5,128,77,117
551,12,126,58,106,83,1,100,36,129
551,13,53,90,127,28,23,122,141,26
551,14,29,40,2,32,108,0,75,13
551,15,63,22,128,131,25,38,86,90
551,16,56,99,129,116,45,97,131,93
551,17,108,140,41,110,85,43,109,38
551,18,12,115,77,100,34,23,140,107
551,19,20,33,84,27,35,140,71,54
551,20,47,42,38,35,108,51,128,22
551,21,104,17,47,81,98,23,39,122
551,22,130,62,138,137,117,83,101,61
551,23,133,98,101,57,7,30,99,116
551,24,36,27,126,25,72,50,91,103
551,25,139,66,24,9,40,11,125,29
551,26,57,13,44,116,3,22,0,126
551,27,67,31,137,44,46,138,124,76
551,28,110,103,25,33,18,81,95,96
551,29,0,68,32,29,103,42,87,65
551,30,125,114,77,85,110,94,115,127
551,31,1,102,32,24,86,51,39,78
551,32,138,53,130,75,104,45,74,51
551,33,138,3,85,121,79,33,142,129
551,34,75,9,55,92,142,25,26,123
551,35,14,57,80,115,12,143,58,111
551,36,48,111,128,99,97,106,27,133
551,37,114,81,92,51,94,119,126,67
551,38,29,140,1,95,126,14,20,76
551,39,53,17,47,52,63,15,69,88
551,40,63,106,72,22,77,132,4,44
551,41,115,18,138,42,50,121,26,19
551,42,78,118,32,23,116,108,97,70
551,43,36,53,65,67,93,107,39,66
551,44,126,106,5,129,95,82,50,40
552,3,141,95,102,11,96,69,0,63
552,4,25,110,77,44,49,137,102,64
552,5,72,45,99,104,15,95,36,105
552,6,142,24,130,118,121,78,29,62
552,7,98,24,87,108,124,132,125,45
552,8,43,45,114,104,121,60,70,143
552,9,56,9,109,141,30,128,104,38
552,10,51,42,49,127,24,102,106,65
552,11,6,102,138,35,120,49,121,33
552,12,131,119,11,95,42,71,18,33
552,13,6,33,15,84,102,78,90,122
552,14,138,103,100,78,49,18,69,37
552,15,20,59,3,87,11,112,53,80
552,16,87,101,46,112,83,108,126,45
552,17,100,138,16,114,103,116,1,65
552,18,115,140,122,12,100,69,132,59
552,19,71,73,33,21,12,20,22,140
552,20,1,31,132,84,55,73,111,79
552,21,98,105,63,91,8,125,49,141
552,22,46,98,138,93,90,103,78,126
552,23,60,1,6,101,112,19,57,114
552,24,126,27,140,0,129,36,46,56
552,25,139,66,24,81,40,29,70,54
552,26,44,13,3,79,90,19,70,15
552,27,31,46,137,44,66,138,76,11
552,28,98,86,126,119,18,95,33,46
552,29,48,32,128,0,42,11,29,103
552,30,114,86,125,77,110,4,21,141
552,31,1,102,78,24,51,86,127,29
552,32,138,130,80,12,25,131,135,51
552,33,85,3,121,138,67,143,129,135
552,34,75,26,25,82,64,50,92,9
552,35,57,28,76,67,133,12,98,115
552,36,128,97,99,111,96,100,64,137
552,37,135,44,81,67,114,99,92,45
552,38,113,1,54,87,97,131,104,20
552,39,53,135,60,134,18,104,73,96
552,40,61,90,132,22,126,55,63,24
552,41,25,45,58,138,128,54,50,28
552,42,70,69,32,118,116,76,39,113
552,43,49,78,110,93,126,44,53,97
552,44,113,61,112,118,36,143,46,6
553,3,50,123,12,42,136,14,104,87
553,4,53,130,24,91,88,54,90,6
553,5,125,59,70,18,110,60,39,12
553,6,60,109,121,70,80,118,120,45
553,7,100,66,106,21,15,27,28,29
553,8,12,61,114,3,70,35,21,55
553,9,81,84,58,71,114,119,108,36
553,10,130,66,134,69,101,77,51,79
553,11,138,49,29,111,104,46,23,117
553,12,71,119,24,18,95,89,21,48
553,13,6,13,5,38,122,103,33,19
553,14,57,30,3,47,106,83,100,115
553,15,70,110,18,133,25,118,134,36
553,16,25,40,112,82,83,88,45,133
553,17,85,25,43,101,34,80,138,92
553,18,122,137,115,100,132,67,69,120
553,19,12,21,37,73,140,22,53,28
553,20,73,31,132,37,1,46,45,81
553,21,91,71,63,141,13,122,90,103
553,22,109,98,78,19,142,138,59,12
553,23,101,41,6,60,114,140,98,42
553,24,27,140,126,90,28,129,103,46
553,25,66,139,81,107,40,24,60,31
553,26,44,90,13,3,79,19,15,53
553,27,46,31,138,44,27,82,66,137
553,28,91,64,51,47,18,143,37,76
553,29,51,1,32,77,128,103,11,98
553,30,86,99,13,21,132,9,80,77
553,31,24,86,51,17,31,127,85,69
553,32,92,3,138,124,66,24,102,104
553,33,34,3,121,98,67,143,129,55
553,34,20,92,26,38,42,140,75,138
553,35,120,70,135,12,9,59,76,134
553,36,128,97,138,79,92,27,69,111
553,37,99,81,40,92,29,72,75,114
553,38,33,108,42,1,100,76,104,141
553,39,73,46,4,60,53,97,135,102
553,40,90,137,24,132,22,55,29,69
553,41,58,51,54,43,142,2,37,48
553,42,21,30,91,47,118,116,134,6
553,43,10,63,15,110,108,97,96,83
553,44,81,86,42,0,57,36,82,40
554,3,24,50,128,12,39,17,62,87
554,4,49,5,33,102,22,96,6,117
554,5,7,11,35,15,104,106,115,134
554,6,8,110,63,81,4,133,60,99
554,7,90,70,18,12,111,15,106,102
554,8,47,101,14,3,26,98,102,43
554,9,125,15,109,24,101,65,120,126
554,10,37,27,136,90,19,20,18,103
554,11,49,10,62,66,104,121,138,7
554,12,103,99,24,119,18,37,7,95
554,13,5,128,101,13,90,6,103,120
554,14,63,108,18,103,83,20,42,25
554,15,133,70,38,111,94,18,69,25
554,16,25,112,88,79,71,54,106,67
554,17,43,134,30,50,34,85,37,41
554,18,100,67,122,115,69,33,34,132
554,19,21,12,3,113,53,99,73,33
554,20,63,108,46,132,1,40,65,120
554,21,91,124,90,17,115,122,49,106
554,22,98,78,9,19,109,105,54,69
554,23,89,101,130,90,16,142,42,133
554,24,27,129,46,73,44,134,126,140
554,25,139,66,81,40,34,31,22,60
554,26,44,13,3,90,19,21,96,119
554,27,46,44,138,31,27,142,14,30
554,28,121,5,118,71,50,140,143,130
554,29,1,32,11,137,55,103,140,35
554,30,48,11,17,86,77,87,18,94
554,31,24,86,51,39,88,87,17,136
554,32,138,0,109,106,22,39,38,115
554,33,3,121,87,143,41,89,135,112
554,34,92,26,50,25,143,101,103,68
554,35,28,133,115,12,124,44,135,119
554,36,128,92,108,69,72,97,106,96
554,37,81,114,67,76,92,123,72,102
554,38,1,82,100,16,54,87,18,141
554,39,53,60,18,47,102,135,68,39
554,40,72,22,132,118,29,43,50,70
554,41,43,58,22,67,28,32,128,138
554,42,118,116,134,57,55,12,96,108
554,43,110,104,74,142,97,50,53,107
554,44,24,124,40,130,36,34,49,6
555,3,53,47,109,119,12,43,50,8
555,4,17,85,33,63,102,7,6,139
555,5,102,111,60,82,35,104,18,128
555,6,69,37,8,134,45,42,34,48
555,7,33,96,42,14,18,90,74,49
555,8,5,109,26,40,53,75,124,61
555,9,40,94,128,91,58,5,44,125
555,10,27,10,12,90,83,55,65,39
555,11,134,38,104,66,49,2,19,112
555,12,103,43,89,119,71,135,4,42
555,13,103,5,90,132,104,33,126,25
555,14,107,30,108,18,20,63,7,103
555,15,41,110,133,70,80,128,94,75
555,16,74,143,112,125,25,107,79,83
555,17,30,134,16,60,101,94,91,43
555,18,100,34,141,115,69,82,67,132
555,19,122,114,140,3,73,32,86,33
555,20,1,52,46,112,24,120,41,82
555,21,91,120,112,80,141,90,47,54
555,22,19,98,78,99,138,118,80,77
555,23,85,142,42,89,133,101,36,67
555,24,13,129,27,121,46,140,113,90
555,25,34,66,139,81,113,31,24,125
555,26,77,44,92,13,119,21,47,3
555,27,46,44,31,138,27,11,45,14
555,28,121,85,5,118,142,13,71,33
555,29,1,11,34,55,103,35,24,140
555,30,11,87,94,48,77,43,89,18
555,31,86,39,24,136,130,5,122,50
555,32,137,138,22,51,29,115,142,127
555,33,3,121,124,140,13,87,41,143
555,34,76,26,92,50,101,25,33,104
555,35,115,3,143,134,120,119,12,124
555,36,69,128,97,106,122,108,107,37
555,37,81,10,67,76,92,114,108,61
555,38,104,82,1,16,27,87,20,141
555,39,53,18,102,60,68,87,26,130
555,40,71,132,72,22,117,24,7,91
555,41,138,89,22,128,58,28,8,21
555,42,118,57,116,39,134,12,5,109
555,43,142,110,53,74,120,96,93,31
555,44,24,124,40,34,130,49,59,141
556,3,4,105,2,75,115,134,41,142
556,4,119,42,68,102,74,129,126,18
556,5,23,105,88,54,55,4,139,26
556,6,49,6,47,28,82,63,12,133
556,7,75,112,99,102,12,127,110,60
556,8,28,122,81,99,3,103,124,139
556,9,142,66,64,98,59,44,102,92
556,10,26,137,143,47,73,20,45,84
556,11,104,77,49,53,10,97,116,39
556,12,69,134,52,119,89,138,121,29
556,13,126,54,90,5,141,17,65,74
556,14,108,36,131,18,0,19,40,20
556,15,128,94,41,35,52,115,17,44
556,16,90,112,56,104,74,93,116,23
556,17,72,50,63,26,30,43,71,140
556,18,34,140,100,132,115,124,12,50
556,19,73,32,33,105,102,113,140,13
556,20,52,1,82,71,45,46,42,35
556,21,113,74,96,64,110,54,95,14
556,22,12,98,139,19,0,57,52,130
556,23,48,99,88,101,133,32,2,85
556,24,27,82,105,14,49,134,129,46
556,25,34,66,139,45,81,114,125,11
556,26,119,44,13,21,77,7,50,113
556,27,89,138,46,27,14,44,31,5
556,28,137,31,5,47,77,64,10,143
556,29,1,103,11,113,21,116,35,32
556,30,11,20,89,18,43,94,135,17
556,31,86,39,17,24,136,51,122,31
556,32,137,34,22,138,114,54,38,105
556,33,3,142,143,112,58,138,130,121
556,34,76,92,26,25,70,137,41,45
556,35,66,54,115,3,124,123,59,42
556,36,69,106,104,128,63,96,92,97
556,37,10,112,81,96,67,108,114,35
556,38,24,27,87,22,64,42,58,7
556,39,53,87,18,102,63,26,60,68
556,40,22,132,71,72,123,43,77,24
556,41,130,138,58,8,89,70,18,136
556,42,23,113,118,134,110,116,57,39
556,43,142,74,36,110,104,53,93,97
556,44,24,39,124,40,36,34,130,56
557,3,11,74,127,102,53,56,79,80
557,4,46,110,49,81,79,15,10,23
557,5,15,43,9,16,73,127,134,0
557,6,78,121,68,142,130,29,118,34
557,7,98,24,126,119,21,87,124,130
557,8,43,126,114,135,81,70,59,60
557,9,141,9,30,64,75,27,7,88
557,10,102,42,24,23,127,65,49,90
557,11,6,120,138,35,121,33,49,1
557,12,11,119,55,95,103,71,52,137
557,13,6,5,19,103,20,15,78,102
557,14,138,100,69,30,78,18,36,82
557,15,59,3,66,87,41,109,107,38
557,16,87,101,108,46,112,25,83,74
557,17,43,30,138,101,116,80,94,55
557,18,122,115,100,132,12,140,141,69
557,19,73,71,32,33,105,21,109,136
557,20,52,31,1,79,82,46,129,35
557,21,105,63,128,96,124,39,91,134
557,22,98,19,0,82,94,78,57,106
557,23,60,6,101,134,114,64,2,19
557,24,27,140,0,103,129,86,54,14
557,25,66,139,81,24,29,54,40,107
557,26,44,13,79,90,3,19,15,22
557,27,46,137,27,138,31,44,121,82
557,28,98,86,126,46,10,33,47,18
557,29,48,42,32,128,1,38,103,111
557,30,114,21,86,80,110,77,70,42
557,31,102,78,127,24,86,51,17,122
557,32,138,130,12,80,25,131,104,135
557,33,3,85,121,67,143,138,79,129
557,34,26,75,92,82,25,38,20,138
557,35,57,9,76,3,63,133,70,28
557,36,97,128,96,92,111,138,51,69
557,37,81,135,92,99,44,67,9,127
557,38,108,113,1,42,104,100,87,141
557,39,53,73,60,134,47,102,135,108
557,40,90,61,22,24,55,59,50,132
557,41,25,45,58,138,54,86,132,37
557,42,69,70,118,39,116,76,32,47
557,43,49,78,44,110,93,96,97,10
557,44,113,118,61,36,112,34,141,69
558,3,50,12,123,42,136,14,87,127
558,4,53,24,112,91,88,54,90,130
558,5,59,18,12,70,95,133,115,110
558,6,60,109,45,120,80,5,10,118
558,7,100,66,21,121,126,2,19,38
558,8,12,125,70,24,53,41,139,134
558,9,81,97,99,64,60,79,128,44
558,10,130,66,69,133,90,82,38,81
558,11,138,29,49,69,47,23,46,104
558,12,71,18,24,119,116,89,95,38
558,13,6,13,5,19,64,122,103,38
558,14,57,30,83,70,3,47,108,29
558,15,70,110,18,88,134,133,75,118
558,16,25,40,112,82,14,49,18,91
558,17,85,101,43,25,138,34,55,24
558,18,100,122,115,69,132,67,137,30
558,19,12,21,73,22,88,53,28,140
558,20,73,31,132,86,135,110,46,45
558,21,91,42,35,63,71,132,13,17
558,22,109,142,98,19,78,94,59,105
558,23,41,6,101,140,114,60,89,42
558,24,27,90,119,54,103,28,140,129
558,25,66,139,107,81,60,24,141,31
558,26,44,90,13,79,19,3,15,53
558,27,46,138,27,31,82,44,137,47
558,28,91,51,64,143,5,47,2,121
558,29,51,1,32,77,128,22,98,103
558,30,99,86,13,21,80,43,9,11
558,31,24,86,17,51,69,3,127,10
558,32,92,3,138,124,13,66,62,104
558,33,34,3,98,121,67,143,19,130
558,34,92,20,38,26,42,140,75,79
558,35,120,70,76,12,3,140,59,134
558,36,92,138,97,128,69,79,37,1
558,37,99,40,81,29,92,72,75,9
558,38,33,108,42,100,1,11,141,76
558,39,46,73,60,102,4,53,15,119
558,40,137,24,90,132,22,29,26,59
558,41,2,54,58,51,142,20,37,18
558,42,21,30,91,47,44,118,57,116
558,43,10,63,15,110,108,97,124,77
558,44,81,86,42,0,36,122,124,49
559,3,94,70,76,134,86,14,50,87
559,4,99,102,4,22,7,6,137,140
559,5,21,7,85,104,109,38,84,29
559,6,1,8,110,20,133,63,127,134
559,7,1,111,15,137,65,95,4,140
559,8,125,102,51,53,111,43,35,143
559,9,15,119,58,138,143,120,135,129
559,10,96,13,27,79,71,103,23,90
559,11,46,49,11,79,7,10,29,70
559,12,18,99,24,119,71,33,12,89
559,13,63,13,5,6,27,35,38,45
559,14,83,33,108,18,36,40,30,103
559,15,92,103,69,38,16,60,101,18
559,16,112,125,25,18,82,110,89,49
559,17,43,85,111,94,59,37,42,93
559,18,12,140,115,122,67,100,132,70
559,19,71,73,32,21,78,33,22,94
559,20,79,38,31,41,117,21,1,136
559,21,39,128,63,110,91,10,67,132
559,22,98,139,23,111,41,18,130,109
559,23,46,18,134,6,133,2,101,23
559,24,27,89,42,14,46,90,103,28
559,25,139,66,107,81,60,24,31,23
559,26,95,44,90,7,13,19,3,79
559,27,47,46,138,27,31,44,82,66
559,28,57,91,143,51,2,10,5,7
559,29,51,32,44,128,1,125,77,6
559,30,99,86,24,43,9,52,80,123
559,31,59,24,86,17,136,51,122,85
559,32,127,62,138,3,92,134,100,22
559,33,3,121,140,67,34,85,138,19
559,34,26,92,104,138,18,79,68,25
559,35,63,76,3,79,120,135,114,134
559,36,92,140,128,7,69,97,108,78
559,37,101,3,5,81,92,56,99,16
559,38,11,122,0,1,87,96,93,33
559,39,51,119,53,60,102,73,47,15
559,40,27,23,22,29,59,26,118,7
559,41,58,40,89,102,6,26,138,18
559,42,99,71,118,110,128,96,55,119
559,43,15,31,29,120,83,110,3,118
559,44,76,122,33,124,36,34,59,19
560,3,73,39,76,8,12,93,42,53
560,4,112,68,86,117,84,124,6,16
560,5,28,106,61,131,55,41,139,113
560,6,99,135,37,75,118,71,129,134
560,7,0,21,75,110,126,102,74,112
560,8,139,49,10,53,26,32,46,3
560,9,64,77,73,79,129,89,7,88
560,10,133,72,101,37,79,10,90,27
560,11,49,113,23,99,121,66,19,104
560,12,99,119,18,24,95,5,89,7
560,13,13,44,6,5,101,33,75,134
560,14,40,50,108,36,67,18,107,7
560,15,69,38,94,41,121,133,106,35
560,16,125,112,47,25,0,82,40,21
560,17,24,101,30,43,55,34,92,12
560,18,100,34,122,20,69,141,132,67
560,19,42,12,21,38,22,73,32,53
560,20,12,73,132,2,32,41,134,33
560,21,115,91,122,124,130,106,90,110
560,22,19,98,65,78,59,77,109,63
560,23,140,36,89,101,134,2,114,31
560,24,140,90,129,56,27,22,16,143
560,25,139,88,114,66,107,24,81,23
560,26,50,7,44,19,13,21,126,3
560,27,138,27,46,44,142,11,14,31
560,28,75,130,143,18,51,10,135,85
560,29,51,32,100,137,103,26,29,75
560,30,9,86,43,21,12,80,11,74
560,31,24,122,31,86,85,51,28,139
560,32,138,116,29,88,62,131,87,104
560,33,3,139,121,120,19,100,106,112
560,34,26,104,42,50,138,38,130,25
560,35,3,123,28,135,117,76,67,54
560,36,92,123,108,97,15,14,69,128
560,37,19,29,92,81,99,97,23,78
560,38,128,1,87,27,141,47,15,100
560,39,62,60,53,86,44,73,120,102
560,40,29,59,118,22,90,68,136,94
560,41,58,18,34,138,112,28,22,137
560,42,1,118,108,113,55,134,44,23
560,43,72,110,10,104,11,106,93,15
560,44,124,130,103,24,49,36,39,40
561,3,59,72,74,57,86,127,28,104
561,4,73,80,16,96,93,20,22,7
561,5,9,30,91,87,47,54,13,32
561,6,142,66,92,42,116,121,134,69
561,7,118,98,126,27,53,30,124,24
561,8,137,22,17,43,25,6,49,93
561,9,140,52,89,128,69,84,134,1
561,10,83,128,13,102,27,132,42,24
561,11,8,1,132,16,0,6,49,121
561,12,7,57,42,119,120,18,95,84
561,13,6,70,44,13,15,5,19,30
561,14,73,112,138,40,108,69,36,47
561,15,117,68,102,11,100,59,33,69
561,16,47,108,46,27,112,91,137,82
561,17,24,30,101,138,43,90,11,38
561,18,132,100,122,12,20,34,115,75
561,19,38,32,12,140,22,136,21,77
561,20,12,46,24,132,67,82,37,50
561,21,106,115,110,77,91,124,86,25
561,22,19,98,78,57,18,59,37,35
561,23,4,137,140,95,113,54,134,101
561,24,140,22,32,143,27,120,129,56
561,25,139,88,23,93,24,81,66,62
561,26,44,7,19,21,13,126,3,113
561,27,27,46,138,31,11,82,94,44
561,28,130,86,46,126,87,76,143,18
561,29,32,3,48,29,66,103,84,11
561,30,21,80,86,11,24,114,9,89
561,31,24,86,103,29,74,78,28,85
561,32,138,12,66,4,60,25,23,105
561,33,3,106,121,129,19,12,130,67
561,34,26,42,82,50,104,47,75,138
561,35,57,9,28,3,76,30,63,126
561,36,97,92,128,69,111,138,18,46
561,37,92,99,81,97,16,135,9,67
561,38,1,108,141,27,87,100,11,58
561,39,53,60,86,73,134,18,120,102
561,40,50,90,59,43,55,118,22,29
561,41,58,112,54,93,132,22,125,6
561,42,76,44,118,39,108,1,116,57
561,43,49,110,10,104,24,53,124,101
561,44,24,40,36,49,61,130,34,124
562,3,4,30,109,45,134,138,68,125
562,4,15,142,74,13,143,137,11,82
562,5,70,94,95,67,91,140,15,8
562,6,18,27,16,142,45,42,76,34
562,7,91,124,39,101,19,0,38,40
562,8,127,53,45,124,71,43,137,6
562,9,84,70,92,105,138,73,64,51
562,10,109,82,129,93,64,33,83,113
562,11,111,97,49,1,117,78,47,69
562,12,7,48,85,129,113,14,119,84
562,13,120,6,4,86,90,70,38,103
562,14,25,3,33,9,138,47,31,89
562,15,104,103,44,41,89,65,58,91
562,16,47,89,112,126,91,4,21,18
562,17,24,38,59,95,6,129,43,87
562,18,100,75,122,115,69,132,34,1
562,19,140,73,20,12,77,21,113,27
562,20,45,108,73,46,12,132,103,143
562,21,91,115,124,106,30,90,130,77
562,22,78,19,63,41,59,30,35,107
562,23,101,4,2,140,69,134,46,3
562,24,140,27,129,56,143,46,120,16
562,25,139,66,24,81,62,23,88,93
562,26,44,137,21,3,13,90,2,89
562,27,31,94,44,138,27,46,129,30
562,28,90,5,7,66,10,143,130,134
562,29,59,32,44,6,125,105,11,29
562,30,92,24,130,22,41,86,21,76
562,31,75,24,45,86,85,122,10,51
562,32,138,76,14,51,21,141,72,27
562,33,130,3,43,121,106,46,19,139
562,34,117,42,26,50,130,136,92,138
562,35,129,62,135,28,126,6,12,76
562,36,135,97,128,52,122,86,46,96
562,37,52,97,56,81,92,114,77,67
562,38,48,1,87,110,134,54,100,31
562,39,53,60,50,18,66,41,102,120
562,40,110,75,124,22,117,59,118,29
562,41,58,128,93,90,22,47,112,102
562,42,48,13,118,63,57,116,42,52
562,43,57,97,104,110,91,93,107,117
562,44,7,80,44,105,24,59,82,6
563,3,86,96,16,125,87,141,62,5
563,4,95,90,15,28,128,24,64,91
563,5,115,55,105,76,18,15,116,65
563,6,108,45,61,80,71,129,75,82
563,7,128,91,38,74,6,30,102,19
563,8,4,139,32,81,49,35,132,58
563,9,94,116,60,79,83,142,42,128
563,10,106,90,73,103,89,96,27,68
563,11,49,3,23,94,0,2,104,70
563,12,119,142,127,109,113,89,3,43
563,13,27,120,54,130,6,38,86,118
563,14,33,76,31,25,66,71,27,67
563,15,121,104,18,57,91,134,44,39
563,16,57,21,112,69,91,74,47,30
563,17,24,90,38,59,6,95,43,134
563,18,75,69,100,138,132,122,124,34
563,19,77,140,21,113,73,95,71,22
563,20,45,2,143,73,12,132,108,67
563,21,110,91,30,115,28,113,122,4
563,22,63,78,11,53,98,107,12,109
563,23,46,140,38,101,2,3,6,31
563,24,140,56,27,90,46,100,129,143
563,25,66,139,62,23,94,88,24,17
563,26,44,13,21,19,3,137,95,29
563,27,31,94,138,44,46,82,129,27
563,28,5,57,85,10,76,27,143,124
563,29,73,85,32,44,34,6,65,11
563,30,123,15,24,21,41,86,48,42
563,31,24,86,10,85,31,51,59,3
563,32,138,29,21,76,14,24,36,139
563,33,3,121,46,127,19,130,112,124
563,34,26,42,50,117,136,138,68,21
563,35,30,135,3,63,72,134,28,119
563,36,128,97,140,111,122,7,92,52
563,37,92,16,81,56,97,114,5,9
563,38,1,31,87,120,0,110,76,141
563,39,60,53,86,41,18,66,22,52
563,40,118,23,59,29,136,98,110,22
563,41,58,22,34,112,85,67,40,103
563,42,118,123,71,99,116,129,76,58
563,43,29,31,106,16,110,117,58,97
563,44,33,80,59,76,130,24,124,17
564,3,16,68,86,125,39,93,62,36
564,4,81,20,38,7,136,14,10,90
564,5,78,97,21,85,60,115,5,73
564,6,21,126,108,99,134,129,60,92
564,7,46,16,125,38,5,91,140,1
564,8,63,139,8,3,49,22,124,125
564,9,101,47,79,24,83,134,71,138
564,10,27,72,17,106,90,96,13,62
564,11,70,49,0,29,63,92,66,104
564,12,127,119,103,14,138,25,121,124
564,13,27,120,6,90,54,19,86,35
564,14,31,33,80,108,67,118,27,25
564,15,91,104,102,57,71,80,11,121
564,16,74,112,57,116,9,18,69,21
564,17,59,45,90,38,87,34,41,138
564,18,100,122,115,69,75,72,12,132
564,19,140,73,33,71,20,27,80,64
564,20,108,13,46,67,103,12,9,111
564,21,124,85,133,117,30,91,113,110
564,22,19,107,78,105,130,41,61,23
564,23,101,2,3,74,61,37,16,133
564,24,73,27,84,41,26,89,129,103
564,25,139,60,66,62,23,10,31,81
564,26,44,21,13,2,19,3,15,138
564,27,31,44,138,27,46,94,30,129
564,28,143,10,5,123,27,121,130,48
564,29,32,34,85,55,26,81,11,136
564,30,41,3,24,9,43,123,15,83
564,31,24,86,10,32,85,51,28,84
564,32,14,138,76,108,139,29,87,24
564,33,3,121,127,19,115,13,89,41
564,34,26,50,42,130,117,25,138,68
564,35,135,3,40,30,130,134,39,50
564,36,92,122,128,97,111,100,123,104
564,37,92,81,16,107,114,20,97,119
564,38,1,31,85,27,82,87,54,76
564,39,60,53,86,66,39,18,138,102
564,40,29,118,59,136,110,22,91,40
564,41,58,22,34,128,46,112,15,17
564,42,118,116,120,76,44,123,134,16
564,43,110,97,128,117,58,71,88,120
564,44,24,80,130,59,124,121,135,36
565,3,84,66,42,35,127,39,137,48
565,4,22,61,70,95,99,40,18,106
565,5,113,98,136,95,16,121,110,105
565,6,60,92,99,89,110,118,59,28
565,7,21,5,60,11,74,112,75,0
565,8,6,98,81,122,35,12,56,46
565,9,142,102,115,128,73,14,66,135
565,10,73,101,20,126,28,118,125,93
565,11,63,49,44,66,104,122,55,121
565,12,119,71,50,111,129,84,47,24
565,13,54,120,95,15,25,33,97,90
565,14,108,60,114,18,40,67,20,47
565,15,25,84,38,124,39,139,129,1
565,16,23,112,90,137,28,125,91,32
565,17,6,43,82,59,34,124,20,45
565,18,100,67,12,69,132,75,114,123
565,19,27,140,20,141,73,33,28,77
565,20,108,45,46,73,47,97,81,65
565,21,20,91,30,113,90,85,122,125
565,22,63,105,78,19,118,98,107,41
565,23,61,67,104,78,101,98,2,112
565,24,27,14,73,56,44,129,72,103
565,25,139,10,66,45,24,88,40,62
565,26,44,2,13,21,19,134,73,15
565,27,44,31,138,89,46,50,127,30
565,28,27,5,143,120,10,48,25,132
565,29,32,100,65,120,87,55,94,136
565,30,135,122,43,9,42,36,41,80
565,31,24,85,13,31,122,10,86,109
565,32,14,138,112,29,109,87,7,51
565,33,3,121,130,100,43,97,89,19
565,34,42,26,50,138,130,25,65,117
565,35,4,50,135,54,1,100,66,9
565,36,23,136,112,52,111,122,96,97
565,37,112,23,60,92,54,97,129,29
565,38,1,31,102,134,137,69,76,12
565,39,60,53,10,12,49,18,100,4
565,40,122,124,136,13,91,35,118,32
565,41,58,90,70,27,20,41,85,7
565,42,46,33,118,84,7,76,52,116
565,43,33,132,110,94,48,31,111,142
565,44,20,37,80,116,59,130,24,91
566,3,40,67,8,38,2,24,12,128
566,4,82,9,54,22,91,60,33,133
566,5,97,5,117,95,40,11,140,109
566,6,87,80,53,100,48,34,99,114
566,7,65,106,8,18,40,85,137,41
566,8,91,1,101,98,9,39,84,60
566,9,112,125,32,46,101,42,139,47
566,10,17,139,97,116,135,90,18,82
566,11,81,79,54,63,2,129,44,49
566,12,94,116,119,85,76,114,113,143
566,13,5,31,54,27,6,120,15,107
566,14,30,108,80,42,95,36,141,56
566,15,42,99,70,25,139,9,44,111
566,16,88,112,90,74,75,30,137,23
566,17,134,6,38,59,43,90,24,82
566,18,100,67,132,75,69,122,124,12
566,19,73,77,140,113,27,21,22,42
566,20,45,143,46,108,0,104,12,81
566,21,91,30,115,90,113,85,130,103
566,22,98,116,78,12,118,50,25,8
566,23,101,90,16,140,63,112,98,65
566,24,27,46,140,128,134,122,56,72
566,25,66,139,24,45,105,23,10,62
566,26,44,21,13,19,84,116,138,28
566,27,31,138,27,44,46,28,94,50
566,28,130,5,121,134,10,143,139,135
566,29,97,46,32,57,26,21,126,75
566,30,120,41,83,21,80,3,19,42
566,31,24,86,10,32,85,51,139,36
566,32,108,138,14,76,38,39,29,105
566,33,3,121,46,19,127,143,58,106
566,34,26,42,104,50,14,130,138,8
566,35,3,28,135,40,30,12,115,72
566,36,128,9,97,122,69,15,118,110
566,37,92,110,16,81,130,114,97,137
566,38,1,87,64,47,11,96,76,102
566,39,60,53,86,28,18,135,39,2
566,40,59,118,22,29,43,136,72,50
566,41,112,58,124,28,22,34,46,73
566,42,118,1,123,76,116,55,134,12
566,43,110,104,128,53,31,97,4,36
566,44,24,124,130,56,59,36,40,140
567,3,130,47,16,71,138,141,119,43
567,4,116,102,24,42,122,85,129,41
567,5,105,55,82,42,11,27,71,66
567,6,110,84,106,63,92,118,112,49
567,7,29,75,21,102,0,110,6,38
567,8,6,61,81,58,52,50,124,91
567,9,102,121,88,89,31,15,29,42
567,10,110,81,90,17,89,76,24,104
567,11,49,121,104,115,112,39,110,99
567,12,2,119,50,17,133,13,138,47
567,13,5,44,126,54,33,132,11,90
567,14,108,117,36,137,67,18,52,20
567,15,124,123,38,25,75,44,39,134
567,16,112,88,85,137,45,114,54,67
567,17,43,87,34,44,95,72,45,90
567,18,100,69,75,67,34,12,66,122
567,19,140,109,27,28,143,113,119,21
567,20,108,65,45,81,134,111,24,9
567,21,80,110,30,20,116,119,113,106
567,22,78,98,70,19,116,107,118,50
567,23,67,61,104,36,101,2,90,6
567,24,73,80,140,68,44,56,129,27
567,25,66,139,62,60,23,88,98,40
567,26,21,44,2,22,19,138,13,40
567,27,44,31,138,26,46,129,142,89
567,28,76,114,143,130,58,27,47,142
567,29,79,32,97,36,55,132,113,6
567,30,43,9,3,71,19,77,70,83
567,31,24,122,10,86,45,32,51,130
567,32,116,14,138,139,76,110,87,10
567,33,121,3,123,137,19,30,71,143
567,34,42,50,130,26,23,75,104,37
567,35,135,77,105,100,3,86,40,44
567,36,128,118,48,20,135,97,6,23
567,37,73,92,78,81,114,35,129,18
567,38,1,31,47,102,46,104,76,87
567,39,60,53,86,18,69,41,28,135
567,40,13,136,29,43,59,118,97,35
567,41,58,34,112,27,22,128,20,74
567,42,118,1,55,76,110,134,33,116
567,43,104,110,97,0,33,117,58,132
567,44,124,130,24,39,80,20,56,59
568,3,26,136,65,52,42,143,87,90
568,4,53,117,62,135,21,66,38,23
568,5,27,70,74,47,122,16,143,8
568,6,94,27,43,92,117,35,31,60
568,7,29,6,0,92,139,75,121,99
568,8,95,11,98,124,29,5,30,12
568,9,102,27,143,13,95,122,88,121
568,10,2,83,84,101,138,38,9,90
568,11,49,55,104,121,67,44,111,122
568,12,36,71,119,106,68,13,47,17
568,13,137,141,54,84,6,90,94,126
568,14,108,107,40,117,135,112,20,47
568,15,115,36,38,123,25,141,18,134
568,16,112,32,47,125,88,71,30,60
568,17,94,39,43,34,63,6,20,44
568,18,100,114,67,122,12,69,75,82
568,19,38,114,140,33,67,22,27,73
568,20,108,45,97,13,81,17,65,51
568,21,128,113,124,91,110,90,30,3
568,22,19,137,98,78,65,118,83,116
568,23,7,101,44,2,134,30,63,133
568,24,140,73,37,100,129,72,84,27
568,25,139,81,66,10,62,88,24,98
568,26,124,44,4,50,19,21,13,113
568,27,114,27,138,46,124,31,82,44
568,28,93,6,127,67,77,130,76,10
568,29,100,29,32,97,103,58,87,56
568,30,43,41,88,9,86,3,71,55
568,31,24,114,10,85,106,31,51,86
568,32,19,4,138,14,29,76,85,66
568,33,51,120,3,142,66,57,121,130
568,34,26,42,75,41,70,50,130,104
568,35,135,1,123,66,57,76,16,115
568,36,14,92,97,111,104,110,52,9
568,37,10,23,92,96,81,73,60,99
568,38,34,1,128,47,94,31,27,87
568,39,60,62,53,86,109,41,135,39
568,40,59,123,118,94,19,136,22,29
568,41,130,18,58,136,34,137,125,138
568,42,106,23,113,129,118,46,76,55
568,43,110,48,104,32,112,50,24,93
568,44,103,37,116,130,36,40,24,34
569,3,11,116,100,74,96,39,127,86
569,4,110,10,122,113,48,23,64,79
569,5,134,30,9,59,14,26,36,15
569,6,142,68,121,34,82,24,42,92
569,7,98,126,38,24,55,118,28,70
569,8,43,66,126,121,22,49,114,50
569,9,75,9,141,52,27,113,89,103
569,10,106,102,65,24,127,69,90,77
569,11,6,8,121,45,1,35,49,138
569,12,122,131,128,7,30,57,119,138
569,13,33,6,19,44,27,54,38,0
569,14,138,80,69,108,129,100,141,56
569,15,59,38,80,66,115,11,102,117
569,16,71,101,108,46,112,88,133,74
569,17,90,87,101,95,59,39,43,6
569,18,75,100,114,69,67,124,122,17
569,19,27,38,77,140,114,21,73,48
569,20,132,12,45,39,46,108,67,73
569,21,28,115,30,109,113,124,128,91
569,22,57,19,78,82,118,98,65,111
569,23,60,134,140,80,6,95,41,101
569,24,140,0,22,94,27,56,73,114
569,25,139,81,62,93,24,6,69,70
569,26,44,79,135,3,130,49,19,13
569,27,138,124,31,46,131,137,11,14
569,28,86,126,46,67,76,130,98,10
569,29,29,48,32,42,128,140,103,75
569,30,21,75,114,86,116,45,55,105
569,31,102,78,24,86,127,51,10,29
569,32,138,130,12,25,80,4,66,76
569,33,3,67,85,121,17,129,143,138
569,34,26,82,75,42,47,50,101,138
569,35,57,76,9,12,28,67,135,70
569,36,97,128,111,92,18,96,63,122
569,37,139,135,92,99,44,81,48,9
569,38,141,1,42,108,113,87,76,47
569,39,53,60,18,73,135,96,134,47
569,40,90,53,50,61,55,132,118,24
569,41,25,45,58,39,28,132,54,137
569,42,70,69,118,76,39,108,41,5
569,43,49,78,110,96,44,93,50,101
569,44,113,61,118,112,36,34,40,141
570,3,50,123,12,42,136,14,11,87
570,4,53,24,91,33,54,6,88,121
570,5,95,59,70,18,110,111,12,71
570,6,60,109,46,118,142,4,5,120
570,7,100,126,66,121,21,52,35,124
570,8,12,59,125,24,114,139,39,98
570,9,81,97,79,36,64,75,117,87
570,10,130,66,69,90,136,82,99,101
570,11,138,49,29,47,23,46,117,69
570,12,71,24,18,119,7,95,85,75
570,13,13,6,19,33,64,130,38,122
570,14,57,30,83,85,108,47,3,135
570,15,110,70,18,133,25,134,16,89
570,16,40,25,112,82,18,91,31,110
570,17,85,90,101,87,55,3,38,34
570,18,100,75,137,69,122,67,11,34
570,19,21,12,140,73,136,113,67,20
570,20,73,132,39,12,31,108,46,110
570,21,91,124,132,63,115,28,130,109
570,22,109,19,142,78,59,98,105,104
570,23,41,140,101,60,6,114,134,11
570,24,140,28,90,27,103,16,129,143
570,25,107,139,66,81,24,60,141,40
570,26,44,90,13,19,79,3,21,2
570,27,46,138,44,31,124,82,27,103
570,28,91,51,64,143,76,10,19,47
570,29,51,1,77,32,29,125,128,98
570,30,99,86,13,21,80,9,55,132
570,31,24,86,77,10,51,69,17,127
570,32,3,92,138,124,66,109,104,87
570,33,3,34,121,67,98,143,112,19
570,34,20,26,42,92,38,50,130,140
570,35,70,120,135,76,9,3,60,62
570,36,92,97,128,138,79,111,110,50
570,37,99,40,92,81,29,75,72,48
570,38,33,108,42,1,100,141,104,50
570,39,46,73,60,53,4,15,102,47
570,40,137,90,24,29,132,22,136,118
570,41,2,58,142,51,54,20,48,37
570,42,21,30,47,91,118,6,44,76
570,43,10,63,110,108,83,77,15,96
570,44,86,81,42,0,57,36,82,27
571,3,67,49,76,44,125,39,13,141
571,4,102,15,84,68,100,87,22,23
571,5,70,134,11,29,88,51,5,66
571,6,81,129,133,8,89,28,63,110
571,7,114,102,70,85,11,60,130,52
571,8,54,49,128,6,70,47,35,71
571,9,83,21,115,24,109,120,126,86
571,10,37,17,38,110,27,4,133,90
571,11,49,0,53,121,66,59,104,115
571,12,99,24,7,119,18,17,52,51
571,13,49,101,128,27,13,96,33,19
571,14,38,115,36,108,40,18,27,67
571,15,134,121,94,39,69,128,89,36
571,16,112,25,71,99,106,20,40,117
571,17,94,55,43,96,34,97,71,85
571,18,34,100,75,69,17,102,33,122
571,19,140,42,130,21,113,84,67,33
571,20,132,73,12,108,63,17,110,46
571,21,110,132,124,130,17,91,122,90
571,22,70,78,98,65,59,57,119,142
571,23,89,140,101,90,18,2,130,6
571,24,104,28,140,90,56,139,129,25
571,25,139,66,98,60,23,31,40,69
571,26,21,44,96,19,13,138,56,3
571,27,31,46,138,27,44,10,124,58
571,28,76,130,142,65,135,18,47,143
571,29,137,32,11,29,128,103,113,51
571,30,79,89,119,21,9,15,32,83
571,31,69,24,86,80,10,76,126,2
571,32,120,137,106,138,29,90,142,38
571,33,121,3,137,19,87,143,115,106
571,34,26,42,50,104,130,101,56,45
571,35,28,3,135,39,77,119,67,130
571,36,108,128,118,123,122,69,92,4
571,37,19,92,107,81,36,119,33,24
571,38,1,27,15,96,47,128,58,141
571,39,53,86,60,39,44,71,18,28
571,40,59,43,29,118,110,136,22,50
571,41,58,112,28,22,97,93,21,34
571,42,1,76,55,118,110,12,123,44
571,43,104,110,92,130,36,11,24,71
571,44,124,24,130,49,36,39,141,56
572,3,16,119,96,73,58,24,66,125
572,4,91,54,42,33,7,17,59,102
572,5,28,35,18,55,122,62,48,60
572,6,20,34,65,81,134,133,109,123
572,7,38,126,124,134,0,67,70,137
572,8,125,139,49,32,3,9,98,72
572,9,24,7,10,89,47,64,94,101
572,10,106,27,139,70,99,68,63,130
572,11,20,134,49,51,47,104,45,113
572,12,135,89,128,7,3,17,33,119
572,13,130,132,19,6,70,33,134,30
572,14,38,85,139,108,31,115,57,36
572,15,57,71,116,118,25,102,35,110
572,16,84,57,133,112,59,21,75,63
572,17,90,24,94,55,43,47,92,39
572,18,75,100,17,122,69,34,38,102
572,19,140,95,21,77,12,113,33,27
572,20,2,132,73,108,53,12,62,67
572,21,110,28,30,115,130,124,17,90
572,22,78,56,65,59,98,57,109,70
572,23,140,137,46,101,95,41,2,6
572,24,90,140,13,56,16,41,114,27
572,25,139,66,23,98,62,24,60,88
572,26,44,21,19,138,13,53,135,3
572,27,31,46,138,27,44,94,124,10
572,28,76,85,130,10,143,135,2,86
572,29,32,34,29,137,84,55,103,125
572,30,15,21,9,41,83,80,79,3
572,31,24,103,29,10,86,3,85,80
572,32,29,138,66,68,60,120,14,4
572,33,3,121,112,19,142,115,140,46
572,34,26,42,50,104,130,101,138,143
572,35,3,135,28,30,119,40,77,57
572,36,128,97,122,111,86,14,16,9
572,37,92,81,16,97,107,19,119,110
572,38,1,87,47,31,120,96,27,141
572,39,60,53,86,62,18,39,135,71
572,40,59,118,29,136,116,13,43,22
572,41,58,34,112,28,22,93,21,6
572,42,118,76,1,44,55,120,123,116
572,43,110,104,10,24,4,116,101,36
572,44,130,24,124,49,34,80,36,141
573,3,81,141,10,127,90,37,74,42
573,4,103,22,23,79,42,37,96,7
573,5,123,72,15,62,118,95,80,14
573,6,106,30,50,27,63,40,102,42
573,7,124,53,57,20,39,129,28,114
573,8,31,7,81,35,43,124,93,22
573,9,103,93,109,89,141,46,120,27
573,10,65,111,27,114,104,68,100,109
573,11,78,102,49,70,29,71,121,33
573,12,67,7,127,128,52,50,119,28
573,13,36,27,52,70,6,127,132,15
573,14,114,108,138,38,103,141,29,91
573,15,11,25,134,121,91,38,124,46
573,16,6,112,59,20,74,86,84,21
573,17,90,43,6,30,94,51,138,47
573,18,100,75,132,69,12,115,122,114
573,19,140,95,141,33,77,22,21,38
573,20,108,105,79,132,67,12,89,73
573,21,30,110,90,92,106,130,133,25
573,22,78,107,91,105,19,98,65,41
573,23,91,47,101,137,112,3,67,2
573,24,52,41,56,140,114,129,26,90
573,25,23,139,66,31,93,142,60,68
573,26,143,44,47,138,13,21,126,2
573,27,31,46,44,27,138,58,106,129
573,28,48,130,76,143,65,124,123,27
573,29,25,32,55,26,62,137,67,87
573,30,71,45,143,9,79,126,41,115
573,31,24,86,69,10,136,28,15,85
573,32,57,138,14,38,87,119,76,7
573,33,121,3,129,127,5,85,67,19
573,34,26,50,42,25,75,130,8,138
573,35,135,55,40,131,130,3,37,81
573,36,128,48,97,108,122,106,100,43
573,37,81,92,44,115,107,114,16,9
573,38,1,85,73,54,76,77,101,47
573,39,53,60,86,39,66,71,108,135
573,40,132,29,13,118,8,89,117,22
573,41,87,58,63,21,22,125,28,96
573,42,78,118,20,76,17,100,112,12
573,43,95,110,139,123,24,107,138,96
573,44,128,95,10,36,131,70,34,84
574,3,21,20,54,129,134,36,97,127
574,4,83,67,47,2,19,23,103,5
574,5,57,132,138,70,23,58,10,20
574,6,127,88,132,117,104,118,92,63
574,7,29,67,115,75,6,133,101,46
574,8,116,62,53,133,58,124,26,74
574,9,23,22,36,26,135,89,70,84
574,10,38,129,27,65,45,100,21,103
574,11,142,111,78,49,100,129,104,70
574,12,106,127,138,3,13,101,84,68
574,13,92,90,27,61,52,65,70,36
574,14,108,120,103,32,9,40,20,123
574,15,40,76,124,38,128,134,25,80
574,16,116,112,6,80,118,59,119,128
574,17,67,86,16,121,63,90,72,95
574,18,33,100,75,115,95,102,0,132
574,19,54,35,33,73,129,95,20,140
574,20,21,143,103,97,8,40,132,77
574,21,110,141,14,91,115,106,20,92
574,22,111,78,37,98,118,49,125,130
574,23,18,112,101,133,91,103,74,63
574,24,52,33,41,135,139,44,56,73
574,25,20,23,139,142,93,125,60,26
574,26,110,44,47,3,13,138,2,29
574,27,127,31,44,46,30,138,106,75
574,28,130,123,124,18,10,143,48,9
574,29,126,25,32,96,67,81,87,113
574,30,9,3,87,42,80,115,71,45
574,31,24,52,93,130,85,47,126,109
574,32,35,14,52,104,87,57,138,7
574,33,121,3,8,5,19,115,41,34
574,34,50,26,42,8,0,62,139,143
574,35,135,128,124,63,13,40,55,37
574,36,87,97,59,48,43,30,42,9
574,37,92,16,9,81,116,136,63,88
574,38,1,85,82,100,18,55,16,25
574,39,88,60,53,120,71,138,2,135
574,40,51,81,44,118,31,88,32,40
574,41,55,30,109,21,102,15,127,96
574,42,43,22,78,103,118,51,41,108
574,43,127,79,4,3,36,96,12,93
574,44,140,99,85,77,55,143,17,18
575,3,4,43,25,58,71,142,104,46
575,4,18,119,90,39,83,135,30,141
575,5,23,130,15,21,38,132,13,65
575,6,96,73,6,117,95,39,84,35
575,7,46,49,18,44,96,92,14,140
575,8,34,62,58,26,32,28,75,9
575,9,44,66,88,86,79,87,58,8
575,10,45,124,129,43,90,134,25,137
575,11,5,121,67,123,0,100,29,51
575,12,138,112,28,14,78,90,63,0
575,13,34,90,65,89,47,97,37,124
575,14,11,0,46,142,5,111,52,9
575,15,76,31,94,80,135,39,41,44
575,16,116,22,129,124,4,128,112,67
575,17,67,16,121,86,76,92,107,17
575,18,108,33,88,32,77,115,84,100
575,19,54,43,80,41,33,22,113,20
575,20,103,1,42,110,143,59,109,22
575,21,14,92,141,15,91,120,30,122
575,22,103,130,86,78,36,88,107,67
575,23,112,105,101,103,133,98,29,57
575,24,33,44,84,139,18,52,46,65
575,25,23,20,26,93,142,5,125,61
575,26,126,113,47,138,19,140,28,3
575,27,25,27,58,138,31,9,129,124
575,28,130,103,123,131,57,25,119,13
575,29,81,0,103,89,25,41,19,64
575,30,44,15,89,47,9,87,93,79
575,31,93,94,85,122,106,29,24,81
575,32,70,135,129,104,72,38,62,51
575,33,125,8,138,5,130,3,51,79
575,34,67,8,50,62,120,70,0,45
575,35,128,124,105,37,13,10,130,50
575,36,48,6,97,141,76,59,119,23
575,37,60,33,136,138,132,9,94,24
575,38,18,103,134,140,3,32,8,36
575,39,19,109,69,98,89,136,135,120
575,40,68,32,35,50,63,14,51,124
575,41,27,30,13,137,15,107,21,93
575,42,78,17,51,89,53,22,5,76
575,43,107,65,127,44,139,96,12,83
575,44,108,34,18,126,58,74,26,132
576,3,94,104,137,64,4,44,58,121
576,4,135,18,96,119,56,28,27,132
576,5,76,127,37,20,70,38,54,45
576,6,129,138,45,73,87,20,39,35
576,7,128,108,78,49,116,134,58,76
576,8,34,80,63,134,91,88,109,83
576,9,29,47,45,116,98,69,8,84
576,10,89,88,4,40,90,109,28,143
576,11,116,5,67,59,4,43,39,123
576,12,28,14,0,39,80,63,103,107
576,13,65,34,124,90,86,49,23,94
576,14,0,11,40,103,9,108,37,142
576,15,64,39,7,135,80,94,45,1
576,16,116,124,128,85,43,129,4,76
576,17,16,67,86,76,92,96,132,34
576,18,108,33,115,113,88,77,100,93
576,19,54,33,43,22,0,140,8,20
576,20,143,103,42,21,1,22,35,47
576,21,14,141,92,91,110,15,3,97
576,22,103,83,86,141,88,67,130,37
576,23,101,33,112,105,133,98,109,57
576,24,139,18,84,82,33,129,73,27
576,25,23,93,26,139,9,5,125,94
576,26,113,19,138,126,13,73,21,42
576,27,25,27,58,46,94,31,10,129
576,28,130,77,103,134,123,131,47,119
576,29,0,103,25,32,120,44,29,64
576,30,44,15,89,9,79,131,43,24
576,31,94,10,84,81,24,130,139,13
576,32,70,129,138,66,38,128,135,69
576,33,125,138,51,3,43,130,35,19
576,34,50,67,0,8,44,138,135,76
576,35,128,13,130,124,14,1,126,3
576,36,48,141,104,97,99,46,128,143
576,37,92,51,10,81,60,107,88,97
576,38,47,62,11,141,4,134,18,88
576,39,60,53,86,135,89,75,18,69
576,40,50,63,124,68,22,28,113,121
576,41,27,93,13,22,28,30,138,112
576,42,78,89,23,17,76,34,123,32
576,43,65,109,124,116,96,107,112,4
576,44,126,5,49,24,36,34,141,74
577,3,141,80,69,74,11,90,129,102
577,4,13,44,102,25,116,101,39,6
577,5,72,125,23,104,95,139,107,122
577,6,24,62,142,42,5,12,86,71
577,7,108,131,117,44,53,60,21,57
577,8,114,104,81,121,43,127,46,122
577,9,56,109,57,86,131,36,39,130
577,10,51,57,103,65,71,90,49,18
577,11,26,101,102,138,49,106,121,39
577,12,131,52,0,110,119,138,55,106
577,13,86,52,6,27,90,93,141,33
577,14,49,55,77,103,29,32,0,2
577,15,112,20,11,131,128,134,45,121
577,16,116,132,56,43,99,26,69,4
577,17,16,72,86,63,90,30,67,39
577,18,33,132,115,102,75,12,100,95
577,19,129,35,73,140,54,33,22,32
577,20,21,8,97,46,54,143,120,37
577,21,110,120,91,141,115,97,20,30
577,22,46,78,98,82,80,118,125,11
577,23,112,125,140,98,46,101,114,63
577,24,126,140,27,139,56,84,32,18
577,25,23,139,98,93,66,26,94,24
577,26,19,21,138,113,44,90,13,126
577,27,94,27,31,46,138,10,58,25
577,28,130,77,76,134,57,131,135,94
577,29,44,32,103,29,120,48,64,55
577,30,21,89,44,15,24,93,79,125
577,31,1,82,139,24,94,13,2,10
577,32,66,70,129,138,97,38,60,21
577,33,43,125,3,51,35,140,130,30
577,34,42,138,26,104,21,50,62,67
577,35,128,3,1,130,13,76,135,126
577,36,99,104,46,141,140,97,26,143
577,37,92,107,97,56,10,8,52,81
577,38,47,1,121,11,18,110,0,58
577,39,60,86,53,135,50,22,75,41
577,40,50,23,59,29,14,124,22,91
577,41,116,112,93,28,65,22,113,138
577,42,113,76,123,55,39,37,34,17
577,43,116,110,107,109,31,93,96,112
577,44,24,49,80,44,34,121,36,124
578,3,128,104,75,115,76,91,8,130
578,4,122,129,42,100,119,86,39,52
578,5,140,28,54,39,89,13,135,139
578,6,37,47,55,54,108,61,92,39
578,7,75,128,39,64,52,6,117,99
578,8,124,122,6,107,101,128,83,133
578,9,113,66,42,49,142,134,34,102
578,10,139,88,140,72,25,131,53,40
578,11,104,55,26,72,59,115,79,22
578,12,47,2,75,69,54,111,25,105
578,13,89,118,97,90,77,86,37,34
578,14,4,44,123,58,11,28,141,108
578,15,124,27,39,31,94,80,6,26
578,16,107,23,38,85,22,54,80,43
578,17,16,87,133,92,95,39,109,81
578,18,79,1,100,115,113,17,77,10
578,19,109,60,0,102,33,80,105,41
578,20,1,129,46,24,58,103,5,110
578,21,80,110,120,14,115,20,107,91
578,22,86,141,0,19,102,130,118,125
578,23,61,85,101,88,133,63,42,112
578,24,117,46,70,129,113,2,33,60
578,25,23,5,125,94,93,114,45,81
578,26,92,47,19,110,77,3,13,2
578,27,24,94,90,142,129,130,36,80
578,28,58,13,132,123,103,27,114,143
578,29,120,49,79,103,32,6,31,75
578,30,87,24,47,43,12,79,139,19
578,31,93,94,130,14,24,122,136,10
578,32,110,34,14,72,116,7,33,24
578,33,18,51,125,121,112,48,96,99
578,34,138,26,21,135,44,45,137,143
578,35,1,13,16,105,21,3,64,122
578,36,141,26,122,67,5,137,143,111
578,37,92,102,67,105,28,33,95,9
578,38,41,121,92,1,71,119,51,137
578,39,60,17,120,76,87,135,47,62
578,40,101,65,44,50,26,29,91,43
578,41,93,138,22,136,13,89,128,8
578,42,7,118,134,113,23,17,15,102
578,43,1,120,116,110,82,54,70,56
578,44,49,24,80,121,53,34,141,125
579,3,15,122,125,134,108,63,79,4
579,4,42,34,102,38,136,99,120,129
579,5,124,88,95,51,61,139,66,90
579,6,77,121,7,37,105,42,94,20
579,7,99,75,6,26,140,92,18,139
579,8,34,124,99,122,128,21,75,120
579,9,66,142,98,67,143,62,4,135
579,10,59,44,125,83,11,40,71,90
579,11,116,53,104,77,95,67,121,115
579,12,69,134,17,70,63,39,138,47
579,13,97,89,126,23,37,90,34,79
579,14,35,11,0,131,108,40,140,82
579,15,94,128,27,39,124,52,7,134
579,16,116,93,34,54,11,17,67,128
579,17,133,109,42,20,73,108,40,16
579,18,77,1,41,88,100,17,108,34
579,19,80,0,71,84,52,60,95,86
579,20,103,15,1,111,121,143,109,5
579,21,20,14,91,81,15,122,71,17
579,22,138,86,141,130,62,0,83,88
579,23,61,78,29,101,133,104,57,49
579,24,117,36,115,33,73,84,46,67
579,25,5,93,9,125,23,45,102,29
579,26,92,134,57,47,13,41,19,113
579,27,25,89,130,24,127,137,94,133
579,28,103,13,131,143,119,47,19,132
579,29,120,49,103,32,52,28,0,112
579,30,63,87,43,47,122,79,115,139
579,31,93,94,17,85,14,71,28,59
579,32,14,52,34,110,85,109,128,104
579,33,51,18,96,125,20,130,71,48
579,34,138,21,50,135,131,44,45,10
579,35,105,50,1,36,66,130,107,135
579,36,141,26,10,136,113,8,111,143
579,37,129,92,67,102,136,96,112,60
579,38,121,1,41,71,69,20,25,102
579,39,17,12,60,89,94,42,64,141
579,40,101,65,44,77,109,26,91,68
579,41,138,13,77,70,55,111,93,27
579,42,7,134,52,113,23,17,118,15
579,43,120,60,54,82,97,1,58,43
579,44,49,24,80,121,141,135,34,126
580,3,141,62,26,52,5,91,94,115
580,4,135,53,69,56,5,33,40,100
580,5,18,127,114,137,138,124,136,6
580,6,90,65,28,35,36,112,71,121
580,7,99,26,0,18,64,59,112,6
580,8,99,54,122,71,81,62,28,79
580,9,57,142,66,143,70,31,49,139
580,10,32,133,61,9,14,142,134,99
580,11,22,43,113,67,19,5,63,51
580,12,99,107,47,138,71,49,70,143
580,13,97,89,23,101,119,90,100,126
580,14,115,108,135,0,40,103,57,92
580,15,134,94,128,124,39,27,44,63
580,16,34,124,15,121,99,67,128,101
580,17,73,98,109,133,81,16,80,1
580,18,100,1,79,106,113,49,67,17
580,19,0,80,127,33,20,94,43,34
580,20,1,103,76,13,24,58,121,53
580,21,15,130,104,62,91,10,97,3
580,22,137,62,138,83,130,86,93,6
580,23,42,61,133,33,105,57,29,101
580,24,117,73,36,115,84,1,107,67
580,25,23,5,93,9,94,125,126,27
580,26,134,47,19,126,113,41,13,138
580,27,27,94,23,25,24,133,58,130
580,28,130,120,119,137,36,13,77,47
580,29,120,103,116,32,49,13,28,44
580,30,43,24,87,63,11,79,115,139
580,31,93,82,94,24,101,10,28,29
580,32,34,85,128,69,105,8,52,87
580,33,51,125,18,96,3,43,121,141
580,34,138,21,135,105,44,45,26,120
580,35,130,1,66,124,13,105,36,135
580,36,141,136,26,111,143,113,70,27
580,37,129,92,60,96,20,102,105,94
580,38,121,1,71,20,34,18,22,41
580,39,12,60,17,52,62,89,87,15
580,40,44,32,101,109,77,29,28,91
580,41,77,93,138,85,128,22,26,111
580,42,22,121,23,15,53,113,134,17
580,43,120,132,96,58,30,112,123,93
580,44,49,121,80,135,105,126,34,143
581,3,14,109,119,25,127,58,133,8
581,4,76,125,23,90,120,135,15,4
581,5,18,53,7,132,139,131,142,143
581,6,65,102,114,123,81,129,73,37
581,7,26,131,0,36,22,18,94,25
581,8,107,99,133,51,28,34,142,46
581,9,66,102,142,129,4,64,87,85
581,10,32,73,83,98,53,137,20,82
581,11,22,55,5,115,12,128,13,76
581,12,22,130,126,106,36,112,1,5
581,13,90,23,97,27,89,3,41,106
581,14,34,40,114,77,0,60,57,11
581,15,39,124,1,38,135,115,16,63
581,16,43,116,90,26,30,119,56,74
581,17,109,16,39,95,76,34,92,63
581,18,77,88,49,115,113,90,62,0
581,19,33,129,20,95,80,51,41,64
581,20,1,46,35,143,101,54,45,103
581,21,110,91,141,13,52,71,62,120
581,22,138,82,137,98,141,37,86,93
581,23,30,64,112,99,133,33,101,57
581,24,137,140,129,126,46,84,107,65
581,25,23,93,139,5,81,27,29,98
581,26,113,19,126,79,13,47,51,138
581,27,27,24,46,86,23,94,130,137
581,28,130,137,36,120,77,119,134,86
581,29,120,103,48,32,55,92,42,29
581,30,21,89,125,11,93,24,87,9
581,31,101,94,90,82,28,24,10,2
581,32,85,34,105,138,38,66,4,31
581,33,51,142,3,141,125,43,96,138
581,34,26,138,43,135,34,75,45,120
581,35,13,1,3,124,16,76,66,122
581,36,141,37,134,97,136,122,113,137
581,37,60,92,8,99,107,105,96,30
581,38,121,18,41,137,47,30,42,4
581,39,60,53,62,75,135,19,89,52
581,40,32,77,50,90,26,113,123,121
581,41,85,138,21,26,32,86,113,132
581,42,23,76,39,113,108,17,52,118
581,43,110,124,112,109,24,116,36,93
581,44,49,34,36,24,130,40,141,37
582,3,11,74,80,45,53,104,15,79
582,4,46,110,81,49,64,15,23,59
582,5,43,15,9,95,16,104,71,139
582,6,78,142,121,130,68,34,97,29
582,7,98,24,21,87,94,55,129,75
582,8,43,126,114,118,49,84,81,59
582,9,141,9,30,134,57,66,52,95
582,10,102,42,127,24,65,23,81,49
582,11,6,138,120,35,121,101,27,26
582,12,11,55,131,137,112,52,110,21
582,13,6,90,19,33,15,102,52,66
582,14,138,103,100,78,36,69,55,45
582,15,59,3,66,109,87,99,142,127
582,16,87,101,46,108,80,132,112,116
582,17,138,90,43,39,30,16,117,86
582,18,132,75,122,33,40,69,115,90
582,19,73,71,21,140,12,32,136,95
582,20,31,54,132,1,79,5,39,8
582,21,110,91,63,105,71,109,39,26
582,22,98,82,78,94,126,138,46,142
582,23,60,6,41,114,140,80,64,101
582,24,140,0,22,27,94,54,84,103
582,25,139,66,54,29,70,81,23,93
582,26,79,44,13,19,3,135,90,15
582,27,46,137,27,31,138,28,82,128
582,28,86,98,126,46,130,18,76,51
582,29,48,42,32,38,29,103,111,126
582,30,21,114,80,116,75,55,86,11
582,31,102,78,127,29,24,86,108,28
582,32,130,12,138,80,66,25,105,135
582,33,3,131,143,129,85,67,17,138
582,34,26,75,82,42,47,101,45,92
582,35,57,9,76,28,3,124,12,115
582,36,97,128,37,51,69,111,138,133
582,37,99,135,107,16,81,97,92,9
582,38,42,108,113,1,141,104,20,95
582,39,53,60,134,86,73,102,135,15
582,40,90,50,61,24,132,59,43,29
582,41,25,45,58,54,132,137,21,112
582,42,70,69,76,39,1,16,57,52
582,43,49,78,110,93,44,124,96,11
582,44,113,118,61,36,112,141,34,49
583,3,50,12,123,42,136,87,63,14
583,4,53,24,88,54,91,33,130,133
583,5,59,95,18,119,12,111,115,71
583,6,60,109,80,142,46,5,120,121
583,7,100,121,21,66,126,38,15,14
583,8,12,125,59,24,41,143,134,53
583,9,81,97,117,60,64,128,71,79
583,10,130,69,66,56,79,96,101,90
583,11,138,29,49,47,46,117,69,23
583,12,71,18,24,119,74,89,85,25
583,13,13,122,19,6,64,130,38,5
583,14,57,30,83,135,3,106,103,47
583,15,110,18,70,88,134,133,75,118
583,16,40,25,112,82,14,49,18,116
583,17,85,90,43,94,30,138,58,38
583,18,75,69,100,122,115,40,67,137
583,19,73,21,140,12,71,32,20,136
583,20,132,73,31,12,103,79,13,5
583,21,128,124,91,90,17,39,63,25
583,22,109,98,82,78,142,59,19,139
583,23,140,41,114,101,60,2,78,24
583,24,28,140,90,27,119,54,103,14
583,25,139,66,107,81,141,24,31,40
583,26,44,13,90,19,126,84,79,3
583,27,46,82,27,138,31,135,137,103
583,28,91,51,64,143,47,18,5,2
583,29,51,1,77,32,98,128,103,140
583,30,13,99,86,21,80,52,83,43
583,31,86,24,69,51,28,17,77,10
583,32,3,92,66,124,138,13,104,87
583,33,34,98,3,121,143,67,130,19
583,34,92,20,38,26,42,79,140,50
583,35,120,70,76,12,3,59,135,9
583,36,37,97,138,128,69,79,92,77
583,37,99,40,29,81,72,92,75,15
583,38,33,108,42,100,20,102,1,141
583,39,46,73,60,4,102,15,2,47
583,40,24,90,137,132,29,22,59,4
583,41,54,2,58,51,37,142,21,76
583,42,21,30,91,47,6,39,44,57
583,43,10,63,110,108,11,124,97,96
583,44,81,86,42,0,36,130,82,49
584,3,47,12,129,70,37,99,44,43
584,4,141,7,140,102,60,23,85,96
584,5,102,51,7,15,115,72,116,109
584,6,64,8,60,71,118,45,17,80
584,7,33,39,75,52,100,141,48,2
584,8,125,14,49,53,55,59,105,134
584,9,46,40,94,129,116,92,109,135
584,10,12,55,27,139,90,96,69,79
584,11,38,134,46,21,49,66,69,42
584,12,43,71,18,103,119,24,99,7
584,13,103,13,130,46,35,90,104,34
584,14,107,83,57,108,139,30,35,9
584,15,110,116,18,69,11,92,36,77
584,16,12,25,112,40,125,74,80,116
584,17,60,16,43,39,92,30,37,44
584,18,100,115,12,17,132,1,106,114
584,19,38,73,32,140,84,27,20,48
584,20,24,108,12,46,40,39,1,17
584,21,106,124,17,91,90,110,130,30
584,22,109,37,19,98,78,111,99,118
584,23,101,40,67,112,18,46,137,57
584,24,90,27,129,140,2,70,14,113
584,25,107,139,24,23,66,88,81,125
584,26,118,19,2,13,3,44,21,126
584,27,46,44,27,31,142,138,58,125
584,28,91,51,130,143,85,121,19,2
584,29,32,18,77,51,98,26,55,138
584,30,13,99,89,41,80,21,11,43
584,31,24,3,77,124,110,69,9,126
584,32,92,107,3,87,138,76,35,33
584,33,3,34,121,63,98,140,142,91
584,34,26,104,55,42,138,92,83,130
584,35,120,76,3,135,14,140,10,124
584,36,79,37,122,69,9,128,97,76
584,37,92,99,29,75,20,81,46,119
584,38,50,1,33,108,100,87,85,47
584,39,60,105,86,122,53,102,73,135
584,40,137,59,116,24,136,50,90,132
584,41,54,51,43,30,34,137,142,113
584,42,91,21,47,118,30,7,4,76
584,43,17,63,10,97,108,110,112,116
584,44,81,42,0,86,117,140,22,82
585,3,93,24,77,58,104,61,75,120
585,4,76,84,33,102,86,1,95,37
585,5,11,102,105,50,51,113,98,130
585,6,129,63,118,139,56,55,6,61
585,7,75,114,11,22,0,121,128,74
585,8,49,64,54,139,11,81,26,121
585,9,73,21,83,71,134,128,86,79
585,10,55,37,27,94,133,72,18,17
585,11,68,49,22,60,24,115,54,66
585,12,99,17,95,119,43,103,24,89
585,13,44,104,17,103,13,5,101,51
585,14,107,27,108,18,67,36,7,17
585,15,72,69,120,39,121,41,124,38
585,16,137,121,112,125,47,133,25,57
585,17,106,30,64,43,90,24,92,11
585,18,75,101,100,33,34,132,69,124
585,19,95,140,32,13,48,73,21,33
585,20,40,12,46,131,67,132,65,103
585,21,106,64,115,122,31,73,71,17
585,22,134,99,78,98,118,57,80,77
585,23,130,89,112,133,31,140,101,40
585,24,138,90,44,71,12,56,140,2
585,25,23,10,22,139,98,86,66,93
585,26,126,21,118,138,19,96,3,50
585,27,46,27,138,31,44,129,127,98
585,28,130,75,121,29,135,132,143,131
585,29,82,32,100,103,34,113,137,26
585,30,89,41,83,11,9,43,21,86
585,31,76,24,28,122,69,126,82,85
585,32,142,107,106,109,76,87,29,135
585,33,87,3,121,63,13,124,70,100
585,34,26,42,104,50,138,103,130,34
585,35,119,28,135,54,120,76,123,3
585,36,108,16,122,69,97,107,84,128
585,37,76,92,107,81,115,97,23,37
585,38,1,128,47,4,120,16,18,58
585,39,53,86,60,72,71,135,11,102
585,40,50,59,136,96,52,93,110,22
585,41,22,58,112,113,132,97,61,137
585,42,76,123,17,90,55,12,113,39
585,43,104,17,96,110,106,132,36,116
585,44,24,124,49,34,141,40,80,130
586,3,40,67,8,24,133,2,12,86
586,4,82,9,54,79,40,104,72,7
586,5,5,97,11,95,0,6,2,8
586,6,87,80,8,73,126,20,39,114
586,7,65,72,125,18,137,70,21,11
586,8,91,1,101,63,9,121,58,8
586,9,32,112,125,21,136,138,101,5
586,10,139,55,17,79,12,27,94,103
586,11,42,27,68,70,54,79,47,49
586,12,103,43,120,53,0,127,94,99
586,13,27,31,17,46,103,44,5,104
586,14,27,108,80,16,134,9,109,67
586,15,42,116,43,91,121,46,9,69
586,16,121,137,74,112,47,24,55,133
586,17,64,30,106,8,59,43,39,6
586,18,75,100,124,33,108,132,115,84
586,19,95,33,140,73,77,43,13,21
586,20,40,103,104,12,108,0,5,59
586,21,73,106,64,124,30,90,133,85
586,22,99,141,78,25,35,98,130,118
586,23,40,16,112,101,133,107,14,3
586,24,41,139,27,73,2,121,89,84
586,25,23,139,26,93,62,51,24,60
586,26,21,138,87,19,3,44,29,2
586,27,45,31,46,27,138,129,44,127
586,28,130,121,1,76,57,143,134,18
586,29,34,46,32,103,39,11,57,26
586,30,83,79,48,41,87,11,71,112
586,31,24,134,10,85,28,126,36,34
586,32,76,108,68,135,87,107,29,82
586,33,3,121,128,19,5,13,115,99
586,34,26,138,104,42,130,45,121,50
586,35,135,130,14,128,119,30,28,50
586,36,122,16,69,7,94,48,97,37
586,37,92,107,16,115,81,9,97,119
586,38,1,41,121,47,11,18,55,96
586,39,53,86,60,120,138,135,22,99
586,40,59,136,52,50,31,43,14,23
586,41,112,22,58,34,113,30,137,40
586,42,76,123,118,17,12,55,108,1
586,43,117,64,110,107,104,96,109,54
586,44,24,34,49,141,124,130,121,40
587,3,91,63,141,109,58,88,68,106
587,4,122,42,52,102,129,30,109,66
587,5,132,18,50,142,14,13,121,32
587,6,47,39,37,92,61,34,31,17
587,7,75,6,101,83,13,71,96,32
587,8,124,6,122,71,133,75,68,8
587,9,134,66,67,37,42,128,86,101
587,10,36,137,90,24,25,103,80,65
587,11,32,104,59,88,68,121,55,115
587,12,2,5,111,47,0,125,128,105
587,13,97,89,17,90,116,43,34,54
587,14,123,4,42,80,44,137,89,103
587,15,124,80,88,39,79,139,6,51
587,16,23,42,38,107,116,85,43,22
587,17,16,106,92,64,40,87,60,114
587,18,79,100,108,84,115,124,77,17
587,19,33,41,109,95,0,64,60,48
587,20,40,104,46,129,94,1,103,5
587,21,106,135,80,20,73,124,77,64
587,22,37,118,78,86,141,102,83,41
587,23,101,61,104,112,88,40,85,74
587,24,80,73,117,2,113,84,129,41
587,25,23,60,125,113,31,139,5,142
587,26,92,47,110,19,2,99,3,13
587,27,142,31,44,3,24,46,89,80
587,28,58,131,123,19,143,65,135,73
587,29,32,49,79,25,29,120,2,62
587,30,79,87,122,139,9,43,83,41
587,31,24,93,130,28,10,126,85,90
587,32,129,110,87,14,91,29,138,7
587,33,121,3,18,125,69,99,138,115
587,34,138,26,45,42,21,37,55,34
587,35,14,30,128,50,105,135,40,13
587,36,122,59,105,67,48,69,97,26
587,37,92,107,30,9,33,97,119,88
587,38,41,117,1,121,84,119,77,17
587,39,60,53,138,76,44,21,71,88
587,40,136,65,29,50,44,59,67,52
587,41,136,113,22,93,61,34,82,41
587,42,118,102,7,15,113,76,1,137
587,43,17,54,1,104,96,120,97,82
587,44,49,121,141,80,130,143,116,34
588,3,97,75,37,46,4,57,66,60
588,4,121,58,66,135,0,47,59,120
588,5,40,33,139,27,132,131,143,35
588,6,73,61,86,106,84,8,72,39
588,7,26,25,22,18,83,0,139,44
588,8,133,68,6,124,138,28,60,26
588,9,49,143,47,1,66,64,101,141
588,10,140,16,137,9,14,63,130,107
588,11,13,55,59,116,122,7,104,100
588,12,83,33,103,63,47,116,133,5
588,13,97,139,23,17,124,65,89,76
588,14,29,72,80,89,11,59,24,17
588,15,124,101,143,44,60,112,73,134
588,16,116,80,74,34,53,43,54,128
588,17,16,106,109,92,81,43,64,12
588,18,79,100,77,124,115,84,88,17
588,19,0,33,80,95,8,43,15,41
588,20,40,104,109,1,46,5,111,103
588,21,120,106,135,30,20,124,73,110
588,22,86,141,102,130,118,83,93,98
588,23,61,112,49,29,101,105,133,104
588,24,117,33,41,44,126,84,73,135
588,25,23,5,125,93,142,26,51,106
588,26,92,134,99,47,110,126,19,73
588,27,89,45,27,95,133,46,130,127
588,28,130,131,127,137,143,119,120,134
588,29,103,49,32,29,44,46,0,138
588,30,139,79,41,43,122,63,87,74
588,31,93,24,85,10,143,124,95,81
588,32,107,32,87,110,8,7,61,135
588,33,3,121,18,120,137,106,138,32
588,34,138,26,42,104,45,130,55,14
588,35,66,13,54,50,76,135,124,123
588,36,67,59,69,141,143,122,6,105
588,37,92,129,10,107,81,9,105,78
588,38,117,1,41,71,75,47,121,18
588,39,53,60,12,17,52,76,21,10
588,40,136,44,32,65,50,59,29,118
588,41,61,77,113,22,95,18,136,34
588,42,118,7,76,1,39,113,55,23
588,43,104,97,110,17,112,56,93,54
588,44,80,130,49,141,124,121,24,40
589,3,18,26,35,49,90,115,55,73
589,4,120,56,26,14,113,74,53,27
589,5,47,124,64,86,33,139,42,37
589,6,73,84,86,20,30,35,27,72
589,7,26,36,99,11,60,19,44,5
589,8,3,139,133,68,28,121,128,95
589,9,142,73,55,49,1,92,101,62
589,10,101,85,98,14,140,90,32,55
589,11,5,67,23,99,115,72,30,56
589,12,71,83,17,138,0,54,49,9
589,13,97,23,101,89,119,0,126,17
589,14,108,40,18,36,58,22,135,17
589,15,124,128,6,94,115,70,38,39
589,16,116,34,124,71,80,17,114,129
589,17,16,109,106,64,92,81,98,12
589,18,100,79,108,12,115,113,124,77
589,19,0,33,60,140,73,41,80,95
589,20,40,1,104,109,103,67,77,46
589,21,120,106,30,20,62,73,3,135
589,22,137,86,141,93,118,138,83,78
589,23,112,61,133,101,33,111,74,57
589,24,117,36,41,126,44,27,73,33
589,25,23,93,24,26,139,5,98,11
589,26,126,134,99,138,19,119,89,21
589,27,27,46,133,45,85,31,124,89
589,28,130,137,58,120,119,76,127,29
589,29,103,44,49,32,29,0,80,56
589,30,139,43,63,41,79,20,112,11
589,31,24,139,6,81,85,94,34,10
589,32,107,45,76,32,110,138,59,95
589,33,3,121,57,45,91,143,120,142
589,34,26,104,42,130,138,34,50,136
589,35,66,13,76,54,123,119,41,135
589,36,37,143,67,60,128,124,107,34
589,37,10,129,81,92,96,23,97,108
589,38,1,47,22,71,96,117,20,58
589,39,12,53,86,60,52,17,135,10
589,40,32,96,50,59,136,118,44,26
589,41,61,77,18,58,22,119,130,55
589,42,118,23,46,113,32,55,121,108
589,43,104,17,110,96,112,93,120,83
589,44,80,24,39,130,40,49,124,141
590,3,26,63,90,52,133,74,34,72
590,4,72,53,52,23,76,5,102,59
590,5,12,115,20,132,143,89,102,53
590,6,89,7,44,3,61,35,92,0
590,7,36,58,72,26,112,138,118,93
590,8,38,72,121,133,68,44,110,26
590,9,37,125,133,109,62,89,67,112
590,10,32,130,132,20,90,38,69,4
590,11,121,5,77,59,55,67,33,116
590,12,134,112,0,127,83,5,100,12
590,13,97,17,90,23,48,104,60,141
590,14,40,80,103,108,65,77,72,111
590,15,38,115,80,124,63,139,46,39
590,16,74,80,43,116,132,121,56,92
590,17,106,16,64,39,92,114,19,60
590,18,132,115,124,0,75,11,33,12
590,19,38,33,13,129,95,32,140,73
590,20,17,24,46,67,40,103,21,5
590,21,120,110,116,62,106,17,50,52
590,22,98,19,118,37,82,78,77,134
590,23,112,30,133,139,85,101,80,33
590,24,126,137,22,102,27,32,36,84
590,25,117,24,23,93,139,81,98,114
590,26,19,89,119,118,113,93,3,138
590,27,82,27,46,85,88,133,142,86
590,28,137,130,120,119,25,51,77,18
590,29,60,103,29,32,1,75,33,120
590,30,139,20,143,86,112,41,43,89
590,31,24,94,85,83,106,39,10,139
590,32,107,85,45,23,59,31,138,4
590,33,3,57,142,45,106,91,138,30
590,34,26,42,137,138,47,55,76,104
590,35,13,76,66,54,16,123,119,57
590,36,60,77,37,124,63,76,104,97
590,37,10,92,81,8,96,112,108,107
590,38,1,47,22,71,27,20,40,141
590,39,53,60,86,135,15,121,102,81
590,40,96,123,19,26,28,32,44,77
590,41,61,18,130,58,72,132,137,26
590,42,23,108,118,113,55,76,41,32
590,43,110,17,30,50,104,36,112,107
590,44,40,80,109,129,130,34,82,126
591,3,11,74,78,15,80,86,45,53
591,4,46,110,49,81,79,23,72,10
591,5,43,42,9,16,33,15,103,75
591,6,78,121,68,130,34,142,97,42
591,7,98,24,119,130,55,21,129,23
591,8,43,126,114,118,81,46,110,59
591,9,141,9,30,113,66,29,52,135
591,10,102,42,127,24,23,65,81,49
591,11,6,120,138,35,121,68,101,64
591,12,11,131,137,55,119,93,0,95
591,13,6,17,33,78,59,42,19,20
591,14,138,103,100,69,80,78,27,10
591,15,59,3,66,87,109,44,45,51
591,16,101,87,108,46,80,121,25,137
591,17,138,106,39,30,12,116,43,64
591,18,132,11,75,122,115,33,69,12
591,19,140,33,38,71,13,73,20,32
591,20,31,17,46,54,110,5,103,137
591,21,110,105,124,34,109,63,106,17
591,22,82,98,19,78,94,129,140,33
591,23,80,60,101,114,6,19,41,124
591,24,140,0,54,22,94,27,129,84
591,25,139,54,70,81,66,24,117,23
591,26,13,79,19,44,135,3,122,90
591,27,46,137,27,31,138,28,82,24
591,28,98,86,46,126,18,10,76,130
591,29,42,48,32,38,103,29,111,108
591,30,21,114,80,116,13,86,75,50
591,31,102,78,24,127,108,86,29,28
591,32,130,12,138,80,25,66,131,135
591,33,3,67,131,143,129,17,121,85
591,34,26,75,82,47,42,38,20,45
591,35,57,76,9,28,3,124,67,12
591,36,97,128,69,92,37,138,143,51
591,37,99,135,107,92,105,81,44,9
591,38,42,108,27,113,141,1,20,104
591,39,60,53,134,73,86,143,120,15
591,40,90,61,24,50,29,132,55,121
591,41,45,25,132,58,54,21,137,113
591,42,70,69,39,16,57,1,76,108
591,43,49,78,110,93,96,124,44,11
591,44,113,118,61,141,40,49,112,36
592,3,50,12,123,42,136,6,63,87
592,4,53,24,88,54,33,130,143,91
592,5,59,95,18,119,12,111,70,93
592,6,60,109,80,46,5,142,120,118
592,7,100,121,21,66,126,35,95,59
592,8,12,125,59,24,53,3,41,134
592,9,81,97,117,89,60,71,64,57
592,10,130,66,69,56,79,90,96,137
592,11,138,29,49,47,46,117,69,23
592,12,71,18,74,24,119,89,25,85
592,13,13,19,122,64,140,6,38,16
592,14,57,30,83,70,3,103,29,106
592,15,110,18,70,88,118,109,134,69
592,16,40,25,112,14,82,49,50,18
592,17,85,30,43,138,116,107,28,39
592,18,122,75,115,132,100,69,33,12
592,19,71,33,140,94,20,95,73,21
592,20,103,35,13,137,12,5,21,17
592,21,124,34,110,35,26,90,106,71
592,22,109,94,19,98,50,78,140,141
592,23,101,124,2,74,114,133,3,98
592,24,54,28,119,140,90,103,129,65
592,25,139,107,66,81,60,31,24,141
592,26,13,90,44,19,84,3,122,126
592,27,46,27,138,31,82,66,44,135
592,28,91,51,121,143,18,76,2,5
592,29,51,1,32,77,22,103,69,111
592,30,13,86,99,21,80,43,76,67
592,31,86,24,10,69,28,51,35,62
592,32,3,92,66,13,138,124,87,24
592,33,3,121,98,34,143,67,19,130
592,34,92,20,26,38,42,50,45,25
592,35,120,70,76,3,12,135,62,102
592,36,37,128,97,138,92,123,69,79
592,37,99,81,40,29,92,15,72,105
592,38,33,108,42,100,1,87,20,104
592,39,46,73,60,4,53,102,143,2
592,40,24,90,137,29,132,136,26,50
592,41,54,2,76,58,51,37,48,142
592,42,21,30,91,47,57,44,39,6
592,43,10,63,110,11,108,124,96,97
592,44,81,86,42,0,49,36,130,40
593,3,133,41,43,88,136,39,90,16
593,4,102,96,22,84,63,100,79,7
593,5,21,7,104,61,115,35,51,79
593,6,116,8,133,77,89,63,14,110
593,7,11,5,102,114,101,70,6,137
593,8,91,47,35,118,44,9,71,22
593,9,101,120,15,88,27,86,62,83
593,10,82,37,27,18,38,65,125,90
593,11,49,121,2,104,110,140,11,66
593,12,99,18,119,24,94,95,140,17
593,13,5,101,90,128,13,38,96,107
593,14,36,76,108,40,103,18,83,21
593,15,70,72,94,128,69,107,87,80
593,16,88,112,25,71,106,67,79,59
593,17,30,37,43,60,142,88,55,34
593,18,67,115,104,69,100,122,132,12
593,19,73,21,32,71,27,122,130,94
593,20,63,132,1,6,79,62,73,46
593,21,91,71,17,122,130,64,110,124
593,22,98,118,78,19,111,142,116,119
593,23,89,130,90,31,133,18,42,74
593,24,134,27,140,46,122,129,84,119
593,25,22,139,66,81,141,31,60,27
593,26,96,13,19,44,22,47,41,90
593,27,46,27,135,78,82,31,137,138
593,28,121,5,64,140,142,143,18,4
593,29,137,97,42,46,51,103,32,2
593,30,21,83,79,132,80,94,86,35
593,31,86,24,39,69,10,94,28,143
593,32,108,106,38,29,39,52,119,131
593,33,121,143,3,64,5,19,106,85
593,34,38,26,45,56,92,25,50,104
593,35,3,28,77,130,12,124,27,115
593,36,108,69,123,15,143,97,128,92
593,37,19,107,92,114,33,16,88,102
593,38,84,15,27,38,58,1,20,73
593,39,60,143,44,53,86,71,39,2
593,40,29,43,72,132,79,121,28,136
593,41,132,28,93,112,124,21,22,128
593,42,126,1,12,16,57,6,39,90
593,43,110,11,52,124,104,53,139,24
593,44,49,24,130,40,39,141,124,36
594,3,52,134,9,137,16,79,43,40
594,4,86,14,68,124,74,125,112,23
594,5,28,139,2,136,116,42,27,8
594,6,129,49,133,52,8,84,37,61
594,7,9,102,29,22,99,64,114,87
594,8,84,139,81,99,30,143,46,26
594,9,117,102,88,142,143,83,29,89
594,10,101,98,65,24,90,118,99,110
594,11,49,0,53,44,55,104,128,66
594,12,17,138,110,69,28,70,84,99
594,13,126,49,101,65,15,90,93,54
594,14,40,18,36,108,34,135,117,19
594,15,94,128,39,134,120,80,25,119
594,16,112,32,116,61,113,114,123,45
594,17,112,94,1,37,16,98,113,20
594,18,34,70,122,100,1,132,140,67
594,19,42,44,80,33,141,85,27,41
594,20,21,1,133,52,79,105,134,62
594,21,20,48,141,47,128,38,74,95
594,22,98,139,102,31,45,104,78,138
594,23,78,104,50,85,101,7,112,109
594,24,139,117,105,27,84,140,69,82
594,25,139,11,75,27,34,26,98,66
594,26,13,44,119,113,50,53,19,3
594,27,46,138,114,27,135,82,12,14
594,28,130,5,60,13,121,10,47,77
594,29,103,137,32,35,55,113,97,78
594,30,94,11,20,52,122,43,71,19
594,31,13,105,86,24,56,39,118,107
594,32,38,8,97,62,52,29,115,63
594,33,121,51,83,3,97,4,64,6
594,34,50,92,70,41,0,38,25,143
594,35,115,3,4,40,77,65,137,76
594,36,107,14,106,49,133,128,72,104
594,37,137,35,78,81,63,96,67,108
594,38,34,64,87,27,82,128,84,106
594,39,53,63,87,115,62,18,132,135
594,40,79,72,106,94,130,91,26,24
594,41,70,77,139,54,41,26,138,136
594,42,46,90,40,108,32,96,57,88
594,43,98,122,53,30,93,36,110,74
594,44,24,39,40,59,82,126,135,94
595,3,31,84,63,76,108,10,5,125
595,4,75,138,15,23,35,136,59,37
595,5,20,66,12,98,89,51,110,73
595,6,28,57,47,81,61,92,52,94
595,7,43,102,83,61,29,18,99,106
595,8,81,6,119,18,33,28,115,122
595,9,109,88,142,116,57,86,140,136
595,10,109,2,91,32,121,129,73,125
595,11,53,49,66,135,105,128,121,33
595,12,17,52,127,9,119,121,38,120
595,13,93,137,141,90,23,101,126,96
595,14,38,40,36,18,19,108,21,67
595,15,94,63,128,11,134,47,39,6
595,16,112,41,99,32,111,80,118,25
595,17,112,16,43,66,12,128,36,109
595,18,102,95,140,115,80,84,22,122
595,19,35,25,141,42,67,33,14,40
595,20,21,1,97,120,79,108,47,35
595,21,38,47,141,95,128,130,3,135
595,22,98,139,137,45,101,138,107,88
595,23,7,112,109,101,133,30,44,50
595,24,139,105,91,27,84,140,46,129
595,25,75,11,139,81,34,66,93,98
595,26,4,50,119,13,44,113,41,19
595,27,46,114,138,78,82,27,12,121
595,28,93,130,137,10,77,72,5,60
595,29,103,113,11,41,32,75,116,55
595,30,20,94,52,143,43,11,19,127
595,31,13,86,107,24,56,116,28,32
595,32,97,38,8,62,34,118,74,137
595,33,51,83,4,3,97,142,11,79
595,34,92,41,38,70,50,141,26,116
595,35,3,115,76,123,65,42,54,11
595,36,72,34,63,128,123,106,138,92
595,37,96,108,10,73,94,81,63,99
595,38,34,64,84,87,67,128,141,3
595,39,63,87,135,6,62,53,18,119
595,40,94,72,106,24,123,132,93,26
595,41,37,98,123,52,138,130,26,21
595,42,23,108,32,39,113,6,57,40
595,43,53,50,55,110,36,93,32,11
595,44,40,130,39,129,30,36,24,82
596,3,11,74,53,78,37,102,39,86
596,4,110,46,49,81,23,79,15,101
596,5,43,45,9,15,42,102,73,121
596,6,78,121,142,130,68,42,34,0
596,7,98,24,87,55,129,119,121,21
596,8,43,126,114,59,108,118,103,63
596,9,141,9,30,66,113,42,88,29
596,10,102,42,24,127,23,49,41,65
596,11,6,120,138,35,121,64,1,29
596,12,11,137,95,131,119,55,42,29
596,13,6,5,19,20,78,38,137,66
596,14,38,103,138,36,100,69,18,78
596,15,59,3,109,66,107,87,128,70
596,16,101,87,25,108,112,88,46,98
596,17,16,30,26,28,138,87,88,116
596,18,115,140,122,102,132,38,69,80
596,19,71,73,27,42,122,20,54,21
596,20,1,21,6,35,31,52,132,63
596,21,105,38,120,91,107,132,141,62
596,22,98,82,80,142,138,94,83,118
596,23,60,64,114,6,41,23,7,19
596,24,140,0,27,54,103,14,119,65
596,25,139,54,81,66,29,70,24,40
596,26,44,13,79,19,90,135,15,122
596,27,46,137,27,82,31,28,138,131
596,28,98,86,46,126,33,10,36,83
596,29,42,48,32,38,103,140,126,29
596,30,21,114,80,86,55,42,13,110
596,31,102,78,127,86,51,24,28,62
596,32,130,138,12,80,25,135,131,66
596,33,67,143,3,85,129,121,49,131
596,34,75,92,38,82,26,20,104,47
596,35,57,9,76,12,28,3,42,120
596,36,97,128,69,96,138,51,123,24
596,37,135,99,81,92,44,9,108,72
596,38,108,42,113,54,20,104,141,95
596,39,53,134,60,143,73,102,135,86
596,40,90,61,24,132,29,55,127,22
596,41,25,58,45,132,137,21,54,138
596,42,70,69,6,39,57,1,32,16
596,43,49,78,11,110,93,44,96,97
596,44,113,118,61,141,112,49,40,34
597,3,50,12,123,42,136,87,86,63
597,4,53,24,133,54,88,33,16,121
597,5,59,18,95,119,133,70,12,115
597,6,60,109,120,80,16,46,142,5
597,7,100,121,66,126,21,59,87,14
597,8,12,125,41,59,24,114,143,30
597,9,81,97,117,99,71,89,57,46
597,10,130,66,69,56,38,136,99,96
597,11,138,29,49,47,46,69,117,23
597,12,71,18,119,74,24,14,33,89
597,13,13,6,64,122,5,140,35,19
597,14,57,83,30,70,106,3,9,108
597,15,110,88,70,18,109,118,133,16
597,16,40,25,112,50,49,98,18,82
597,17,85,138,28,100,32,43,4,34
597,18,115,100,122,69,12,67,93,16
597,19,12,21,73,71,28,140,27,113
597,20,73,31,1,132,108,140,90,5
597,21,91,63,132,90,124,130,71,35
597,22,109,98,142,105,94,78,19,82
597,23,41,101,124,140,6,65,114,98
597,24,54,27,119,65,103,90,140,28
597,25,139,66,81,107,141,24,54,60
597,26,90,44,13,84,47,19,3,50
597,27,46,27,82,135,31,137,103,28
597,28,91,51,64,83,121,143,5,33
597,29,51,1,77,32,22,103,42,125
597,30,13,99,86,80,21,43,132,92
597,31,86,69,24,51,62,28,10,122
597,32,3,92,13,66,124,138,27,24
597,33,98,34,3,143,67,121,19,130
597,34,92,20,38,26,140,42,79,104
597,35,120,76,70,3,12,62,102,133
597,36,138,37,97,92,69,128,79,123
597,37,99,40,81,92,15,29,72,75
597,38,33,108,42,100,20,141,1,87
597,39,46,73,4,60,102,2,101,135
597,40,24,137,90,29,132,127,59,69
597,41,54,58,2,37,51,76,48,20
597,42,21,6,30,91,47,57,44,39
597,43,10,63,11,110,108,97,15,77
597,44,81,86,42,0,49,130,36,40
598,3,35,13,68,44,93,7,12,90
598,4,102,22,119,86,26,84,52,117
598,5,135,11,89,116,134,88,143,95
598,6,89,8,10,54,39,80,63,52
598,7,114,99,102,74,66,12,18,124
598,8,128,99,95,35,26,28,68,124
598,9,96,143,113,117,83,4,67,120
598,10,2,98,121,85,133,22,18,90
598,11,49,104,55,66,129,5,76,4
598,12,119,121,99,22,113,17,47,54
598,13,137,84,105,101,56,90,3,15
598,14,117,40,122,99,108,47,103,36
598,15,107,97,39,96,106,115,100,94
598,16,112,32,22,71,25,106,13,123
598,17,16,88,37,27,39,20,142,34
598,18,136,131,115,64,140,53,70,89
598,19,42,33,140,73,90,32,48,103
598,20,1,40,132,15,90,97,135,35
598,21,128,38,120,20,87,93,115,47
598,22,98,119,117,83,134,118,65,138
598,23,7,85,101,133,89,30,23,68
598,24,83,129,10,84,140,100,72,104
598,25,139,140,22,66,7,11,81,121
598,26,4,13,124,50,19,113,126,79
598,27,114,46,27,0,42,78,115,11
598,28,18,6,77,93,119,143,89,25
598,29,28,103,100,69,1,29,126,97
598,30,0,88,86,52,43,11,79,50
598,31,89,10,94,39,19,2,28,114
598,32,66,109,3,17,114,138,19,119
598,33,51,142,32,121,83,97,143,71
598,34,70,38,75,47,45,100,105,110
598,35,27,57,9,130,123,82,101,0
598,36,27,14,123,1,104,97,72,134
598,37,10,129,96,108,105,141,81,95
598,38,34,140,128,20,29,73,27,121
598,39,62,84,73,109,83,117,12,132
598,40,29,102,94,139,79,32,113,69
598,41,18,86,11,98,138,22,21,123
598,42,134,23,57,126,108,39,129,113
598,43,11,16,93,124,32,13,109,110
598,44,141,24,40,49,130,116,34,103
599,3,59,72,74,86,11,37,127,90
599,4,73,80,96,20,93,122,119,10
599,5,9,30,91,99,93,103,95,121
599,6,66,142,116,92,42,69,139,121
599,7,118,98,66,117,27,61,11,122
599,8,22,137,25,17,93,43,112,128
599,9,140,52,131,83,103,95,73,141
599,10,83,13,128,27,102,56,97,49
599,11,1,132,8,101,70,6,121,78
599,12,57,42,7,108,127,119,131,123
599,13,70,6,19,5,101,106,15,49
599,14,73,36,138,103,47,40,117,108
599,15,117,102,107,68,115,25,62,39
599,16,59,27,108,112,25,46,71,119
599,17,16,138,60,43,141,90,101,88
599,18,115,107,69,122,70,28,40,132
599,19,95,73,71,140,32,21,33,40
599,20,132,62,1,46,79,6,90,68
599,21,120,28,110,141,30,63,17,115
599,22,133,98,125,78,115,35,118,7
599,23,95,54,100,47,114,133,112,140
599,24,140,32,99,114,9,2,138,10
599,25,140,121,139,7,31,113,29,95
599,26,79,13,78,129,47,19,122,44
599,27,139,87,42,78,41,80,119,46
599,28,18,96,128,143,119,139,47,73
599,29,48,3,137,103,29,24,89,34
599,30,0,6,60,21,79,80,114,32
599,31,94,89,37,122,39,28,130,74
599,32,119,12,22,142,39,48,60,66
599,33,121,129,143,102,17,67,126,5
599,34,34,45,78,75,21,120,25,143
599,35,27,130,36,101,122,57,124,25
599,36,1,123,45,109,132,101,108,96
599,37,141,102,107,105,129,93,20,19
599,38,73,121,19,27,34,53,25,83
599,39,132,73,83,134,117,120,85,38
599,40,102,139,29,82,121,91,88,107
599,41,41,6,138,11,9,128,22,94
599,42,126,134,12,39,9,34,57,114
599,43,47,49,62,35,109,11,93,124
599,44,49,141,40,24,34,130,121,107
600,3,74,130,71,34,9,104,105,37
600,4,107,42,102,83,129,68,15,126
600,5,64,36,26,10,114,102,68,11
600,6,77,20,39,83,53,75,35,119
600,7,36,6,22,5,99,49,81,122
600,8,28,30,53,39,11,9,133,109
600,9,49,13,143,127,75,31,134,86
600,10,140,137,134,94,18,14,110,83
600,11,98,55,5,104,125,115,87,46
600,12,46,77,83,82,65,49,51,138
600,13,105,65,90,126,56,89,59,8
600,14,44,40,11,77,122,0,6,56
600,15,129,135,131,96,101,128,124,24
600,16,116,32,90,67,25,47,125,34
600,17,10,88,57,53,39,42,72,27
600,18,131,58,123,66,136,77,115,53
600,19,142,90,129,33,103,32,80,105
600,20,56,14,5,91,123,109,99,74
600,21,20,93,120,110,62,119,87,13
600,22,49,125,37,117,98,19,130,41
600,23,78,104,133,49,101,4,61,32
600,24,10,112,33,138,72,129,91,64
600,25,7,121,140,105,81,139,31,76
600,26,134,123,13,113,79,19,140,0
600,27,111,42,80,87,135,27,124,114
600,28,18,128,119,77,96,60,31,33
600,29,103,137,28,92,46,106,129,48
600,30,6,0,122,50,60,19,43,52
600,31,89,94,122,28,10,35,113,36
600,32,119,63,39,142,100,70,66,84
600,33,143,102,121,130,108,129,32,138
600,34,13,34,78,45,50,2,21,67
600,35,130,36,27,101,116,124,65,57
600,36,1,40,11,109,132,97,39,104
600,37,129,20,107,93,10,78,102,83
600,38,34,83,107,27,93,121,25,15
600,39,132,10,117,38,73,69,19,85
600,40,139,82,29,66,49,122,68,110
600,41,77,41,128,11,138,116,21,18
600,42,34,126,57,113,8,39,136,134
600,43,62,47,11,110,93,35,112,120
600,44,141,49,38,39,130,24,40,107
601,3,59,72,86,134,43,74,12,83
601,4,73,80,93,122,20,96,38,18
601,5,9,30,91,102,97,134,110,104
601,6,66,116,92,142,69,42,117,39
601,7,118,27,98,117,11,66,6,96
601,8,22,17,137,25,112,43,127,72
601,9,52,140,131,49,111,95,141,78
601,10,83,128,13,140,102,132,58,27
601,11,1,132,8,101,16,0,138,69
601,12,46,77,57,7,42,90,127,102
601,13,70,105,56,6,60,84,59,78
601,14,73,55,122,103,23,82,36,44
601,15,117,102,68,88,96,101,131,115
601,16,27,59,108,112,47,105,57,116
601,17,51,38,39,88,0,27,43,141
601,18,131,136,107,122,89,64,53,70
601,19,90,71,33,42,140,118,32,22
601,20,79,132,5,56,99,37,101,135
601,21,110,63,115,33,36,120,130,18
601,22,125,133,98,78,42,119,134,137
601,23,54,47,95,12,82,113,41,4
601,24,10,32,138,140,64,22,104,114
601,25,7,140,105,139,113,29,121,34
601,26,123,127,79,91,19,140,13,36
601,27,78,87,139,80,124,46,70,27
601,28,18,15,128,143,86,96,47,63
601,29,3,48,103,29,24,92,137,25
601,30,6,21,0,60,96,131,52,19
601,31,37,89,74,94,130,46,113,28
601,32,119,142,12,66,17,100,60,63
601,33,102,121,129,137,84,17,143,8
601,34,78,45,75,47,132,21,34,76
601,35,130,124,27,57,116,13,101,50
601,36,109,1,11,40,59,132,97,94
601,37,107,93,108,105,92,135,43,20
601,38,107,25,121,69,27,55,73,58
601,39,132,117,85,73,83,60,77,19
601,40,139,82,7,29,135,91,121,66
601,41,6,92,128,95,9,94,132,11
601,42,34,39,126,139,6,102,8,57
601,43,62,49,110,35,93,11,47,10
601,44,49,141,40,24,34,130,39,74
602,3,44,123,127,5,9,63,34,90
602,4,76,122,99,89,22,72,125,52
602,5,48,91,111,134,102,116,20,23
602,6,35,39,116,31,83,102,78,104
602,7,112,74,86,101,36,94,22,87
602,8,30,28,128,42,133,21,26,53
602,9,37,143,49,67,66,134,62,35
602,10,140,26,134,61,83,103,71,90
602,11,55,104,115,13,119,125,5,61
602,12,77,83,46,65,136,58,33,25
602,13,105,90,65,126,139,97,51,43
602,14,123,40,44,56,0,77,141,65
602,15,135,131,115,139,118,9,129,101
602,16,116,43,26,32,25,22,136,53
602,17,40,92,16,67,54,63,0,39
602,18,131,77,53,58,66,128,32,73
602,19,142,53,85,90,25,60,33,31
602,20,123,62,5,14,109,55,84,91
602,21,12,120,97,74,93,85,20,23
602,22,125,49,120,130,133,55,36,20
602,23,55,79,126,133,12,107,49,61
602,24,10,64,112,129,33,114,84,53
602,25,100,7,26,140,29,105,119,5
602,26,142,79,113,123,81,13,140,136
602,27,111,139,135,80,70,106,27,114
602,28,128,15,18,77,9,122,31,5
602,29,103,93,24,5,2,41,87,81
602,30,6,5,104,0,19,131,67,60
602,31,37,30,94,89,111,82,130,46
602,32,129,119,28,142,114,116,64,133
602,33,108,102,84,5,41,63,8,79
602,34,78,133,96,79,0,118,45,36
602,35,116,130,124,133,42,26,36,128
602,36,11,85,1,6,109,124,63,132
602,37,0,129,108,105,92,117,97,88
602,38,107,37,25,69,20,139,62,18
602,39,85,132,2,42,117,10,69,60
602,40,139,82,26,65,63,91,39,104
602,41,92,94,77,120,95,9,138,137
602,42,139,34,126,32,39,6,118,121
602,43,62,35,48,112,47,93,31,83
602,44,73,116,29,49,59,141,82,143
603,3,23,127,40,50,13,28,121,54
603,4,114,23,60,83,122,4,48,120
603,5,112,92,104,35,36,38,62,140
603,6,30,64,22,17,73,34,39,24
603,7,41,2,134,13,112,92,87,8
603,8,77,28,43,15,55,53,66,70
603,9,23,87,28,49,35,58,73,119
603,10,112,143,140,22,103,90,63,83
603,11,125,57,100,78,101,141,138,21
603,12,77,101,98,127,108,104,46,90
603,13,105,22,84,56,90,45,96,78
603,14,98,103,122,23,134,31,88,24
603,15,45,119,96,135,48,41,131,126
603,16,80,136,116,113,105,20,119,96
603,17,39,16,60,63,72,0,17,88
603,18,132,0,131,115,114,58,53,50
603,19,32,129,33,14,64,140,20,25
603,20,8,14,3,5,80,30,129,83
603,21,113,120,74,110,17,97,91,119
603,22,12,125,37,19,78,130,110,98
603,23,98,47,48,112,49,59,133,121
603,24,10,129,126,112,85,64,33,53
603,25,105,19,7,97,140,29,125,142
603,26,5,3,123,42,47,43,92,13
603,27,72,78,139,98,27,25,106,116
603,28,122,116,44,128,138,9,16,105
603,29,103,64,87,54,73,41,75,2
603,30,5,6,87,19,66,123,112,131
603,31,37,30,111,101,32,21,82,85
603,32,50,119,138,79,97,47,35,115
603,33,22,49,102,121,61,119,3,125
603,34,133,97,0,9,139,2,78,65
603,35,116,135,31,143,87,58,37,131
603,36,50,85,6,11,1,143,97,122
603,37,22,41,130,92,9,138,72,88
603,38,107,37,25,139,69,141,98,129
603,39,85,2,124,42,43,60,98,132
603,40,41,33,11,142,26,63,104,82
603,41,119,92,78,94,31,38,95,127
603,42,139,62,122,93,77,34,28,10
603,43,35,5,84,62,83,7,93,136
603,44,29,73,28,120,59,23,65,126
604,3,111,96,19,142,119,44,134,75
604,4,98,41,56,122,59,42,63,18
604,5,129,27,130,32,44,35,76,58
604,6,41,79,93,86,96,123,112,89
604,7,127,112,78,75,36,85,138,74
604,8,57,19,28,69,55,102,25,110
604,9,63,107,28,8,23,58,112,43
604,10,34,112,123,69,54,137,90,43
604,11,141,74,138,109,115,81,87,4
604,12,101,77,68,141,80,116,98,2
604,13,105,55,22,84,59,56,94,61
604,14,98,81,110,21,120,88,31,44
604,15,67,28,138,24,125,76,135,92
604,16,65,16,128,80,117,136,119,19
604,17,127,57,120,16,71,72,67,86
604,18,131,58,127,136,66,123,125,89
604,19,142,30,19,18,53,115,32,90
604,20,77,62,1,5,74,55,123,126
604,21,97,120,14,12,114,79,29,8
604,22,5,125,138,130,13,55,103,78
604,23,39,86,75,79,42,17,133,105
604,24,10,85,47,64,29,129,84,123
604,25,19,119,7,140,105,125,100,5
604,26,92,94,123,46,114,3,26,113
604,27,139,33,138,24,135,46,54,98
604,28,116,122,138,18,77,128,33,15
604,29,103,64,80,122,5,128,73,41
604,30,6,125,87,19,60,30,66,34
604,31,30,101,94,89,130,61,71,111
604,32,50,119,27,115,28,97,63,133
604,33,22,102,136,128,49,121,125,79
604,34,133,11,96,0,51,78,9,25
604,35,116,135,102,31,1,128,37,133
604,36,50,95,6,1,109,63,97,104
604,37,22,117,92,103,138,108,105,88
604,38,56,107,37,129,78,141,69,62
604,39,124,8,117,132,43,42,60,81
604,40,108,33,102,63,44,26,65,32
604,41,92,119,31,127,95,111,120,135
604,42,93,83,34,139,5,118,43,10
604,43,84,35,119,62,83,93,31,124
604,44,27,8,59,29,49,65,73,72
605,3,106,129,115,79,134,124,73,105
605,4,132,133,75,102,34,118,23,88
605,5,15,2,41,115,37,23,31,56
605,6,84,88,41,127,99,57,70,133
605,7,61,112,139,103,83,132,74,38
605,8,57,2,28,124,20,42,49,88
605,9,8,42,49,89,109,92,130,73
605,10,43,47,140,50,123,65,21,107
605,11,74,82,141,18,86,4,110,13
605,12,65,77,101,68,33,78,4,30
605,13,57,105,59,56,84,126,89,102
605,14,110,98,52,6,103,16,40,18
605,15,67,24,131,96,101,138,135,128
605,16,65,116,19,118,128,22,40,125
605,17,127,57,54,16,86,72,43,91
605,18,89,58,127,131,77,108,111,78
605,19,142,50,19,30,22,32,10,25
605,20,128,77,55,1,5,114,21,110
605,21,97,42,110,114,27,36,122,91
605,22,5,100,2,125,28,1,78,36
605,23,39,86,112,17,30,36,75,29
605,24,10,85,64,47,29,123,84,141
605,25,7,119,140,19,121,100,29,139
605,26,123,87,46,26,127,94,43,20
605,27,139,40,80,114,33,75,124,135
605,28,116,18,15,101,122,128,96,5
605,29,103,64,80,10,41,47,75,2
605,30,6,125,87,19,93,60,66,35
605,31,30,101,89,94,71,130,109,85
605,32,119,97,50,63,133,28,27,32
605,33,128,102,22,125,136,9,20,121
605,34,11,78,51,96,9,110,21,133
605,35,128,130,42,102,13,1,124,122
605,36,109,1,6,132,50,90,70,95
605,37,117,141,92,129,31,37,33,136
605,38,37,78,129,56,121,141,62,17
605,39,117,132,136,42,83,81,60,102
605,40,44,65,82,47,26,139,32,29
605,41,138,31,127,89,95,128,86,92
605,42,34,126,23,103,8,2,32,45
605,43,62,48,47,97,54,112,93,84
605,44,49,116,141,91,130,59,34,126
606,3,65,126,41,74,15,36,79,127
606,4,66,79,71,4,50,119,136,83
606,5,37,97,4,17,127,26,124,75
606,6,62,40,55,57,112,39,16,15
606,7,127,66,124,96,112,61,55,105
606,8,65,17,41,117,91,28,43,4
606,9,10,3,120,49,136,130,117,44
606,10,46,36,140,62,139,128,61,65
606,11,82,51,45,132,44,54,59,65
606,12,61,12,143,46,97,116,65,120
606,13,133,107,105,31,46,82,84,68
606,14,127,134,59,122,23,9,52,56
606,15,33,54,77,42,70,135,131,96
606,16,96,53,98,142,75,31,88,67
606,17,54,68,27,16,39,99,43,30
606,18,136,131,128,66,58,30,53,77
606,19,90,142,53,115,112,31,25,33
606,20,88,56,11,5,46,74,55,103
606,21,26,118,110,143,79,120,74,97
606,22,48,100,42,24,99,134,78,70
606,23,59,12,55,82,39,128,97,133
606,24,10,123,66,77,64,9,104,129
606,25,119,105,125,134,22,103,42,59
606,26,43,87,48,92,67,127,77,113
606,27,40,24,26,33,75,124,80,96
606,28,128,101,15,18,124,96,13,129
606,29,22,103,80,122,1,75,11,87
606,30,6,87,66,101,19,112,67,49
606,31,89,130,71,1,37,85,51,137
606,32,119,31,63,28,7,133,82,87
606,33,121,20,102,128,32,108,5,143
606,34,78,21,24,45,43,126,109,51
606,35,130,122,45,33,20,50,102,124
606,36,109,1,94,132,99,97,6,92
606,37,33,92,107,129,105,9,20,136
606,38,121,62,37,116,32,59,104,125
606,39,117,132,2,103,77,42,138,85
606,40,82,65,139,79,29,44,37,91
606,41,120,92,89,128,80,86,138,36
606,42,126,34,139,44,100,51,22,134
606,43,62,103,47,101,3,97,120,54
606,44,49,141,91,130,59,101,92,114
607,3,115,127,4,49,12,114,25,79
607,4,62,86,38,101,80,102,55,133
607,5,75,139,3,118,64,61,8,71
607,6,77,73,35,15,83,96,61,76
607,7,30,112,128,75,19,78,108,93
607,8,28,30,68,71,143,133,81,56
607,9,143,31,49,10,37,142,114,63
607,10,18,85,26,134,94,113,103,107
607,11,13,98,55,115,67,31,9,119
607,12,46,49,83,86,65,77,106,134
607,13,105,65,53,90,97,139,34,56
607,14,29,0,11,123,40,77,83,16
607,15,129,135,131,18,38,7,48,70
607,16,116,43,54,96,97,5,136,25
607,17,114,40,66,61,92,16,67,42
607,18,77,131,13,66,73,128,107,9
607,19,142,4,53,90,85,25,9,54
607,20,27,116,103,95,88,84,62,55
607,21,118,89,12,120,62,8,101,93
607,22,90,93,20,6,130,45,86,36
607,23,1,55,43,88,133,98,49,126
607,24,10,64,123,129,136,53,13,20
607,25,97,105,12,119,5,59,61,100
607,26,5,77,113,3,99,118,36,68
607,27,72,43,98,124,33,24,93,114
607,28,128,101,16,44,13,9,123,18
607,29,123,122,103,5,2,8,75,6
607,30,6,5,66,19,93,101,127,87
607,31,73,21,113,137,35,85,30,70
607,32,119,98,31,72,64,110,26,140
607,33,7,15,61,119,49,38,125,102
607,34,78,35,133,97,11,65,72,2
607,35,87,90,124,138,133,58,45,14
607,36,85,120,124,90,1,32,49,133
607,37,41,0,101,129,94,84,110,18
607,38,139,25,107,37,104,69,78,70
607,39,42,85,2,129,137,81,93,60
607,40,11,139,80,104,41,142,44,15
607,41,92,94,78,77,120,119,80,38
607,42,139,34,5,122,15,101,100,10
607,43,35,22,62,83,12,105,112,31
607,44,29,73,59,116,49,127,65,83
608,3,23,127,63,102,134,84,94,40
608,4,114,94,83,138,15,48,90,31
608,5,112,95,92,32,72,88,52,104
608,6,22,17,30,64,69,73,57,70
608,7,41,27,2,118,124,134,135,98
608,8,77,43,15,17,71,44,65,96
608,9,23,87,28,35,105,120,44,73
608,10,112,143,63,103,56,22,54,140
608,11,125,57,100,1,101,138,21,78
608,12,77,108,101,98,70,46,28,25
608,13,90,97,119,105,89,101,84,65
608,14,40,36,7,108,123,141,114,31
608,15,38,131,128,39,124,135,115,70
608,16,43,116,112,90,125,32,67,89
608,17,39,95,88,54,65,42,27,51
608,18,77,131,122,123,66,115,67,111
608,19,71,94,142,33,20,87,105,73
608,20,122,79,123,91,55,13,47,74
608,21,110,63,39,33,67,132,34,71
608,22,23,98,142,130,70,19,139,65
608,23,6,101,11,82,133,76,132,124
608,24,110,54,64,10,112,103,119,104
608,25,60,139,31,113,141,140,81,87
608,26,15,10,123,129,103,12,47,140
608,27,139,115,28,135,128,46,137,2
608,28,9,0,18,13,142,99,143,2
608,29,137,47,43,30,92,63,41,59
608,30,60,0,35,6,79,119,70,52
608,31,119,94,126,56,28,80,96,32
608,32,39,100,6,22,31,120,64,82
608,33,121,85,143,19,115,1,131,31
608,34,21,38,130,120,14,6,143,135
608,35,27,130,122,38,13,31,18,97
608,36,38,73,102,96,108,141,123,8
608,37,102,141,67,92,47,20,33,105
608,38,121,1,53,18,88,111,125,117
608,39,83,60,99,110,51,76,43,118
608,40,102,29,121,101,65,139,91,1
608,41,41,128,87,86,8,65,57,125
608,42,139,62,114,5,10,126,122,127
608,43,5,35,84,24,124,87,47,7
608,44,29,73,28,120,59,66,32,49
609,3,111,96,88,39,76,44,109,14
609,4,98,19,41,42,91,124,56,25
609,5,129,32,50,110,72,66,95,13
609,6,41,93,79,102,123,69,49,133
609,7,78,127,112,138,72,45,110,101
609,8,57,19,124,71,4,60,58,52
609,9,63,107,8,23,62,128,28,58
609,10,34,123,112,54,103,90,5,117
609,11,141,74,32,109,138,21,98,4
609,12,101,141,77,68,98,2,106,61
609,13,55,22,105,59,84,56,57,114
609,14,98,110,81,83,23,2,77,63
609,15,67,28,138,24,125,135,58,0
609,16,65,128,16,80,54,117,43,116
609,17,127,57,120,114,71,72,81,115
609,18,127,58,131,66,2,76,77,123
609,19,142,4,30,18,19,90,53,115
609,20,77,62,103,51,66,1,5,55
609,21,137,97,89,8,120,118,29,12
609,22,5,90,24,40,93,13,55,54
609,23,43,17,86,75,1,124,39,26
609,24,47,64,10,85,20,129,77,8
609,25,105,7,119,97,5,140,113,19
609,26,94,51,87,43,68,77,111,120
609,27,109,13,24,26,25,128,83,1
609,28,128,18,101,15,77,107,123,124
609,29,123,103,122,138,2,62,5,75
609,30,6,19,93,127,4,74,101,1
609,31,30,89,130,94,56,35,123,116
609,32,26,72,114,100,50,64,133,85
609,33,7,136,102,40,108,71,135,130
609,34,11,35,2,78,9,51,33,102
609,35,45,129,131,59,138,36,101,87
609,36,32,95,1,49,137,90,6,61
609,37,94,33,31,105,6,108,9,41
609,38,78,56,107,129,18,25,62,33
609,39,117,137,2,8,132,42,136,69
609,40,108,80,33,65,44,82,66,69
609,41,119,31,92,80,18,111,44,95
609,42,93,34,83,5,10,77,43,141
609,43,84,62,83,69,3,110,99,119
609,44,27,72,8,18,49,59,6,130
610,3,106,27,115,129,73,17,49,90
610,4,132,102,118,69,133,42,138,90
610,5,2,15,41,115,104,8,61,55
610,6,84,88,41,70,135,20,57,110
610,7,61,139,103,83,118,112,93,109
610,8,2,57,28,48,124,71,117,12
610,9,8,42,109,89,49,3,130,101
610,10,43,123,56,47,107,140,49,77
610,11,74,82,86,18,13,138,117,4
610,12,65,77,101,46,68,140,30,90
610,13,105,59,57,84,90,126,56,39
610,14,110,122,103,40,44,49,63,99
610,15,24,96,135,131,105,67,101,112
610,16,116,105,43,54,50,67,97,122
610,17,54,88,63,127,10,30,98,42
610,18,131,66,58,136,77,123,53,128
610,19,142,90,25,53,33,105,103,30
610,20,46,74,55,56,40,39,88,123
610,21,106,110,97,36,1,52,134,47
610,22,19,24,55,42,70,99,18,130
610,23,82,43,133,97,6,113,116,101
610,24,10,64,112,19,109,105,68,22
610,25,7,81,121,140,139,31,34,43
610,26,123,132,103,54,113,101,118,127
610,27,73,97,139,80,94,93,85,87
610,28,128,15,18,65,96,14,99,7
610,29,44,63,46,62,16,47,57,131
610,30,6,35,40,119,19,60,83,15
610,31,94,89,5,37,99,56,80,65
610,32,63,119,68,100,22,142,120,82
610,33,121,102,143,115,140,100,108,58
610,34,13,21,78,63,26,117,120,2
610,35,130,25,27,3,63,113,122,87
610,36,109,1,7,132,9,141,38,50
610,37,107,20,16,101,110,102,71,18
610,38,121,104,122,25,37,19,0,112
610,39,132,117,38,60,138,119,83,75
610,40,82,139,121,29,65,88,66,40
610,41,128,80,40,138,26,34,15,22
610,42,34,126,76,45,57,32,74,12
610,43,62,142,99,110,116,47,84,93
610,44,49,141,21,41,34,130,122,59
611,3,65,126,41,43,15,36,88,45
611,4,66,79,71,50,83,138,119,4
611,5,37,95,97,35,17,134,30,124
611,6,62,57,117,40,55,15,12,50
611,7,127,124,40,135,132,55,95,105
611,8,65,41,17,71,91,66,110,117
611,9,10,3,120,111,117,49,130,46
611,10,46,56,107,36,62,128,140,139
611,11,65,51,82,45,132,14,59,44
611,12,61,26,74,12,143,46,116,65
611,13,133,7,105,107,31,68,46,84
611,14,127,134,122,139,56,23,52,76
611,15,33,10,54,77,109,70,42,135
611,16,50,96,98,31,142,80,75,10
611,17,68,54,18,64,99,128,16,72
611,18,128,3,2,58,136,53,66,77
611,19,90,40,25,53,138,142,129,112
611,20,88,46,95,84,56,103,1,5
611,21,120,26,118,74,8,66,14,79
611,22,48,100,139,81,37,78,99,138
611,23,59,43,42,32,133,98,6,101
611,24,10,20,66,77,121,65,129,118
611,25,81,59,22,29,7,109,125,121
611,26,87,43,35,47,3,111,15,19
611,27,75,128,80,24,85,25,90,127
611,28,128,15,121,18,96,10,112,13
611,29,22,68,138,103,123,46,66,87
611,30,6,87,19,68,49,83,127,131
611,31,137,94,89,130,85,61,37,56
611,32,13,119,63,28,133,8,72,87
611,33,121,108,143,102,20,127,71,8
611,34,78,21,24,109,65,110,3,126
611,35,130,33,124,117,25,50,38,20
611,36,1,109,132,59,135,49,7,21
611,37,107,20,33,27,41,119,110,105
611,38,121,83,107,25,75,116,69,53
611,39,117,132,60,85,2,83,70,86
611,40,82,29,65,37,44,79,91,26
611,41,95,92,120,138,112,9,71,18
611,42,34,126,100,2,44,57,52,22
611,43,62,120,112,56,47,110,37,12
611,44,49,130,141,124,59,92,135,73
612,3,108,4,74,85,135,9,136,133
612,4,86,55,102,4,23,27,14,122
612,5,98,26,139,47,8,86,38,88
612,6,52,83,85,6,1,94,84,10
612,7,112,75,102,15,128,30,74,93
612,8,28,12,139,71,42,133,30,11
612,9,49,143,134,88,73,47,27,120
612,10,26,140,9,99,18,25,23,134
612,11,115,76,5,67,55,56,24,53
612,12,46,86,106,117,2,36,90,143
612,13,105,65,84,126,31,51,90,56
612,14,44,91,40,77,123,6,56,114
612,15,131,135,58,128,115,35,8,7
612,16,54,125,116,97,93,5,110,79
612,17,66,114,40,92,99,72,37,42
612,18,58,77,131,136,114,66,123,53
612,19,53,25,142,54,109,113,9,64
612,20,84,88,46,27,40,24,50,82
612,21,106,13,62,89,135,20,74,68
612,22,90,102,130,20,6,93,128,18
612,23,43,55,118,98,133,99,61,6
612,24,10,64,20,109,112,129,3,117
612,25,97,105,81,59,76,42,89,136
612,26,5,134,77,113,142,3,70,15
612,27,85,72,75,133,43,93,24,82
612,28,128,16,15,80,9,10,122,114
612,29,103,123,8,122,138,41,6,118
612,30,6,5,101,104,129,103,34,55
612,31,89,21,85,70,142,143,37,94
612,32,119,72,89,98,70,26,2,64
612,33,7,15,119,102,84,49,108,25
612,34,78,35,133,97,51,123,110,2
612,35,90,87,116,124,129,14,78,21
612,36,85,49,1,21,11,76,104,2
612,37,41,0,22,18,108,65,23,119
612,38,139,107,25,98,69,20,141,18
612,39,85,132,60,54,2,117,69,93
612,40,11,41,142,82,44,56,38,80
612,41,92,80,119,38,18,120,78,95
612,42,34,101,100,139,5,10,15,123
612,43,22,62,83,112,31,93,110,105
612,44,120,59,29,143,31,49,130,41
613,3,23,32,63,2,102,84,134,127
613,4,114,94,23,48,56,87,115,31
613,5,112,95,30,137,92,72,32,104
613,6,22,30,64,17,73,102,69,127
613,7,41,2,98,27,124,25,133,108
613,8,77,15,28,43,30,17,44,39
613,9,23,87,35,49,28,51,96,127
613,10,112,63,143,140,103,22,124,90
613,11,125,57,100,101,21,4,138,1
613,12,77,34,98,127,108,101,14,10
613,13,6,15,8,101,22,20,84,38
613,14,138,47,100,57,108,40,103,52
613,15,38,87,3,59,133,80,11,44
613,16,112,46,87,101,134,40,138,94
613,17,129,138,34,85,43,131,39,24
613,18,122,59,12,69,72,77,139,100
613,19,12,21,22,67,18,73,130,106
613,20,31,64,140,73,68,81,127,47
613,21,27,63,91,49,134,122,64,96
613,22,142,51,30,98,22,105,19,78
613,23,6,51,41,70,121,133,95,74
613,24,79,103,53,14,140,113,84,129
613,25,139,60,40,113,81,79,0,29
613,26,15,3,0,79,122,19,90,68
613,27,137,30,74,24,58,142,138,92
613,28,20,10,33,48,126,61,7,95
613,29,74,130,103,42,6,30,29,75
613,30,126,43,115,86,45,75,74,130
613,31,136,88,116,32,75,122,51,8
613,32,57,117,138,95,87,131,9,130
613,33,1,85,121,3,67,25,30,130
613,34,25,39,8,75,138,135,79,50
613,35,15,98,57,3,55,42,44,124
613,36,96,112,93,97,68,64,137,126
613,37,45,44,63,9,107,139,92,15
613,38,131,54,67,104,74,113,87,62
613,39,43,108,47,53,95,24,120,15
613,40,7,104,12,124,66,27,26,101
613,41,57,138,137,95,35,44,33,117
613,42,139,62,39,5,127,10,118,41
613,43,84,5,35,24,62,83,124,119
613,44,120,29,28,73,59,6,23,70
614,3,111,119,38,134,53,43,3,117
614,4,41,131,98,85,83,129,133,23
614,5,129,44,72,62,35,113,16,26
614,6,93,41,79,143,133,86,31,89
614,7,110,134,127,75,112,6,46,74
614,8,19,57,69,124,88,55,42,71
614,9,107,82,23,28,8,58,81,17
614,10,112,34,123,54,89,140,132,90
614,11,141,74,86,109,32,107,137,125
614,12,101,141,77,68,80,25,61,98
614,13,55,22,105,59,84,109,56,39
614,14,98,81,110,83,35,23,67,103
614,15,28,67,138,125,24,82,40,98
614,16,65,16,128,125,54,117,94,126
614,17,127,120,57,72,99,54,95,16
614,18,127,58,131,77,66,136,93,32
614,19,30,53,142,19,18,90,32,25
614,20,77,66,62,84,46,55,51,95
614,21,97,137,8,120,89,106,52,29
614,22,90,5,24,40,42,100,129,120
614,23,43,75,39,1,17,86,98,42
614,24,10,47,64,107,85,137,109,14
614,25,19,97,105,7,140,139,76,22
614,26,94,3,123,79,114,85,36,98
614,27,43,26,76,70,24,12,114,124
614,28,18,16,116,137,128,73,66,119
614,29,123,103,48,64,122,2,69,75
614,30,6,4,93,43,78,68,5,67
614,31,101,21,102,89,19,94,88,116
614,32,100,119,31,104,14,64,16,50
614,33,25,7,102,48,119,40,15,65
614,34,35,133,101,117,78,9,75,138
614,35,87,90,129,116,42,67,140,36
614,36,32,85,43,1,50,76,133,49
614,37,94,41,108,36,130,84,52,126
614,38,25,56,129,107,139,69,134,7
614,39,85,42,137,129,65,132,50,124
614,40,80,139,108,33,102,82,65,44
614,41,119,80,31,92,18,138,36,94
614,42,93,5,34,45,10,43,15,6
614,43,84,62,137,83,110,4,69,124
614,44,27,72,8,126,5,59,18,64
615,3,106,27,115,73,134,90,108,129
615,4,132,75,102,90,70,23,69,118
615,5,2,41,15,61,23,124,104,51
615,6,84,88,41,57,70,135,123,89
615,7,61,103,139,83,112,93,137,75
615,8,2,57,28,68,20,118,110,26
615,9,8,42,49,89,109,143,117,36
615,10,43,140,47,123,56,77,50,107
615,11,74,82,18,75,137,46,141,115
615,12,65,46,77,68,101,33,138,14
615,13,105,59,57,126,84,66,91,101
615,14,110,44,122,49,18,55,63,103
615,15,105,24,135,96,67,112,131,109
615,16,116,126,50,80,67,109,32,54
615,17,54,39,95,72,117,88,63,49
615,18,131,136,58,103,128,53,32,119
615,19,90,142,64,24,37,128,32,105
615,20,46,56,12,40,58,5,65,131
615,21,120,52,134,110,109,97,1,130
615,22,24,18,19,55,114,78,80,134
615,23,43,28,133,82,42,101,125,98
615,24,10,64,63,22,56,83,94,19
615,25,7,97,140,121,42,81,19,16
615,26,123,113,72,42,98,77,93,13
615,27,43,124,94,24,70,83,93,133
615,28,18,16,128,15,139,66,112,10
615,29,123,44,48,103,64,75,8,69
615,30,6,4,78,68,0,2,101,5
615,31,21,101,89,94,123,116,102,10
615,32,100,16,119,14,79,104,31,64
615,33,25,48,7,119,15,108,40,102
615,34,35,123,97,101,9,62,47,78
615,35,87,90,129,42,140,116,16,124
615,36,32,2,43,85,50,1,13,6
615,37,94,36,41,84,108,56,136,117
615,38,25,139,69,107,104,7,129,70
615,39,85,129,42,50,132,65,79,120
615,40,139,80,129,111,82,29,26,120
615,41,80,138,18,36,94,92,137,88
615,42,34,45,23,57,123,32,113,126
615,43,62,35,112,93,110,83,53,136
615,44,44,41,64,141,49,74,7,5
616,3,98,5,90,74,19,79,68,37
616,4,50,1,115,96,60,18,137,138
616,5,97,83,95,4,30,141,143,104
616,6,40,10,142,102,18,117,55,5
616,7,136,97,124,57,96,140,66,30
616,8,74,129,28,44,83,121,72,78
616,9,96,120,85,6,117,58,83,64
616,10,124,80,56,128,94,83,140,139
616,11,114,132,29,82,110,45,42,140
616,12,94,77,130,41,57,46,21,54
616,13,64,84,40,105,122,6,82,56
616,14,126,54,122,76,127,31,44,103
616,15,42,98,117,102,131,120,135,10
616,16,68,136,24,19,78,126,119,53
616,17,54,39,27,49,13,138,43,122
616,18,131,136,53,106,101,37,64,128
616,19,90,33,32,71,42,64,136,77
616,20,141,79,56,46,38,37,67,11
616,21,110,78,47,129,36,87,115,74
616,22,24,42,119,99,78,70,114,125
616,23,136,55,38,121,54,133,112,125
616,24,10,64,19,114,140,109,41,129
616,25,97,105,140,7,19,139,43,59
616,26,5,91,123,3,58,37,36,64
616,27,43,72,98,139,141,77,59,11
616,28,16,44,128,7,95,18,15,8
616,29,8,123,46,141,0,1,73,69
616,30,5,78,6,4,74,68,77,11
616,31,21,73,105,124,56,89,88,109
616,32,79,16,31,98,88,47,77,100
616,33,48,25,119,15,38,58,4,102
616,34,35,49,97,53,141,133,28,62
616,35,87,90,116,26,50,35,42,14
616,36,50,2,85,68,1,6,63,114
616,37,36,84,128,49,126,22,41,105
616,38,25,39,139,70,107,69,13,54
616,39,129,85,54,56,93,15,57,100
616,40,41,142,139,11,12,82,104,81
616,41,94,78,120,38,92,15,138,137
616,42,139,100,34,27,101,73,32,122
616,43,35,22,62,103,112,83,93,10
616,44,29,73,141,123,120,49,64,59
617,3,23,121,115,78,29,37,76,12
617,4,114,115,94,139,15,23,142,106
617,5,112,95,107,106,92,32,36,111
617,6,17,22,30,64,48,4,59,102
617,7,41,136,66,124,2,98,112,25
617,8,77,15,118,66,43,28,71,128
617,9,23,49,87,96,28,117,81,35
617,10,112,143,63,140,6,103,124,22
617,11,57,125,100,114,63,21,117,78
617,12,77,94,46,101,98,119,25,22
617,13,105,84,22,56,8,40,126,132
617,14,122,40,44,123,91,23,93,99
617,15,131,96,135,128,106,15,80,58
617,16,116,112,136,32,54,67,94,85
617,17,138,88,34,39,54,93,105,128
617,18,131,115,122,77,123,70,53,78
617,19,71,90,33,94,32,42,21,142
617,20,40,79,132,5,38,99,123,39
617,21,110,106,63,36,87,39,127,120
617,22,98,140,23,70,119,94,130,78
617,23,124,133,66,64,132,82,76,41
617,24,54,104,77,83,91,2,110,123
617,25,140,121,139,7,113,19,87,54
617,26,13,141,10,129,45,12,78,19
617,27,139,87,41,119,54,42,107,115
617,28,18,9,119,47,46,67,83,143
617,29,43,48,30,137,50,3,89,63
617,30,0,60,6,35,67,52,66,79
617,31,80,111,94,10,46,14,96,122
617,32,22,59,6,31,39,44,80,138
617,33,121,102,58,61,94,5,32,84
617,34,45,21,47,130,42,120,38,62
617,35,27,130,38,122,124,31,25,98
617,36,123,122,121,8,19,124,20,16
617,37,102,141,67,92,28,33,3,105
617,38,121,53,3,17,18,25,50,16
617,39,99,83,60,134,110,67,51,71
617,40,102,139,65,29,79,101,44,1
617,41,41,125,57,138,87,86,65,28
617,42,139,62,100,27,122,73,83,104
617,43,35,5,84,7,119,112,138,87
617,44,29,120,73,23,28,64,59,131
618,3,111,25,96,65,76,42,75,44
618,4,98,9,62,41,92,59,126,131
618,5,58,76,32,27,129,89,50,72
618,6,93,41,86,79,47,96,34,46
618,7,128,127,78,138,112,75,101,81
618,8,57,19,28,39,52,142,71,30
618,9,107,63,23,66,49,8,96,28
618,10,123,112,34,43,135,124,55,86
618,11,141,74,109,86,138,4,42,21
618,12,77,101,141,68,94,116,33,82
618,13,22,55,84,105,56,40,114,122
618,14,98,81,110,122,44,54,12,70
618,15,67,28,138,82,24,58,76,98
618,16,65,16,128,117,54,43,94,136
618,17,57,53,127,16,72,54,132,26
618,18,58,131,123,127,136,0,66,4
618,19,30,142,90,122,58,115,18,113
618,20,77,74,38,6,55,8,46,56
618,21,97,8,120,52,74,29,114,13
618,22,42,5,54,102,24,19,78,40
618,23,39,75,43,98,86,17,118,112
618,24,10,47,85,33,109,29,129,63
618,25,19,76,114,26,98,105,139,140
618,26,123,94,72,46,93,114,132,113
618,27,45,139,25,82,85,27,26,95
618,28,116,122,138,137,18,128,15,10
618,29,64,103,122,123,48,44,140,75
618,30,6,4,43,77,87,129,55,11
618,31,101,94,6,130,89,90,34,48
618,32,50,100,119,34,59,118,33,130
618,33,102,44,22,40,135,142,25,122
618,34,133,9,13,132,24,26,51,0
618,35,116,16,13,87,31,1,123,57
618,36,50,1,109,132,76,115,90,49
618,37,22,94,141,126,107,103,17,83
618,38,56,129,71,93,107,69,27,20
618,39,124,117,132,8,137,60,19,98
618,40,108,33,129,102,82,69,120,139
618,41,119,31,92,50,138,111,18,90
618,42,93,83,34,23,57,5,43,15
618,43,84,62,110,93,119,35,7,107
618,44,27,8,72,141,49,6,126,18
619,3,106,27,73,108,49,129,115,90
619,4,132,102,63,90,118,133,75,23
619,5,2,15,115,41,56,67,61,31
619,6,84,88,41,57,70,135,12,123
619,7,61,83,103,139,38,118,112,67
619,8,2,57,28,68,71,20,124,118
619,9,8,42,49,109,89,3,130,137
619,10,43,140,123,47,56,50,77,52
619,11,74,82,18,75,4,97,13,141
619,12,65,77,101,90,46,33,138,68
619,13,105,57,59,84,126,1,56,34
619,14,110,98,6,44,77,65,81,23
619,15,24,67,131,135,128,101,88,58
619,16,65,54,116,67,126,43,131,25
619,17,54,57,127,53,26,117,95,29
619,18,58,131,123,66,136,128,77,32
619,19,142,90,30,25,24,53,115,31
619,20,46,56,74,55,6,52,66,126
619,21,52,102,97,29,8,137,130,134
619,22,42,19,33,5,50,21,54,140
619,23,39,43,64,125,133,28,101,99
619,24,10,63,94,119,44,32,129,109
619,25,81,16,70,114,7,113,76,19
619,26,93,113,123,54,126,72,122,42
619,27,24,133,85,137,58,46,12,135
619,28,137,18,116,15,81,10,87,130
619,29,103,64,48,44,126,123,41,92
619,30,6,4,11,89,77,52,87,74
619,31,101,6,90,89,94,83,28,130
619,32,100,34,85,23,118,33,119,50
619,33,102,44,122,142,135,143,140,9
619,34,13,132,9,104,26,28,75,86
619,35,13,16,1,57,67,119,83,10
619,36,1,113,132,90,77,26,94,134
619,37,94,126,8,99,141,108,88,98
619,38,93,129,71,56,121,28,40,109
619,39,117,132,13,137,101,120,22,109
619,40,129,77,139,82,29,121,69,73
619,41,18,138,90,119,130,31,128,137
619,42,23,34,113,57,126,39,12,136
619,43,62,110,93,112,47,90,107,104
619,44,141,130,38,49,44,40,8,24
620,3,79,4,136,58,97,52,63,104
620,4,119,86,95,42,112,16,76,23
620,5,4,55,130,38,86,41,139,36
620,6,94,3,55,35,73,41,52,39
620,7,112,74,18,133,45,122,75,77
620,8,28,2,139,11,71,109,143,26
620,9,130,102,44,49,13,96,81,109
620,10,140,84,48,14,134,70,90,32
620,11,82,112,22,73,67,98,21,5
620,12,71,60,36,87,25,2,46,32
620,13,105,28,56,23,110,84,26,65
620,14,122,40,23,107,108,77,56,16
620,15,135,131,98,128,96,100,63,60
620,16,54,83,60,126,116,45,125,131
620,17,53,54,57,72,63,10,109,94
620,18,123,58,131,6,114,65,108,136
620,19,90,142,64,60,53,72,32,31
620,20,74,46,14,37,1,55,52,6
620,21,74,102,72,120,142,110,17,117
620,22,42,19,102,137,101,6,83,55
620,23,85,43,99,97,30,82,44,98
620,24,10,112,137,82,129,37,69,119
620,25,81,98,114,35,139,70,34,76
620,26,93,123,113,71,72,54,99,132
620,27,46,133,85,27,86,97,24,73
620,28,137,18,31,116,10,15,128,63
620,29,103,48,64,44,41,123,92,120
620,30,6,11,135,4,111,38,89,74
620,31,6,89,101,83,94,109,90,28
620,32,34,85,118,119,130,23,59,100
620,33,142,122,102,44,135,143,8,140
620,34,13,9,47,75,132,112,63,26
620,35,16,13,57,83,1,124,67,10
620,36,1,104,133,23,76,115,113,143
620,37,99,112,8,97,77,10,101,126
620,38,93,129,71,62,27,20,109,82
620,39,117,132,22,75,52,38,18,26
620,40,129,77,82,26,139,29,123,24
620,41,18,138,130,54,50,137,111,11
620,42,23,34,113,57,126,136,39,108
620,43,110,62,93,50,15,112,116,47
620,44,130,141,40,49,124,34,129,24
621,3,80,11,45,39,102,37,56,78
621,4,46,110,81,49,64,77,83,31
621,5,43,0,11,15,73,45,9,36
621,6,78,130,121,68,142,97,138,38
621,7,98,87,24,71,124,119,122,21
621,8,43,126,59,114,118,96,135,16
621,9,141,9,30,113,119,36,52,130
621,10,102,42,24,127,56,41,49,65
621,11,6,138,120,35,82,29,64,102
621,12,11,137,55,131,6,71,65,130
621,13,6,42,66,84,49,136,78,140
621,14,100,78,138,122,69,64,45,28
621,15,59,109,3,66,4,142,107,60
621,16,101,87,108,98,46,138,25,45
621,17,39,116,138,117,54,13,28,16
621,18,119,122,103,136,11,70,48,131
621,19,71,118,24,121,94,136,64,33
621,20,31,54,69,79,67,10,47,135
621,21,110,105,52,63,109,34,71,26
621,22,140,98,94,82,126,33,78,142
621,23,41,64,6,124,60,19,114,66
621,24,140,0,54,22,129,119,32,10
621,25,139,70,54,16,29,7,31,76
621,26,135,79,122,113,13,72,71,129
621,27,137,46,135,11,27,42,107,54
621,28,98,18,86,46,126,129,120,63
621,29,48,42,38,103,3,66,92,18
621,30,21,60,114,116,80,0,6,38
621,31,102,78,89,108,28,69,10,101
621,32,130,80,44,12,23,25,105,138
621,33,17,131,106,129,71,6,102,135
621,34,47,75,73,45,38,82,109,26
621,35,57,27,20,131,67,85,76,101
621,36,1,15,37,97,51,69,123,101
621,37,141,99,86,135,81,92,105,15
621,38,113,121,27,11,108,17,20,42
621,39,134,132,104,73,86,21,120,83
621,40,102,53,61,24,29,139,126,43
621,41,45,25,54,39,137,41,112,86
621,42,70,69,126,136,39,1,9,52
621,43,49,44,78,124,47,93,110,50
621,44,113,118,61,40,141,49,34,130
622,3,129,57,125,17,109,65,32,102
622,4,67,122,137,43,102,126,124,86
622,5,120,70,86,32,113,34,95,140
622,6,65,127,69,118,42,39,139,135
622,7,112,75,15,128,95,133,65,55
622,8,91,28,124,119,6,75,53,122
622,9,143,49,81,129,73,86,89,101
622,10,140,77,130,88,18,90,99,103
622,11,111,49,55,47,15,66,14,122
622,12,106,88,46,133,14,116,90,85
622,13,3,105,46,111,84,126,56,132
622,14,91,7,44,0,83,40,107,63
622,15,40,76,135,131,58,35,106,134
622,16,126,116,47,54,80,5,137,27
622,17,39,121,40,140,54,123,118,63
622,18,58,131,53,0,57,105,136,66
622,19,53,72,8,87,113,90,33,25
622,20,46,24,62,84,143,12,58,5
622,21,120,20,106,110,98,5,115,92
622,22,111,11,18,37,26,31,78,117
622,23,68,42,133,78,98,103,49,99
622,24,10,33,22,143,46,72,113,119
622,25,81,76,94,139,136,118,93,16
622,26,47,90,84,126,13,110,113,136
622,27,85,133,24,80,58,83,32,112
622,28,80,128,31,120,134,66,15,132
622,29,103,94,27,47,7,44,2,92
622,30,6,93,66,136,89,87,19,24
622,31,89,94,143,46,109,28,124,113
622,32,63,70,23,0,105,98,133,119
622,33,35,140,43,100,66,143,46,40
622,34,13,3,67,63,104,110,2,141
622,35,25,21,79,75,132,87,36,67
622,36,1,132,109,49,40,7,46,19
622,37,60,5,20,129,105,33,141,6
622,38,110,0,134,112,121,25,48,83
622,39,100,132,38,75,117,2,42,135
622,40,82,29,124,58,120,102,79,91
622,41,109,117,102,50,18,132,125,9
622,42,135,84,103,96,32,83,111,22
622,43,140,112,3,36,132,127,69,21
622,44,99,85,123,140,48,51,18,92
623,3,57,114,141,136,121,108,10,60
623,4,80,20,4,55,39,102,72,109
623,5,3,64,36,105,139,17,23,42
623,6,83,128,114,139,85,19,94,121
623,7,30,102,75,112,140,5,46,87
623,8,28,56,114,133,12,75,91,11
623,9,49,143,73,27,42,86,129,101
623,10,18,140,14,84,26,94,76,91
623,11,67,5,55,115,98,33,99,76
623,12,82,46,106,2,14,18,90,88
623,13,105,10,56,3,124,41,89,53
623,14,91,40,114,7,0,44,122,140
623,15,131,135,40,58,128,120,90,115
623,16,54,97,125,116,100,126,93,137
623,17,66,40,123,72,67,20,82,42
623,18,58,73,87,77,107,131,53,114
623,19,8,53,4,54,52,25,142,34
623,20,62,84,40,46,121,24,88,109
623,21,106,12,135,46,13,20,89,74
623,22,31,101,90,130,6,36,120,102
623,23,68,105,99,49,97,98,133,88
623,24,10,125,112,105,129,109,107,113
623,25,94,81,118,76,7,113,31,26
623,26,90,77,35,89,13,123,76,120
623,27,85,108,80,139,73,133,97,46
623,28,128,80,15,57,66,31,17,96
623,29,47,103,94,18,131,7,44,92
623,30,6,24,40,66,35,19,89,93
623,31,94,26,89,143,85,109,46,37
623,32,63,0,119,21,52,23,100,133
623,33,140,35,143,66,121,125,46,43
623,34,13,67,3,2,104,63,21,110
623,35,130,25,63,93,79,75,9,117
623,36,1,109,132,40,7,62,49,140
623,37,20,5,107,60,102,141,129,105
623,38,0,110,83,121,112,134,111,53
623,39,132,75,38,117,60,7,87,83
623,40,82,29,91,124,111,121,102,23
623,41,109,130,43,125,71,117,28,116
623,42,135,34,111,96,6,57,22,136
623,43,112,11,140,62,110,127,9,116
623,44,51,85,123,49,77,140,99,31
624,3,3,57,45,11,136,142,118,97
624,4,55,120,86,23,20,11,85,83
624,5,98,41,106,73,39,86,4,13
624,6,52,10,139,133,37,69,118,108
624,7,102,75,112,136,140,74,18,128
624,8,0,39,28,75,12,30,133,26
624,9,47,27,143,88,17,59,38,36
624,10,9,18,14,140,85,33,84,20
624,11,92,115,111,55,73,5,82,54
624,12,61,65,83,71,136,106,103,82
624,13,56,105,124,110,25,65,89,34
624,14,24,91,40,122,0,30,82,77
624,15,135,131,58,96,90,128,88,106
624,16,54,125,116,97,47,93,5,126
624,17,95,72,11,20,106,29,66,6
624,18,58,66,1,53,87,77,9,136
624,19,53,87,31,105,128,46,33,142
624,20,40,24,53,82,84,46,76,39
624,21,106,64,97,3,98,130,63,90
624,22,57,135,18,130,55,46,134,99
624,23,11,42,134,4,77,133,72,113
624,24,10,143,90,22,119,84,64,50
624,25,81,117,118,107,103,139,76,22
624,26,118,123,120,103,129,47,135,85
624,27,85,108,97,46,28,88,33,66
624,28,128,15,96,140,113,81,51,13
624,29,18,43,50,3,60,38,16,103
624,30,87,54,116,89,131,19,75,58
624,31,124,35,89,94,31,56,84,28
624,32,63,119,0,82,44,59,13,133
624,33,24,142,48,2,5,20,9,143
624,34,47,26,3,13,109,30,83,50
624,35,19,130,89,13,107,87,2,9
624,36,109,132,1,49,51,46,31,110
624,37,64,13,99,48,15,79,84,39
624,38,87,121,133,72,62,137,95,53
624,39,132,38,97,86,117,60,134,19
624,40,82,143,133,29,124,103,77,68
624,41,57,71,76,9,40,28,138,77
624,42,34,111,123,57,12,6,0,39
624,43,62,110,76,116,142,93,112,31
624,44,49,76,33,141,44,7,31,17
625,3,106,134,130,42,10,141,128,54
625,4,99,76,87,116,94,37,135,23
625,5,117,86,32,102,106,128,20,74
625,6,6,123,92,57,65,3,37,12
625,7,75,112,74,22,122,13,18,60
625,8,11,58,88,17,67,50,75,63
625,9,49,129,66,44,117,19,4,40
625,10,72,140,114,55,138,77,32,20
625,11,140,21,99,20,110,115,82,75
625,12,43,2,127,109,96,114,103,65
625,13,3,44,105,103,45,101,39,23
625,14,107,63,44,6,103,73,91,141
625,15,123,40,131,127,135,106,76,58
625,16,107,12,28,93,137,116,69,43
625,17,95,39,123,16,139,72,109,126
625,18,57,58,53,75,93,131,115,13
625,19,87,38,66,109,53,105,64,133
625,20,1,24,46,143,3,67,83,5
625,21,80,120,116,110,96,98,101,29
625,22,77,138,86,130,137,11,78,102
625,23,68,42,85,67,103,61,133,79
625,24,10,37,129,137,117,90,60,22
625,25,114,9,94,81,118,5,89,117
625,26,47,92,20,57,126,51,77,15
625,27,133,85,28,58,127,129,80,73
625,28,58,75,132,103,77,140,4,113
625,29,120,103,18,60,138,92,47,49
625,30,6,93,12,24,43,87,74,115
625,31,62,124,89,46,94,66,136,122
625,32,116,34,52,23,99,63,127,72
625,33,139,100,140,35,143,102,9,38
625,34,110,63,104,143,13,32,137,109
625,35,21,13,79,124,67,75,16,87
625,36,40,1,49,132,31,62,90,109
625,37,136,105,60,20,126,106,28,108
625,38,71,104,0,134,110,24,121,111
625,39,132,117,38,17,87,49,43,75
625,40,82,29,77,104,97,39,44,121
625,41,136,94,109,138,91,125,130,18
625,42,84,34,98,111,135,20,88,41
625,43,3,48,130,140,94,4,62,127
625,44,99,18,76,70,140,49,116,85
626,3,13,94,77,143,93,130,18,24
626,4,76,84,63,18,112,24,122,83
626,5,6,19,124,134,114,26,4,131
626,6,12,83,105,23,65,80,139,35
626,7,112,75,111,74,110,85,122,94
626,8,28,61,88,50,60,42,128,9
626,9,49,31,125,40,126,102,16,117
626,10,55,140,20,101,69,72,124,77
626,11,99,55,79,140,68,82,106,76
626,12,46,103,43,2,65,83,114,82
626,13,105,17,101,44,23,90,112,51
626,14,63,6,40,107,122,11,123,44
626,15,131,123,135,58,96,106,133,80
626,16,12,28,137,93,107,116,129,43
626,17,106,95,72,19,109,16,54,92
626,18,58,131,57,66,53,77,136,123
626,19,87,38,53,86,142,109,25,20
626,20,24,82,40,122,1,53,39,46
626,21,116,80,47,96,110,97,106,29
626,22,57,77,130,83,134,11,137,5
626,23,85,42,61,12,133,30,101,77
626,24,10,137,60,109,129,105,64,112
626,25,117,118,76,81,34,9,114,121
626,26,93,85,129,13,123,54,20,103
626,27,85,73,133,28,108,97,46,139
626,28,58,75,140,128,132,119,36,96
626,29,120,60,103,18,90,79,115,1
626,30,6,93,12,89,98,103,35,20
626,31,94,89,62,124,46,136,122,70
626,32,116,34,63,119,100,75,61,28
626,33,139,35,140,66,43,9,143,102
626,34,13,110,3,137,63,104,76,109
626,35,16,13,101,67,75,117,65,41
626,36,40,1,132,62,109,49,12,141
626,37,20,60,105,102,99,73,33,107
626,38,110,71,0,20,111,121,134,24
626,39,132,117,38,13,50,75,87,17
626,40,82,77,111,29,121,66,97,139
626,41,136,138,28,130,18,20,137,40
626,42,34,113,23,136,20,111,126,76
626,43,48,62,110,60,93,96,83,112
626,44,116,49,76,44,80,141,34,84
627,3,47,129,70,107,44,119,45,43
627,4,140,141,7,14,60,38,64,23
627,5,102,104,52,35,51,20,88,134
627,6,64,87,98,71,69,48,55,85
627,7,33,39,109,122,93,74,40,117
627,8,14,125,9,25,43,71,41,67
627,9,46,94,40,129,119,58,47,49
627,10,12,55,139,0,54,90,38,20
627,11,38,134,51,140,101,21,115,129
627,12,43,109,127,55,21,114,138,103
627,13,103,45,44,126,46,27,84,33
627,14,107,31,83,103,79,139,112,23
627,15,110,116,92,127,131,123,106,107
627,16,12,69,75,74,80,3,18,22
627,17,39,49,139,106,30,64,16,6
627,18,37,114,11,20,115,132,106,138
627,19,38,128,64,136,53,33,95,60
627,20,24,1,46,79,39,5,12,9
627,21,120,110,133,63,130,98,115,80
627,22,19,11,37,99,138,78,18,118
627,23,46,42,133,67,38,6,112,101
627,24,90,10,42,22,114,113,19,44
627,25,94,81,23,76,66,5,125,139
627,26,92,47,95,118,89,35,87,77
627,27,133,85,28,73,80,94,97,95
627,28,57,83,80,27,15,45,47,110
627,29,18,85,138,22,103,6,34,24
627,30,6,87,93,115,123,124,35,131
627,31,89,124,59,110,130,94,3,143
627,32,107,63,119,21,127,100,87,92
627,33,140,102,143,66,121,5,9,142
627,34,13,110,104,55,3,79,34,32
627,35,120,101,130,85,79,124,48,87
627,36,132,1,40,140,109,43,63,76
627,37,5,117,105,53,20,107,16,100
627,38,0,104,83,6,53,55,20,81
627,39,132,117,38,127,17,75,135,60
627,40,82,137,23,29,122,44,77,59
627,41,43,40,130,138,71,102,20,109
627,42,34,71,126,57,124,39,112,12
627,43,17,62,110,40,31,76,83,16
627,44,89,33,141,49,17,76,135,124
628,3,133,138,122,77,67,32,74,101
628,4,76,84,105,40,26,96,14,38
628,5,102,28,106,51,124,11,131,134
628,6,129,99,34,12,7,74,83,36
628,7,12,75,112,74,137,128,101,43
628,8,118,50,28,26,68,65,30,124
628,9,90,77,92,135,49,102,21,130
628,10,55,143,110,72,140,88,20,9
628,11,68,63,90,2,115,14,55,82
628,12,46,103,2,129,77,65,90,43
628,13,17,105,107,126,84,104,23,27
628,14,50,30,13,107,44,123,63,23
628,15,131,70,38,135,113,118,141,41
628,16,97,74,137,116,121,28,54,15
628,17,106,30,39,47,16,26,92,59
628,18,114,136,66,53,128,131,58,9
628,19,90,53,142,25,128,113,72,33
628,20,40,84,46,56,65,24,55,39
628,21,106,10,97,77,102,47,123,120
628,22,134,77,11,29,55,71,18,63
628,23,85,42,30,55,107,133,36,130
628,24,10,137,113,71,64,60,90,112
628,25,81,114,117,76,70,139,105,5
628,26,93,35,123,92,126,42,19,118
628,27,73,27,133,108,85,46,28,97
628,28,75,114,137,96,129,132,15,36
628,29,120,18,103,36,79,136,6,138
628,30,12,139,20,43,93,6,87,124
628,31,124,50,62,89,6,123,94,31
628,32,107,100,28,10,119,9,34,52
628,33,139,100,13,9,45,102,57,123
628,34,104,137,55,13,110,26,88,32
628,35,119,41,16,21,120,13,124,101
628,36,132,1,40,52,68,49,133,104
628,37,117,108,105,107,61,100,17,136
628,38,71,104,105,22,111,20,34,6
628,39,132,17,38,127,117,60,43,69
628,40,82,44,35,93,91,73,97,77
628,41,61,136,138,137,23,111,18,21
628,42,34,23,112,113,126,57,6,124
628,43,62,17,40,47,110,6,60,93
628,44,89,141,49,116,38,34,130,80
629,3,134,58,43,42,109,77,128,10
629,4,64,60,104,116,16,102,42,7
629,5,136,122,82,130,40,140,11,50
629,6,55,53,34,134,80,123,8,138
629,7,52,39,11,22,74,75,18,112
629,8,101,88,108,9,68,1,28,44
629,9,125,71,27,49,128,34,21,58
629,10,143,139,116,55,81,138,131,50
629,11,2,21,135,68,110,97,60,73
629,12,53,103,114,76,111,8,12,138
629,13,77,17,105,30,103,46,104,95
629,14,42,112,1,80,103,23,127,50
629,15,116,72,98,131,46,102,41,140
629,16,74,80,97,49,55,79,143,42
629,17,106,8,53,26,39,64,30,57
629,18,114,6,136,58,123,11,124,101
629,19,72,90,53,122,64,128,33,133
629,20,46,58,74,6,1,24,12,65
629,21,112,110,120,46,85,116,98,117
629,22,19,99,25,141,138,42,18,78
629,23,42,56,57,85,16,63,133,52
629,24,121,115,35,10,128,43,129,29
629,25,81,125,76,7,58,34,89,9
629,26,92,58,57,77,47,133,87,19
629,27,17,45,46,80,63,28,79,58
629,28,75,128,50,15,118,129,45,71
629,29,34,39,103,136,122,41,66,5
629,30,139,6,87,74,16,19,35,55
629,31,130,124,37,94,89,113,36,50
629,32,100,119,115,107,31,22,87,61
629,33,13,99,9,102,143,32,15,137
629,34,132,3,13,0,55,110,139,72
629,35,13,47,95,124,116,119,46,67
629,36,11,132,1,31,76,129,109,59
629,37,76,126,104,20,136,107,33,59
629,38,71,107,104,75,82,121,83,19
629,39,132,117,17,79,2,38,47,133
629,40,73,1,44,40,69,121,29,91
629,41,138,92,120,17,136,110,128,23
629,42,34,57,126,39,32,124,138,72
629,43,110,62,17,120,83,112,103,141
629,44,38,141,49,130,135,59,34,142
630,3,79,4,136,64,63,73,94,58
630,4,95,76,84,68,102,97,122,16
630,5,130,55,6,142,36,110,143,134
630,6,110,94,35,135,3,73,123,82
630,7,112,74,122,93,18,124,75,120
630,8,28,30,58,127,139,26,11,143
630,9,102,130,44,13,96,49,64,66
630,10,1,140,84,69,48,125,20,101
630,11,112,77,22,73,98,99,67,21
630,12,60,71,117,36,46,87,82,134
630,13,105,56,28,51,110,26,44,77
630,14,122,80,23,14,0,44,103,88
630,15,131,135,128,63,35,1,105,101
630,16,92,4,74,54,60,48,90,125
630,17,57,53,30,72,63,95,82,3
630,18,58,123,114,66,136,131,6,53
630,19,90,53,105,30,122,31,64,72
630,20,46,74,39,52,25,6,65,5
630,21,102,52,46,88,97,110,85,96
630,22,19,141,33,29,80,83,0,130
630,23,99,64,82,133,30,124,75,57
630,24,137,10,103,112,94,54,22,82
630,25,81,117,16,70,139,125,76,24
630,26,51,13,47,126,92,19,75,50
630,27,46,27,11,135,137,67,133,108
630,28,137,120,130,67,18,110,10,119
630,29,103,120,18,48,41,0,66,5
630,30,87,125,11,74,21,115,131,46
630,31,124,130,62,90,70,39,16,85
630,32,33,20,59,118,130,64,47,128
630,33,45,142,138,24,106,79,9,129
630,34,26,75,79,104,47,109,61,3
630,35,13,57,16,76,101,124,115,107
630,36,104,143,97,133,31,26,52,49
630,37,8,99,32,61,139,136,112,84
630,38,71,20,12,17,104,7,95,76
630,39,132,135,86,60,38,52,26,117
630,40,77,44,82,123,26,65,3,58
630,41,111,138,18,137,115,26,61,75
630,42,23,6,70,113,83,57,34,39
630,43,110,62,70,116,113,36,93,17
630,44,49,141,34,50,40,129,130,24
631,3,11,45,80,102,56,15,54,78
631,4,46,110,81,88,49,44,64,72
631,5,43,128,93,95,139,15,11,42
631,6,78,130,121,68,142,34,97,75
631,7,98,24,71,87,130,126,129,122
631,8,43,126,118,59,103,110,114,108
631,9,141,9,30,113,66,119,15,95
631,10,102,42,127,56,24,49,41,23
631,11,6,120,138,35,29,64,42,79
631,12,137,11,55,131,6,16,116,119
631,13,6,140,42,84,96,15,13,78
631,14,103,138,100,78,45,69,64,50
631,15,59,3,109,66,4,51,118,11
631,16,87,101,80,108,50,98,46,18
631,17,39,116,138,30,117,28,60,63
631,18,11,115,12,132,70,122,114,101
631,19,71,121,33,94,32,118,20,129
631,20,54,1,67,5,79,39,31,8
631,21,110,120,52,63,105,113,26,34
631,22,19,140,94,33,111,82,98,142
631,23,124,64,114,6,133,42,41,19
631,24,54,0,2,140,110,77,22,10
631,25,139,54,81,31,70,16,113,125
631,26,47,122,92,135,13,129,79,110
631,27,137,46,27,139,128,80,28,2
631,28,98,18,86,128,15,46,126,67
631,29,48,42,38,103,22,92,66,111
631,30,0,60,6,114,116,21,38,80
631,31,102,89,108,78,94,130,122,127
631,32,130,80,44,12,13,25,59,74
631,33,131,17,102,121,84,129,71,143
631,34,109,38,75,26,73,47,82,81
631,35,57,27,101,130,92,9,87,82
631,36,1,51,101,132,97,94,123,63
631,37,141,86,15,93,20,31,81,105
631,38,83,121,113,27,17,53,20,141
631,39,132,134,83,104,73,90,71,21
631,40,102,139,61,53,29,82,3,132
631,41,25,45,41,138,137,39,125,86
631,42,70,126,69,9,39,52,136,134
631,43,49,78,44,47,124,93,11,110
631,44,113,118,61,141,34,49,24,40
632,3,44,123,127,5,89,9,34,118
632,4,38,52,125,89,83,84,76,3
632,5,134,116,130,83,115,23,118,104
632,6,83,89,39,3,31,110,61,102
632,7,112,74,101,22,87,65,102,67
632,8,30,28,42,133,128,143,45,29
632,9,37,143,49,66,84,35,86,67
632,10,140,26,85,103,83,89,137,99
632,11,55,111,104,13,115,53,76,5
632,12,46,83,65,103,106,129,77,58
632,13,105,51,139,90,126,65,41,4
632,14,0,44,40,126,123,103,56,80
632,15,131,139,135,64,39,45,103,76
632,16,116,26,43,5,126,32,4,129
632,17,40,121,67,118,63,39,72,10
632,18,131,73,77,66,53,58,107,136
632,19,53,8,102,33,54,142,74,32
632,20,46,109,47,62,16,40,94,52
632,21,20,93,106,12,1,58,141,98
632,22,49,138,130,101,78,117,18,20
632,23,78,42,104,61,98,118,133,4
632,24,115,117,33,10,22,59,82,44
632,25,81,9,5,20,22,76,68,136
632,26,92,47,134,118,136,125,99,110
632,27,33,108,133,46,103,114,2,90
632,28,13,66,15,31,90,96,81,63
632,29,49,18,47,105,103,134,73,11
632,30,122,93,136,87,6,67,11,17
632,31,82,89,62,124,94,35,3,93
632,32,0,119,82,63,70,72,128,100
632,33,35,125,43,143,40,58,78,140
632,34,16,13,3,26,2,111,41,110
632,35,130,19,9,14,67,117,83,78
632,36,132,49,1,109,52,68,141,105
632,37,107,78,136,117,108,112,105,30
632,38,121,48,134,76,72,104,141,67
632,39,132,38,105,117,60,10,88,17
632,40,82,90,29,65,71,132,131,79
632,41,77,28,71,26,128,136,54,70
632,42,6,0,34,126,15,57,60,10
632,43,62,143,98,110,112,97,93,83
632,44,49,39,141,8,116,102,84,130
633,3,71,35,119,137,134,118,4,130
633,4,86,42,59,23,121,120,7,115
633,5,86,105,24,76,55,26,75,98
633,6,83,35,86,24,52,73,78,61
633,7,5,112,18,50,65,108,64,6
633,8,28,35,81,71,34,42,16,91
633,9,142,49,13,122,117,143,86,104
633,10,14,140,2,32,90,121,50,3
633,11,53,3,115,137,49,67,76,4
633,12,71,114,66,82,25,46,33,30
633,13,137,105,101,23,90,126,54,139
633,14,36,141,40,91,82,122,103,18
633,15,128,131,107,39,135,11,96,27
633,16,116,57,125,43,120,110,34,134
633,17,109,72,30,43,98,88,39,6
633,18,77,132,12,53,89,114,81,66
633,19,32,25,33,84,27,142,53,20
633,20,46,97,40,47,110,82,45,1
633,21,38,106,47,58,104,85,123,98
633,22,137,138,130,29,117,18,83,19
633,23,7,42,133,46,97,85,74,57
633,24,27,105,112,24,10,107,129,6
633,25,81,136,9,11,141,139,118,113
633,26,4,92,85,90,77,47,118,7
633,27,114,108,103,133,85,27,129,36
633,28,93,66,15,80,120,96,13,85
633,29,18,105,69,103,27,94,13,134
633,30,67,93,87,136,11,40,37,41
633,31,62,82,124,3,26,89,94,113
633,32,0,63,121,119,21,66,105,3
633,33,35,143,125,43,9,140,130,40
633,34,3,26,13,63,110,16,120,88
633,35,67,19,9,130,118,36,3,14
633,36,132,49,52,1,14,63,61,141
633,37,99,52,108,60,107,117,136,105
633,38,48,137,30,72,110,0,87,95
633,39,38,132,60,105,4,97,109,17
633,40,90,82,111,23,71,3,68,127
633,41,28,89,26,43,30,123,71,13
633,42,95,34,0,56,123,60,57,10
633,43,143,16,110,32,62,83,96,103
633,44,102,84,42,0,22,68,49,104
634,3,97,66,105,128,106,43,24,134
634,4,7,91,24,121,143,33,112,142
634,5,53,26,62,140,105,36,102,107
634,6,75,69,86,71,139,129,107,49
634,7,33,39,100,22,132,74,137,25
634,8,49,111,14,5,25,40,119,73
634,9,94,58,40,71,133,15,86,119
634,10,55,104,136,12,140,54,138,38
634,11,29,94,134,38,117,2,21,55
634,12,43,109,18,24,103,114,96,89
634,13,103,45,17,91,44,84,90,34
634,14,107,76,71,103,52,91,94,37
634,15,116,16,110,11,127,69,88,15
634,16,12,80,69,3,18,79,74,110
634,17,139,60,39,106,49,36,31,1
634,18,114,37,0,106,57,115,132,11
634,19,38,129,13,64,111,128,33,27
634,20,24,1,83,27,3,67,79,5
634,21,120,62,112,106,110,38,98,124
634,22,109,19,77,93,11,130,138,2
634,23,42,38,46,118,49,112,101,129
634,24,90,107,42,19,13,84,10,44
634,25,81,125,10,9,76,0,113,107
634,26,92,118,47,110,3,136,87,19
634,27,125,129,13,108,46,28,85,23
634,28,91,51,66,15,128,110,81,85
634,29,105,18,11,69,103,41,75,134
634,30,93,87,67,11,13,130,19,115
634,31,3,62,124,94,89,35,56,143
634,32,107,63,72,92,121,3,100,119
634,33,34,143,43,121,9,35,3,91
634,34,13,3,110,30,31,143,50,109
634,35,120,130,67,140,16,9,117,45
634,36,132,1,52,49,109,9,20,100
634,37,52,46,99,33,119,30,20,107
634,38,33,30,50,48,27,137,87,121
634,39,132,38,60,117,97,52,46,105
634,40,137,82,90,111,29,116,71,26
634,41,51,66,28,43,71,137,135,37
634,42,91,34,30,135,32,63,124,31
634,43,17,26,80,16,63,110,62,112
634,44,57,42,81,0,86,51,143,68
635,3,10,47,11,97,43,79,129,8
635,4,121,141,50,7,38,91,64,31
635,5,26,83,51,55,16,75,102,21
635,6,105,13,1,62,49,69,126,42
635,7,39,33,129,15,98,72,25,132
635,8,49,27,43,4,111,66,6,108
635,9,94,36,40,129,105,5,141,49
635,10,104,55,12,79,125,90,139,103
635,11,134,29,46,38,42,55,94,68
635,12,43,103,41,109,21,82,135,119
635,13,17,101,97,105,103,104,126,41
635,14,40,36,91,82,52,13,141,6
635,15,128,11,131,120,135,80,1,115
635,16,112,116,43,47,125,110,26,67
635,17,88,72,60,39,43,20,98,23
635,18,77,132,34,140,75,122,57,12
635,19,33,32,71,73,129,85,118,105
635,20,122,82,30,103,8,133,45,53
635,21,110,113,127,34,35,115,71,80
635,22,12,50,139,140,98,37,78,65
635,23,72,133,76,129,98,32,124,6
635,24,138,91,22,54,112,119,83,74
635,25,87,139,54,118,65,29,19,81
635,26,12,30,129,13,113,122,15,19
635,27,135,11,27,108,119,66,63,137
635,28,108,135,46,18,89,0,99,11
635,29,3,42,43,50,57,103,74,20
635,30,133,35,52,13,80,11,21,17
635,31,96,69,22,86,80,32,113,137
635,32,120,142,64,13,29,39,125,74
635,33,143,121,64,135,5,46,141,67
635,34,13,50,45,38,104,70,24,135
635,35,48,69,28,39,130,82,125,3
635,36,15,123,102,81,61,138,141,97
635,37,99,92,64,107,27,33,20,113
635,38,10,27,84,73,18,15,42,46
635,39,143,60,67,132,134,86,53,20
635,40,29,68,136,121,7,137,43,36
635,41,57,76,28,68,87,137,6,51
635,42,91,34,30,126,124,47,39,10
635,43,63,17,110,10,16,52,87,62
635,44,42,0,81,86,68,22,57,49
636,3,84,26,92,32,41,48,134,142
636,4,105,84,76,104,126,37,33,9
636,5,113,11,75,95,8,105,124,86
636,6,87,129,134,96,20,116,120,24
636,7,112,11,128,117,136,75,101,18
636,8,64,6,39,139,3,81,128,30
636,9,34,115,49,83,142,126,71,52
636,10,55,37,94,20,18,17,101,140
636,11,55,68,2,60,53,99,0,94
636,12,71,82,43,41,114,46,103,99
636,13,17,101,105,104,91,0,35,103
636,14,76,7,91,63,40,44,103,28
636,15,116,128,135,131,129,9,26,73
636,16,79,125,74,99,54,128,116,12
636,17,106,39,11,132,27,139,12,16
636,18,37,77,114,66,113,9,29,1
636,19,27,53,20,128,104,142,33,48
636,20,40,82,24,46,12,52,53,93
636,21,106,112,110,116,47,142,122,119
636,22,77,138,19,11,117,130,46,18
636,23,130,40,42,85,11,89,129,133
636,24,131,19,10,117,109,115,90,129
636,25,10,5,22,81,114,125,21,76
636,26,92,96,47,87,118,57,19,3
636,27,13,125,2,28,108,23,90,66
636,28,112,118,140,81,128,75,69,51
636,29,26,18,11,103,122,138,73,1
636,30,87,83,132,41,19,6,86,54
636,31,94,124,130,76,31,62,47,35
636,32,107,106,63,124,119,3,82,29
636,33,24,143,127,128,121,20,9,87
636,34,13,3,31,110,45,143,109,131
636,35,130,117,124,45,77,75,80,142
636,36,132,1,109,63,59,143,68,40
636,37,76,27,136,107,105,20,33,110
636,38,23,69,87,27,6,120,121,107
636,39,132,38,117,97,77,52,60,64
636,40,82,29,79,26,65,71,40,44
636,41,120,66,15,138,71,30,92,37
636,42,34,18,126,60,57,39,10,78
636,43,62,17,1,42,47,104,120,83
636,44,91,141,130,49,114,124,24,59
637,3,89,108,74,85,102,9,83,32
637,4,102,86,4,40,122,51,15,23
637,5,98,47,139,26,86,118,50,143
637,6,52,125,113,85,94,84,65,19
637,7,112,75,128,15,18,101,74,102
637,8,28,42,12,139,71,30,11,26
637,9,49,143,66,19,81,128,90,134
637,10,140,85,18,55,9,20,114,142
637,11,55,68,67,115,76,5,72,4
637,12,103,82,46,17,99,143,2,98
637,13,105,17,10,120,84,31,41,92
637,14,44,109,0,77,8,91,103,63
637,15,131,135,58,70,11,115,106,128
637,16,4,137,54,97,125,116,5,79
637,17,106,42,40,12,108,92,11,39
637,18,77,58,73,53,9,114,66,36
637,19,53,13,60,52,46,142,113,104
637,20,40,46,84,82,24,121,47,109
637,21,106,74,20,64,35,110,59,130
637,22,101,130,83,1,57,41,2,117
637,23,104,42,63,11,40,98,101,142
637,24,10,19,109,117,36,80,44,129
637,25,76,81,11,117,10,5,113,89
637,26,134,118,92,110,129,137,19,125
637,27,89,26,97,108,27,80,25,109
637,28,128,137,112,15,13,127,42,81
637,29,103,49,18,138,13,1,41,11
637,30,122,139,6,41,43,19,11,54
637,31,94,124,143,35,31,46,56,89
637,32,107,63,119,34,84,61,3,26
637,33,121,24,143,20,71,138,34,112
637,34,13,3,41,143,28,10,88,26
637,35,130,117,41,54,36,124,91,123
637,36,109,1,132,47,63,20,143,68
637,37,78,29,107,112,88,23,136,20
637,38,71,72,24,22,121,87,20,62
637,39,38,132,97,117,60,10,69,52
637,40,82,29,91,65,77,26,101,103
637,41,61,77,71,137,128,41,115,138
637,42,34,126,113,23,57,32,42,102
637,43,62,1,17,104,36,93,47,103
637,44,141,49,130,91,135,39,82,40
638,3,94,13,123,121,96,30,35,74
638,4,107,24,102,42,86,4,23,2
638,5,6,11,86,98,105,114,133,76
638,6,65,123,6,55,118,139,104,119
638,7,111,102,112,55,18,141,25,70
638,8,28,142,114,55,60,42,30,26
638,9,49,143,31,86,37,114,42,46
638,10,32,142,20,140,55,18,81,90
638,11,98,55,68,7,75,60,32,110
638,12,46,103,49,99,82,47,136,83
638,13,23,17,105,101,100,137,0,77
638,14,63,8,103,44,109,77,11,4
638,15,131,135,129,106,58,27,15,70
638,16,137,116,15,24,43,97,143,134
638,17,106,109,10,42,20,39,16,44
638,18,9,66,58,77,131,53,1,136
638,19,31,53,20,128,27,64,33,104
638,20,40,93,82,121,53,63,76,46
638,21,106,102,110,64,59,111,135,47
638,22,137,77,57,130,119,83,2,15
638,23,77,134,1,82,11,30,127,128
638,24,10,94,137,36,112,129,22,19
638,25,117,81,88,118,65,107,103,11
638,26,134,118,135,93,19,101,71,122
638,27,27,66,46,88,137,80,5,103
638,28,137,130,46,129,25,128,106,81
638,29,103,42,18,23,48,41,75,111
638,30,38,11,80,116,55,96,0,6
638,31,102,83,35,124,94,51,89,28
638,32,130,53,118,26,80,107,33,116
638,33,131,138,71,85,129,24,3,143
638,34,26,75,38,55,104,143,70,109
638,35,76,57,16,41,123,10,89,27
638,36,1,143,132,37,69,51,104,0
638,37,8,87,97,88,92,23,30,105
638,38,71,120,73,12,76,1,121,27
638,39,86,60,134,132,52,43,34,38
638,40,77,29,3,123,26,50,14,132
638,41,61,18,138,77,45,137,21,125
638,42,23,70,127,108,52,83,126,5
638,43,36,44,124,131,17,116,93,113
638,44,129,40,49,141,24,130,95,34
639,3,45,78,102,37,8,11,15,80
639,4,46,110,77,81,44,49,11,15
639,5,43,93,11,111,2,141,35,15
639,6,78,130,68,121,142,34,54,85
639,7,98,24,87,130,71,115,23,25
639,8,43,126,118,95,96,114,56,110
639,9,141,9,30,16,117,125,111,135
639,10,102,42,127,56,24,65,55,41
639,11,6,120,138,68,35,29,64,101
639,12,137,11,131,55,16,82,6,93
639,13,6,140,42,52,0,96,78,84
639,14,103,138,45,69,100,78,108,107
639,15,59,3,109,66,4,44,69,105
639,16,87,101,80,50,108,46,12,98
639,17,39,116,138,117,106,103,60,16
639,18,11,29,12,122,115,101,136,57
639,19,71,118,33,38,32,121,94,64
639,20,67,1,103,69,89,39,54,31
639,21,62,63,137,105,52,34,120,110
639,22,19,93,140,94,33,126,82,22
639,23,124,19,64,132,66,6,41,114
639,24,0,54,140,77,2,110,20,123
639,25,54,70,139,29,19,113,81,7
639,26,79,30,122,13,135,129,78,111
639,27,137,46,107,135,11,42,54,28
639,28,98,86,18,46,74,83,33,61
639,29,42,48,103,111,66,89,3,38
639,30,80,0,21,60,114,38,116,79
639,31,102,89,78,94,80,122,28,108
639,32,130,80,13,12,44,118,25,138
639,33,121,131,17,102,129,32,85,94
639,34,38,45,21,75,120,47,25,26
639,35,27,130,57,124,98,82,38,36
639,36,1,123,96,124,94,143,97,100
639,37,141,102,92,20,107,135,105,67
639,38,121,27,113,53,20,141,18,59
639,39,83,134,90,132,71,143,60,53
639,40,102,29,139,61,121,79,65,53
639,41,25,45,41,86,125,137,138,93
639,42,70,126,134,52,136,9,69,114
639,43,49,124,44,47,78,93,109,11
639,44,113,118,40,24,49,61,141,34
640,3,42,122,37,80,138,25,56,7
640,4,42,117,86,66,27,4,85,15
640,5,139,11,140,42,39,8,97,86
640,6,83,52,117,61,46,73,112,90
640,7,112,127,74,19,99,128,36,41
640,8,28,67,68,99,124,133,42,60
640,9,143,49,31,98,62,42,86,102
640,10,85,16,137,76,20,68,103,89
640,11,22,53,24,104,115,69,116,111
640,12,69,70,103,68,5,119,79,83
640,13,12,89,97,90,37,94,80,126
640,14,40,58,11,0,103,131,13,82
640,15,39,94,27,129,6,139,135,61
640,16,43,116,15,90,93,67,54,73
640,17,121,60,94,39,72,67,16,133
640,18,77,88,58,9,0,131,10,113
640,19,142,129,80,115,33,31,103,54
640,20,113,14,91,97,5,55,27,8
640,21,20,120,89,110,93,142,15,71
640,22,117,102,49,78,130,137,83,37
640,23,104,78,61,118,49,76,29,101
640,24,33,91,82,44,10,117,140,112
640,25,140,7,81,139,113,121,29,9
640,26,134,10,13,79,125,47,15,123
640,27,139,107,87,70,41,5,24,115
640,28,18,119,143,9,128,120,13,140
640,29,28,89,137,48,103,92,47,41
640,30,60,0,122,104,35,127,67,63
640,31,94,80,28,37,14,2,10,46
640,32,39,100,66,110,138,71,78,22
640,33,121,5,19,58,102,129,79,32
640,34,38,21,78,100,120,110,42,135
640,35,27,130,9,18,38,82,124,10
640,36,38,14,104,123,45,121,27,96
640,37,141,102,129,68,92,78,33,105
640,38,53,100,20,121,119,15,32,88
640,39,12,83,110,84,10,105,60,76
640,40,102,29,139,49,91,26,65,68
640,41,41,20,77,9,128,137,11,123
640,42,134,136,121,52,9,39,126,51
640,43,11,47,13,124,98,93,104,6
640,44,141,49,39,130,24,34,80,40
641,3,59,72,86,37,90,74,43,134
641,4,73,80,93,116,20,18,23,57
641,5,30,9,99,93,91,95,87,51
641,6,66,116,92,142,42,139,69,11
641,7,118,117,69,11,25,98,135,119
641,8,137,17,93,22,25,43,127,118
641,9,52,140,131,43,111,83,89,20
641,10,83,13,128,56,102,41,27,58
641,11,1,132,101,16,8,0,34,78
641,12,108,7,42,57,21,85,61,106
641,13,70,60,6,12,115,141,45,54
641,14,73,55,40,57,138,91,18,103
641,15,117,68,102,115,39,135,109,73
641,16,27,59,116,136,47,43,57,32
641,17,39,60,141,38,88,31,63,0
641,18,107,131,132,70,40,53,58,122
641,19,33,118,78,71,142,129,32,90
641,20,27,113,5,91,101,127,123,79
641,21,9,89,110,120,33,20,71,63
641,22,125,98,133,90,78,37,111,137
641,23,54,47,113,41,95,12,98,6
641,24,10,140,99,138,64,112,22,50
641,25,140,29,139,7,121,113,19,5
641,26,47,79,43,122,15,3,44,13
641,27,139,92,24,107,42,78,41,137
641,28,18,128,87,33,10,48,140,47
641,29,103,3,48,89,92,29,46,24
641,30,60,21,0,6,96,87,80,49
641,31,37,29,122,130,74,46,111,61
641,32,66,17,114,59,133,131,12,130
641,33,102,121,129,108,119,61,113,95
641,34,78,6,133,45,25,43,132,62
641,35,31,42,9,25,130,18,124,90
641,36,85,143,63,97,41,46,96,102
641,37,41,102,135,142,126,108,141,93
641,38,25,69,98,53,55,103,18,20
641,39,85,83,99,42,73,57,34,69
641,40,139,102,90,29,55,32,44,27
641,41,94,138,92,9,6,120,89,35
641,42,139,101,12,134,122,39,136,114
641,43,35,49,47,124,93,53,24,109
641,44,49,29,120,24,141,59,34,130
642,3,23,103,28,127,63,142,45,94
642,4,114,106,23,73,127,94,93,133
642,5,91,112,92,123,95,35,10,19
642,6,17,22,64,30,89,34,48,39
642,7,41,134,2,55,118,136,101,85
642,8,77,137,15,27,71,118,59,43
642,9,23,28,87,52,35,49,140,29
642,10,112,143,68,22,83,65,63,5
642,11,57,125,78,100,1,95,71,21
642,12,101,77,42,48,98,100,102,143
642,13,22,56,84,70,89,12,36,97
642,14,98,103,73,30,113,131,40,122
642,15,45,113,119,24,19,94,39,101
642,16,10,116,113,80,43,136,35,67
642,17,39,95,88,54,60,81,63,6
642,18,131,53,58,75,34,77,115,132
642,19,115,103,33,64,87,90,32,142
642,20,123,55,5,14,82,91,11,99
642,21,97,110,116,33,115,120,68,36
642,22,130,55,23,70,12,117,57,46
642,23,82,133,55,43,12,72,101,121
642,24,10,64,112,138,33,129,113,26
642,25,140,7,19,95,139,31,34,29
642,26,127,113,76,13,84,3,45,19
642,27,139,87,41,119,46,98,24,124
642,28,18,9,122,143,8,10,120,2
642,29,24,29,48,137,36,81,47,118
642,30,0,6,60,4,32,66,67,52
642,31,37,111,2,99,80,28,10,74
642,32,50,17,133,96,100,31,59,129
642,33,121,102,58,119,17,84,3,129
642,34,130,28,78,45,34,136,114,103
642,35,18,27,25,31,130,38,113,37
642,36,38,86,121,85,7,101,123,50
642,37,142,141,102,46,101,45,51,85
642,38,73,25,13,33,31,104,59,141
642,39,83,73,80,85,124,1,57,90
642,40,102,5,139,41,33,90,79,120
642,41,94,31,78,38,119,28,125,6
642,42,139,122,62,73,12,42,27,83
642,43,35,5,84,7,100,93,83,142
642,44,120,29,73,28,23,59,8,142
643,3,8,38,31,122,50,134,25,109
643,4,131,118,41,56,127,83,88,139
643,5,81,35,10,110,19,93,135,86
643,6,2,79,90,34,10,69,133,95
643,7,134,79,55,122,6,36,11,112
643,8,19,55,0,36,141,57,52,69
643,9,23,82,107,92,29,16,25,112
643,10,112,76,114,132,29,90,68,89
643,11,141,86,57,109,142,43,36,76
643,12,101,69,68,134,80,25,70,28
643,13,22,94,84,89,90,56,132,57
643,14,98,121,110,90,39,81,140,52
643,15,28,40,24,125,76,113,67,138
643,16,80,65,100,116,128,10,16,117
643,17,32,39,60,138,95,6,34,100
643,18,115,122,132,12,51,119,70,72
643,19,71,94,121,118,32,21,73,33
643,20,69,79,31,140,1,62,132,38
643,21,63,110,34,105,64,26,71,132
643,22,98,22,51,142,140,78,82,94
643,23,60,41,19,6,132,124,86,75
643,24,77,74,85,110,96,0,47,86
643,25,19,65,54,140,139,29,6,119
643,26,30,43,94,110,47,46,13,122
643,27,135,96,46,137,75,139,40,77
643,28,138,116,122,33,18,13,58,0
643,29,64,140,57,103,49,124,75,73
643,30,60,6,67,121,4,39,66,92
643,31,111,61,81,46,93,142,34,50
643,32,50,129,59,133,97,86,31,136
643,33,22,58,102,136,113,125,70,61
643,34,133,45,11,62,44,9,52,53
643,35,31,25,14,42,90,87,10,116
643,36,50,95,97,111,143,9,105,100
643,37,142,41,51,103,22,57,138,108
643,38,56,129,63,37,69,18,62,70
643,39,124,57,85,8,129,99,35,60
643,40,33,28,102,139,114,32,108,142
643,41,31,119,136,38,111,5,125,92
643,42,93,122,83,134,52,77,22,84
643,43,84,137,98,124,45,7,24,116
643,44,29,6,8,56,120,28,34,116
644,3,111,119,24,66,53,61,79,143
644,4,79,13,72,78,117,23,99,17
644,5,129,134,8,104,35,76,20,23
644,6,103,79,39,115,41,133,73,134
644,7,138,127,115,61,85,112,77,81
644,8,57,19,102,20,141,28,52,72
644,9,107,63,8,23,62,88,22,128
644,10,123,112,43,34,137,103,6,122
644,11,74,141,96,86,76,137,67,109
644,12,101,68,69,141,77,70,134,65
644,13,55,84,22,56,90,57,119,97
644,14,98,81,110,34,40,140,90,56
644,15,67,28,138,24,82,113,39,125
644,16,10,65,128,116,16,117,67,129
644,17,127,57,16,95,71,81,67,72
644,18,58,131,127,126,108,113,111,136
644,19,115,122,142,30,18,19,143,103
644,20,55,77,1,5,3,123,14,74
644,21,97,8,120,114,14,110,47,130
644,22,5,125,130,42,86,36,138,45
644,23,39,86,79,75,42,43,133,17
644,24,10,47,85,64,135,51,129,84
644,25,140,19,7,95,121,90,100,125
644,26,94,46,92,123,114,47,98,76
644,27,139,78,141,129,107,24,77,112
644,28,116,138,18,122,128,77,10,33
644,29,64,103,57,92,41,66,126,81
644,30,60,6,87,43,125,80,35,34
644,31,61,46,101,85,34,56,94,50
644,32,50,87,59,35,133,17,51,134
644,33,102,58,121,136,22,125,89,33
644,34,133,130,9,50,21,72,25,120
644,35,31,25,130,38,124,37,41,57
644,36,50,38,141,100,49,29,96,97
644,37,102,107,126,141,108,103,67,94
644,38,56,129,55,53,19,54,18,31
644,39,99,124,109,60,89,42,83,18
644,40,139,33,108,79,132,102,44,103
644,41,31,5,138,125,50,119,28,65
644,42,93,134,12,52,51,22,17,102
644,43,84,98,142,116,7,83,47,93
644,44,8,56,34,135,59,24,27,141
645,3,2,89,96,93,4,85,41,61
645,4,2,63,121,6,119,35,90,7
645,5,31,41,35,93,89,23,74,60
645,6,41,55,83,73,85,35,39,103
645,7,61,130,103,87,131,67,105,55
645,8,28,2,34,128,109,66,124,121
645,9,66,47,44,142,128,46,141,8
645,10,121,2,26,40,15,124,140,16
645,11,82,76,137,121,128,49,104,56
645,12,65,70,78,69,17,83,0,143
645,13,126,89,57,97,141,34,53,65
645,14,116,11,131,13,118,37,39,140
645,15,94,27,39,6,31,24,52,124
645,16,116,56,9,99,123,34,94,131
645,17,113,20,133,42,127,107,109,39
645,18,1,32,10,41,108,128,88,58
645,19,84,102,115,80,31,127,120,51
645,20,55,136,1,91,35,110,111,5
645,21,38,95,97,3,15,120,47,14
645,22,20,130,83,36,5,62,102,6
645,23,99,7,50,101,37,42,105,39
645,24,105,10,91,117,73,67,76,3
645,25,140,121,5,11,95,7,9,20
645,26,136,123,85,103,76,47,40,84
645,27,139,129,135,41,107,58,28,27
645,28,18,116,77,93,128,10,60,13
645,29,64,103,92,47,5,19,41,73
645,30,60,6,125,35,43,110,54,1
645,31,46,101,29,109,14,85,89,137
645,32,34,59,6,17,74,133,134,37
645,33,102,121,96,30,79,61,125,81
645,34,78,120,24,135,47,9,43,34
645,35,25,41,130,18,57,82,37,101
645,36,133,6,143,110,90,46,94,96
645,37,108,60,93,107,126,94,141,102
645,38,129,135,55,53,87,121,20,18
645,39,109,26,89,99,83,42,90,51
645,40,139,103,77,26,29,5,14,21
645,41,138,28,94,137,3,20,26,89
645,42,12,23,105,2,134,113,129,114
645,43,142,83,35,90,47,32,93,110
645,44,76,24,87,135,89,141,34,126
646,3,131,132,74,90,99,50,77,97
646,4,45,58,36,23,111,60,31,113
646,5,100,96,101,15,36,89,35,76
646,6,91,25,85,73,5,42,124,98
646,7,122,77,108,97,14,98,55,71
646,8,130,110,123,43,109,114,41,2
646,9,20,139,111,39,46,123,66,108
646,10,50,58,107,128,62,142,56,90
646,11,82,106,25,65,51,138,81,102
646,12,65,55,79,116,57,143,69,130
646,13,6,56,116,66,84,68,57,16
646,14,119,59,64,55,40,103,77,113
646,15,142,100,109,2,24,68,77,27
646,16,45,10,88,75,116,98,96,138
646,17,54,39,95,117,57,63,60,102
646,18,58,131,123,30,40,136,53,126
646,19,115,103,142,33,96,118,71,25
646,20,54,5,123,55,91,1,127,101
646,21,71,134,9,110,63,120,97,33
646,22,48,55,14,17,99,98,5,42
646,23,23,59,124,4,42,82,55,43
646,24,10,32,20,50,119,123,129,26
646,25,140,7,121,29,119,139,113,34
646,26,13,47,87,43,92,123,116,79
646,27,139,63,62,14,78,24,30,137
646,28,117,18,128,9,13,96,10,116
646,29,103,22,47,38,92,64,66,10
646,30,66,60,6,35,21,100,87,50
646,31,37,46,74,130,28,14,2,137
646,32,13,100,60,6,22,120,17,66
646,33,121,102,108,3,79,58,84,98
646,34,78,130,50,114,36,39,48,132
646,35,25,130,31,57,18,102,33,87
646,36,38,7,26,85,8,1,46,78
646,37,41,101,102,107,0,93,67,129
646,38,25,98,19,32,53,20,87,130
646,39,73,85,83,109,99,60,80,2
646,40,139,5,29,89,91,130,26,46
646,41,94,28,125,9,43,92,120,138
646,42,101,12,139,44,114,39,122,17
646,43,35,142,34,22,15,110,93,47
646,44,76,87,24,29,4,114,73,49
647,3,23,29,63,90,121,127,32,142
647,4,114,134,94,111,133,58,137,23
647,5,112,12,95,92,70,19,137,76
647,6,17,22,30,64,4,117,109,59
647,7,134,41,55,3,95,124,91,2
647,8,77,15,110,55,68,16,57,28
647,9,23,78,87,51,28,92,35,89
647,10,112,143,63,50,90,107,56,5
647,11,57,125,69,100,82,78,14,86
647,12,101,75,48,77,65,143,69,79
647,13,22,56,84,16,132,89,31,102
647,14,98,59,103,40,30,44,79,82
647,15,119,113,45,39,126,142,24,124
647,16,36,113,116,114,96,75,88,43
647,17,19,54,95,39,10,60,88,63
647,18,131,58,53,0,77,29,81,136
647,19,115,87,103,33,25,142,64,129
647,20,123,17,5,14,55,62,27,3
647,21,97,85,120,78,68,111,110,14
647,22,130,55,110,135,47,12,93,23
647,23,82,133,55,98,129,69,43,59
647,24,10,112,64,105,33,100,129,38
647,25,140,7,34,81,97,31,113,19
647,26,5,92,84,123,3,47,103,19
647,27,72,139,98,25,43,77,14,41
647,28,13,116,138,9,122,16,128,44
647,29,64,122,57,47,103,92,75,124
647,30,66,60,6,35,54,43,1,100
647,31,46,94,131,111,70,133,32,143
647,32,50,79,100,87,31,68,133,98
647,33,102,121,58,22,5,127,3,113
647,34,133,130,50,78,35,1,48,97
647,35,25,31,87,130,90,41,12,101
647,36,38,85,50,8,48,46,9,94
647,37,101,41,50,93,102,141,107,103
647,38,56,25,129,53,80,69,70,54
647,39,73,85,34,51,109,60,42,90
647,40,33,41,5,139,129,102,29,142
647,41,31,94,28,125,119,38,137,65
647,42,139,12,122,62,95,83,73,105
647,43,142,35,84,5,16,15,59,7
647,44,29,120,87,76,73,8,4,28
648,3,111,4,109,124,143,142,58,15
648,4,98,19,37,9,56,59,102,85
648,5,129,35,76,95,10,65,27,24
648,6,103,79,41,39,93,47,34,102
648,7,78,127,138,46,122,9,112,99
648,8,57,19,63,78,142,108,114,28
648,9,107,63,23,130,69,62,8,105
648,10,123,112,34,56,6,43,135,90
648,11,74,141,86,137,57,76,111,109
648,12,101,141,68,65,48,69,75,77
648,13,84,55,22,56,90,132,136,53
648,14,98,81,94,90,40,79,34,21
648,15,67,138,28,126,113,125,24,39
648,16,65,128,10,16,117,80,126,36
648,17,127,71,120,95,54,19,91,57
648,18,58,131,127,126,57,75,113,81
648,19,115,18,30,87,142,19,33,86
648,20,62,77,55,3,5,123,16,1
648,21,97,8,120,114,88,29,47,122
648,22,5,130,13,57,44,88,135,86
648,23,39,75,86,118,133,17,112,69
648,24,47,10,85,100,129,18,143,102
648,25,140,7,9,90,34,19,93,121
648,26,92,94,46,123,77,76,143,7
648,27,139,28,62,23,93,14,27,30
648,28,116,138,142,122,18,13,57,9
648,29,64,122,103,47,57,69,7,18
648,30,66,87,60,6,35,4,34,43
648,31,46,101,131,14,56,94,110,71
648,32,50,100,87,31,127,133,51,78
648,33,102,58,121,22,140,5,125,127
648,34,16,130,114,50,24,120,91,39
648,35,25,130,31,40,112,101,33,136
648,36,38,7,50,94,26,88,29,19
648,37,101,107,50,141,102,57,103,67
648,38,56,31,111,27,129,87,62,116
648,39,73,60,109,75,124,51,90,18
648,40,33,139,108,5,102,29,6,91
648,41,31,125,28,119,37,18,89,43
648,42,12,95,105,93,34,52,49,113
648,43,142,84,16,15,76,59,113,120
648,44,76,87,24,4,8,102,59,27
649,3,39,143,77,67,79,2,16,44
649,4,102,14,105,32,42,85,43,23
649,5,8,36,102,124,31,98,54,82
649,6,41,35,80,55,117,73,123,137
649,7,99,61,27,64,93,81,62,110
649,8,61,2,6,121,109,128,23,119
649,9,83,142,49,126,117,44,88,34
649,10,20,94,86,99,134,90,101,4
649,11,99,82,0,79,7,104,137,140
649,12,65,2,114,5,28,142,25,70
649,13,101,89,57,49,126,84,65,26
649,14,7,40,34,117,52,116,103,19
649,15,39,123,134,94,129,124,128,24
649,16,28,116,43,114,107,57,93,0
649,17,40,95,126,19,94,72,98,54
649,18,131,34,58,45,53,77,1,57
649,19,109,87,130,107,143,108,5,105
649,20,55,17,46,76,62,82,91,90
649,21,80,135,23,12,120,85,97,95
649,22,0,130,20,102,57,77,86,13
649,23,61,88,85,126,133,82,79,1
649,24,137,10,117,102,60,64,129,113
649,25,140,7,121,95,9,34,19,139
649,26,72,51,13,76,123,79,113,93
649,27,139,87,41,46,24,137,115,124
649,28,18,9,75,36,116,14,143,77
649,29,64,48,103,123,5,111,68,18
649,30,6,0,4,34,5,38,60,125
649,31,111,101,31,46,83,94,89,99
649,32,26,116,34,130,85,100,133,32
649,33,102,121,61,51,70,100,58,3
649,34,75,78,110,143,103,28,38,21
649,35,27,0,57,41,102,130,119,10
649,36,123,8,1,6,110,20,143,63
649,37,141,142,94,98,105,108,93,68
649,38,73,53,129,20,24,141,83,33
649,39,83,132,90,42,135,130,110,21
649,40,102,139,77,29,40,26,132,91
649,41,41,125,138,18,9,137,23,128
649,42,23,105,113,12,136,2,34,52
649,43,47,113,142,110,90,16,11,83
649,44,24,116,76,130,141,49,107,125
650,3,80,102,45,56,62,125,78,83
650,4,46,110,81,58,77,44,14,64
650,5,43,73,36,11,15,89,13,115
650,6,78,130,68,142,121,34,73,139
650,7,98,87,24,71,105,8,122,134
650,8,43,126,9,118,59,114,96,56
650,9,141,9,30,134,113,111,119,3
650,10,102,42,127,56,24,23,126,41
650,11,6,138,120,82,35,79,29,102
650,12,65,11,137,130,55,6,54,21
650,13,6,56,49,42,66,59,140,84
650,14,100,64,40,45,103,138,19,69
650,15,59,109,66,3,24,29,4,131
650,16,87,101,108,46,116,19,132,43
650,17,95,54,39,63,116,138,117,88
650,18,58,131,53,48,57,136,134,126
650,19,115,103,25,87,105,71,142,37
650,20,123,5,39,82,67,62,91,16
650,21,105,97,116,88,36,9,109,63
650,22,57,13,55,33,106,5,93,46
650,23,43,28,82,134,101,80,133,60
650,24,10,0,140,64,94,129,22,50
650,25,7,140,95,139,29,121,70,19
650,26,79,13,113,135,122,72,123,19
650,27,87,119,41,46,139,137,115,12
650,28,18,98,9,122,86,119,143,126
650,29,48,111,103,42,24,29,38,73
650,30,0,6,114,4,21,38,34,80
650,31,111,99,102,89,37,80,130,29
650,32,130,80,66,17,13,59,12,120
650,33,121,102,17,129,79,32,94,3
650,34,110,130,143,75,47,34,78,91
650,35,27,0,130,18,82,57,120,10
650,36,123,38,94,101,85,1,45,63
650,37,141,142,93,102,86,33,135,72
650,38,73,53,141,83,33,121,27,25
650,39,83,110,134,132,23,57,71,130
650,40,102,139,90,29,78,132,88,91
650,41,41,25,45,138,125,9,86,137
650,42,70,9,69,12,39,136,113,126
650,43,49,47,44,110,78,11,93,90
650,44,113,118,61,130,141,24,120,49
651,3,2,41,24,67,93,43,8,118
651,4,129,38,61,20,11,12,130,63
651,5,55,6,116,95,141,106,127,120
651,6,46,120,35,118,92,138,90,54
651,7,112,21,19,132,12,43,95,60
651,8,28,139,124,133,68,128,47,39
651,9,49,83,115,130,142,81,15,86
651,10,134,88,86,101,140,37,85,77
651,11,67,111,49,99,142,143,55,7
651,12,71,24,5,142,70,87,103,77
651,13,56,101,3,89,90,84,130,110
651,14,7,40,113,8,0,52,103,9
651,15,40,98,39,70,131,90,76,124
651,16,125,60,80,32,114,0,36,67
651,17,53,60,10,54,39,19,121,98
651,18,6,114,0,68,115,45,117,77
651,19,25,129,33,95,103,54,93,72
651,20,74,1,14,5,17,46,123,81
651,21,120,20,110,115,141,17,89,129
651,22,19,111,78,102,137,37,55,138
651,23,68,61,42,49,104,133,82,78
651,24,80,44,112,10,129,46,113,20
651,25,7,81,139,136,5,112,29,109
651,26,92,110,47,123,108,113,90,134
651,27,107,139,59,41,90,129,70,46
651,28,9,18,122,96,58,61,132,143
651,29,28,5,92,103,24,58,100,1
651,30,63,10,6,0,136,100,1,60
651,31,130,31,37,14,111,51,122,28
651,32,109,31,100,36,89,51,71,83
651,33,121,100,108,125,30,79,8,71
651,34,132,110,78,139,2,120,114,130
651,35,21,0,27,18,12,130,93,117
651,36,14,85,101,110,94,64,19,26
651,37,141,33,23,129,97,5,85,71
651,38,62,20,25,55,53,98,58,27
651,39,83,12,100,42,17,71,21,132
651,40,122,102,121,11,21,132,113,29
651,41,109,41,102,18,67,136,95,138
651,42,96,135,121,84,9,32,2,42
651,43,112,132,110,47,140,36,3,69
651,44,51,123,130,99,85,143,141,49
652,3,2,24,41,67,93,70,32,8
652,4,95,86,112,68,63,115,79,107
652,5,31,42,127,51,139,86,85,66
652,6,52,40,138,133,70,118,48,37
652,7,112,22,124,12,36,105,130,19
652,8,28,68,95,51,139,16,30,71
652,9,49,81,88,142,125,86,47,7
652,10,85,99,20,134,14,18,101,140
652,11,67,104,73,5,143,121,115,46
652,12,103,71,70,5,117,82,87,33
652,13,56,101,89,65,84,59,110,119
652,14,7,40,113,52,58,24,111,91
652,15,39,98,27,124,128,90,93,131
652,16,125,114,0,54,45,36,43,28
652,17,19,53,10,94,98,91,11,73
652,18,77,45,58,17,68,37,117,137
652,19,115,130,5,114,25,84,54,68
652,20,17,76,93,74,40,123,53,39
652,21,123,20,142,80,47,3,139,1
652,22,19,130,36,102,137,117,42,120
652,23,82,61,104,133,101,11,85,78
652,24,10,102,112,64,73,125,109,129
652,25,81,7,140,31,114,129,43,139
652,26,123,10,92,58,52,134,108,89
652,27,107,115,28,139,90,46,43,124
652,28,9,96,45,54,31,134,63,4
652,29,28,103,100,109,58,5,92,41
652,30,63,0,10,6,104,16,42,1
652,31,37,111,31,14,46,99,26,28
652,32,31,100,89,35,45,41,36,109
652,33,108,121,125,102,130,11,43,30
652,34,132,78,110,26,140,62,139,130
652,35,0,27,18,124,130,9,21,93
652,36,14,135,85,19,6,110,140,134
652,37,141,23,129,9,93,61,135,105
652,38,107,48,83,20,58,62,70,25
652,39,12,83,10,7,17,118,132,62
652,40,102,121,11,139,69,29,21,71
652,41,9,41,18,77,138,128,137,92
652,42,121,9,2,111,42,39,55,136
652,43,47,110,60,12,7,104,120,83
652,44,120,49,24,80,38,135,141,64
653,3,143,136,67,45,76,51,52,26
653,4,6,76,53,119,127,7,48,108
653,5,20,41,55,35,32,12,98,117
653,6,94,35,81,69,3,73,24,19
653,7,18,103,112,40,73,74,83,141
653,8,28,30,118,11,25,44,127,68
653,9,102,49,13,142,128,121,122,42
653,10,32,14,86,20,40,98,9,84
653,11,67,73,61,22,115,1,31,97
653,12,71,77,70,36,117,60,103,4
653,13,56,89,90,119,23,141,97,30
653,14,40,122,7,24,97,52,117,57
653,15,98,63,96,39,40,128,112,124
653,16,36,60,25,136,32,0,116,20
653,17,53,109,54,57,19,139,91,16
653,18,6,68,58,137,114,115,117,45
653,19,25,72,103,33,114,30,17,130
653,20,74,17,1,5,14,39,123,97
653,21,13,47,31,120,123,119,110,78
653,22,19,137,12,45,55,130,102,138
653,23,44,55,82,85,133,112,30,99
653,24,112,29,10,46,20,129,125,41
653,25,7,81,105,89,139,93,5,9
653,26,92,47,123,113,19,57,126,99
653,27,70,41,133,30,107,72,26,82
653,28,122,9,31,130,18,10,134,120
653,29,103,58,5,24,1,100,41,62
653,30,0,6,74,135,87,86,16,104
653,31,37,111,130,63,51,105,14,136
653,32,100,31,133,41,76,66,74,119
653,33,125,108,130,79,46,120,8,138
653,34,132,133,78,139,86,62,110,140
653,35,0,124,129,66,42,31,79,116
653,36,23,6,85,135,97,143,42,61
653,37,141,22,9,0,117,88,108,61
653,38,107,67,20,139,62,25,98,48
653,39,52,42,2,85,62,83,135,75
653,40,102,11,44,63,121,139,124,23
653,41,9,138,18,120,137,112,122,92
653,42,111,101,121,113,9,42,122,5
653,43,116,22,110,83,47,53,107,124
653,44,120,64,41,17,125,24,34,109
654,3,23,103,78,94,54,63,12,2
654,4,114,23,122,142,94,85,135,60
654,5,112,92,123,90,95,102,36,72
654,6,17,22,64,30,48,39,73,57
654,7,41,134,14,55,25,8,2,75
654,8,77,43,15,124,45,30,114,106
654,9,23,87,28,51,96,98,131,35
654,10,112,143,54,22,63,65,68,80
654,11,125,57,100,52,78,101,0,94
654,12,77,127,98,101,33,71,94,25
654,13,22,70,40,56,60,90,36,97
654,14,103,40,98,31,95,122,23,57
654,15,119,45,98,96,48,40,24,76
654,16,116,100,80,25,13,43,67,20
654,17,39,102,88,138,4,95,116,85
654,18,122,115,34,77,3,70,132,12
654,19,71,94,33,121,32,73,118,105
654,20,69,27,79,1,119,39,47,91
654,21,34,110,120,9,63,33,26,4
654,22,140,50,122,98,90,94,51,19
654,23,124,132,98,76,64,2,133,41
654,24,2,96,77,54,110,74,119,104
654,25,54,65,29,139,140,9,5,81
654,26,30,47,51,13,122,84,111,79
654,27,135,27,137,46,48,63,24,54
654,28,13,83,74,98,33,2,46,95
654,29,3,42,103,50,74,43,68,30
654,30,79,80,110,87,70,38,60,114
654,31,105,139,39,122,37,118,100,85
654,32,6,13,133,19,80,130,114,120
654,33,121,85,130,19,143,59,71,129
654,34,38,45,26,104,42,14,132,29
654,35,28,38,130,124,27,46,33,39
654,36,17,69,111,26,25,117,84,143
654,37,92,20,107,135,27,102,45,99
654,38,117,10,53,121,68,84,31,80
654,39,60,143,43,86,7,83,134,108
654,40,29,121,79,107,65,136,101,68
654,41,57,87,45,138,6,28,82,91
654,42,62,122,139,70,127,108,113,1
654,43,5,24,131,53,7,119,139,23
654,44,120,28,29,73,66,40,117,130
655,3,111,31,134,25,109,119,3,94
655,4,131,85,98,41,32,38,90,136
655,5,129,35,44,135,54,19,87,51
655,6,143,41,93,79,133,84,6,120
655,7,134,112,127,120,39,46,18,75
655,8,57,19,88,122,62,124,108,8
655,9,28,82,23,8,81,130,127,98
655,10,112,34,89,135,131,90,39,72
655,11,109,141,67,139,21,18,74,20
655,12,77,32,101,141,33,133,98,4
655,13,22,55,56,1,59,101,119,84
655,14,24,98,7,19,40,52,81,110
655,15,125,98,28,96,39,67,76,81
655,16,36,65,19,25,117,0,114,92
655,17,91,127,53,10,54,81,57,16
655,18,58,131,68,117,126,136,53,127
655,19,115,25,103,5,30,122,72,19
655,20,123,17,11,77,93,5,40,74
655,21,97,122,29,8,47,106,64,114
655,22,5,55,134,120,130,13,110,57
655,23,39,82,86,17,75,85,133,134
655,24,29,10,85,64,47,38,33,18
655,25,7,140,81,138,19,125,114,31
655,26,123,94,46,99,5,92,138,77
655,27,139,98,124,107,90,8,27,105
655,28,9,116,138,122,47,61,10,8
655,29,64,62,124,103,65,1,75,87
655,30,6,0,89,60,5,131,14,16
655,31,111,78,37,46,70,14,143,9
655,32,31,50,64,133,26,36,27,33
655,33,22,138,125,29,121,129,11,79
655,34,133,122,132,62,139,9,40,75
655,35,0,116,31,143,27,14,97,38
655,36,50,99,48,68,97,129,100,6
655,37,141,22,51,88,9,119,72,128
655,38,56,129,62,71,107,80,54,69
655,39,8,124,17,52,83,60,21,88
655,40,102,108,33,114,11,32,81,89
655,41,119,31,111,55,18,117,38,59
655,42,93,122,83,5,91,88,51,42
655,43,22,84,36,137,66,83,124,93
655,44,27,8,111,120,50,65,5,126
656,3,78,80,102,37,12,62,134,32
656,4,46,81,110,137,65,136,23,85
656,5,73,17,9,67,41,51,114,103
656,6,68,78,89,130,41,121,102,34
656,7,130,87,105,98,115,25,122,104
656,8,43,60,110,2,124,114,24,118
656,9,141,134,117,93,139,73,101,40
656,10,5,24,23,56,126,63,90,123
656,11,4,138,6,99,74,71,131,134
656,12,78,70,103,34,5,25,50,117
656,13,89,97,9,65,12,119,101,126
656,14,40,7,113,77,0,72,8,114
656,15,39,27,124,128,38,131,94,1
656,16,43,116,125,34,112,67,93,26
656,17,95,94,39,58,49,108,85,96
656,18,77,45,23,87,9,137,113,41
656,19,0,94,105,87,36,54,20,33
656,20,122,76,103,39,91,47,82,34
656,21,110,63,64,116,15,61,132,134
656,22,57,62,30,139,109,65,55,13
656,23,129,134,98,72,101,11,6,82
656,24,94,143,102,90,10,64,19,84
656,25,7,81,118,140,107,117,43,16
656,26,123,10,103,99,130,137,7,143
656,27,139,118,97,2,88,28,90,94
656,28,9,45,29,14,65,140,98,125
656,29,47,16,20,18,131,46,92,142
656,30,6,35,119,89,0,60,45,23
656,31,99,119,111,46,56,37,31,65
656,32,100,120,31,22,17,107,78,44
656,33,121,19,24,102,104,31,143,115
656,34,21,78,120,135,143,28,130,38
656,35,130,27,38,18,48,19,25,122
656,36,38,141,17,108,9,70,26,15
656,37,141,102,113,134,33,92,126,7
656,38,121,111,73,1,53,122,88,71
656,39,83,80,51,60,131,67,23,110
656,40,102,121,29,139,101,65,143,91
656,41,41,86,128,138,10,87,65,20
656,42,114,100,51,20,113,91,93,9
656,43,119,5,24,47,116,84,124,66
656,44,27,111,120,6,8,125,5,49
657,3,38,34,35,31,130,45,55,73
657,4,131,141,118,101,9,108,66,63
657,5,86,127,104,51,98,115,72,44
657,6,133,2,115,10,89,102,18,117
657,7,138,93,18,79,9,112,85,75
657,8,19,53,76,88,124,58,11,30
657,9,107,29,8,132,37,57,5,104
657,10,123,43,76,112,18,125,24,66
657,11,72,74,96,141,67,88,19,52
657,12,141,47,22,101,13,77,32,33
657,13,55,56,75,1,22,59,119,84
657,14,24,98,81,40,121,52,110,21
657,15,138,67,98,96,82,125,81,124
657,16,36,65,128,117,25,92,0,116
657,17,127,91,53,96,16,71,120,57
657,18,68,127,58,6,136,117,89,76
657,19,25,30,19,18,103,45,72,115
657,20,77,74,1,123,5,35,93,102
657,21,97,114,8,2,130,13,120,122
657,22,5,19,55,130,40,13,120,36
657,23,39,86,17,82,75,112,33,133
657,24,29,47,85,10,18,46,64,142
657,25,7,81,9,29,19,93,22,136
657,26,92,94,123,47,126,46,72,13
657,27,133,139,107,28,45,30,137,27
657,28,116,122,138,130,119,137,18,10
657,29,64,103,44,62,5,124,29,92
657,30,6,0,87,60,43,42,74,16
657,31,111,78,14,130,105,99,101,61
657,32,31,50,34,61,128,85,133,100
657,33,22,125,121,102,138,81,30,58
657,34,133,132,139,75,9,91,110,51
657,35,0,116,31,1,27,14,117,16
657,36,99,129,6,68,19,92,48,50
657,37,141,22,51,88,96,61,126,85
657,38,56,129,48,71,53,54,47,128
657,39,124,17,62,21,135,83,90,118
657,40,102,33,108,28,139,132,32,65
657,41,119,31,18,137,125,41,89,26
657,42,93,23,113,136,114,17,5,108
657,43,84,116,83,16,110,137,139,53
657,44,27,8,5,24,125,105,126,49
658,3,124,141,45,17,123,39,51,108
658,4,110,34,7,121,37,23,17,85
658,5,103,77,127,104,42,8,15,16
658,6,136,52,142,57,108,135,74,117
658,7,124,61,75,132,14,89,112,46
658,8,88,44,121,2,45,124,142,69
658,9,8,130,116,86,75,98,117,1
658,10,102,57,43,90,0,52,65,14
658,11,82,74,110,137,139,67,135,102
658,12,32,90,65,4,28,33,101,30
658,13,1,59,56,101,89,110,57,65
658,14,24,7,49,40,110,94,52,19
658,15,24,112,98,81,96,39,23,124
658,16,36,0,121,22,25,116,114,83
658,17,91,54,10,127,16,41,98,50
658,18,58,126,131,53,89,117,68,136
658,19,115,103,25,122,75,90,72,33
658,20,17,11,123,93,136,5,1,0
658,21,97,112,47,17,142,106,123,92
658,22,5,46,120,55,42,25,4,130
658,23,82,39,44,42,131,12,112,133
658,24,10,112,114,64,142,129,73,84
658,25,7,140,81,43,136,11,93,59
658,26,126,123,113,124,92,77,53,47
658,27,139,133,107,108,28,129,124,27
658,28,119,116,130,6,9,127,10,83
658,29,64,44,103,36,92,41,5,1
658,30,6,0,87,89,60,74,100,93
658,31,1,78,61,130,34,14,101,99
658,32,31,51,61,133,64,89,50,114
658,33,125,138,102,81,58,121,22,142
658,34,132,75,110,104,28,9,120,70
658,35,0,143,117,27,76,1,97,10
658,36,99,19,97,107,68,123,6,143
658,37,51,141,88,56,10,61,106,97
658,38,56,129,128,48,73,53,47,114
658,39,17,135,83,62,7,86,42,90
658,40,102,77,6,139,81,132,48,140
658,41,116,18,112,41,65,31,89,138
658,42,113,136,9,114,37,100,5,134
658,43,100,47,125,90,116,122,135,110
658,44,24,27,122,130,125,135,49,17
659,3,73,70,143,89,4,76,54,15
659,4,13,122,10,79,95,63,99,76
659,5,102,124,77,104,132,83,31,134
659,6,3,83,94,35,28,7,82,52
659,7,99,110,112,139,93,65,103,75
659,8,28,128,65,124,122,42,37,6
659,9,142,88,8,1,49,44,102,96
659,10,14,90,140,15,82,9,126,86
659,11,82,61,105,67,104,5,0,7
659,12,70,78,47,5,17,134,52,3
659,13,89,93,97,84,65,110,23,101
659,14,117,122,52,40,116,0,38,80
659,15,39,134,94,128,80,124,84,14
659,16,13,114,121,116,123,105,131,96
659,17,10,77,16,112,41,133,109,98
659,18,88,19,108,131,102,1,34,113
659,19,5,115,130,86,143,80,72,75
659,20,17,1,76,22,55,123,47,14
659,21,20,142,14,95,106,93,116,23
659,22,20,102,37,130,62,78,19,61
659,23,82,61,104,78,29,133,42,63
659,24,112,117,10,105,114,82,113,129
659,25,7,140,81,138,113,1,5,93
659,26,92,134,47,57,126,113,77,111
659,27,139,111,107,129,133,137,46,103
659,28,9,13,83,61,81,87,60,119
659,29,64,103,62,19,92,41,36,122
659,30,87,60,6,122,139,43,100,119
659,31,93,34,85,99,14,46,143,109
659,32,31,34,85,72,100,51,59,63
659,33,102,138,125,81,51,79,33,141
659,34,110,105,9,114,120,75,70,132
659,35,27,0,143,1,36,4,10,82
659,36,99,23,129,68,19,14,6,48
659,37,141,96,88,61,97,126,51,136
659,38,56,71,129,122,48,47,53,115
659,39,17,39,135,118,83,21,100,10
659,40,102,132,77,139,44,26,48,81
659,41,18,41,115,137,138,89,74,26
659,42,113,84,136,9,23,83,121,51
659,43,83,110,47,97,132,104,54,14
659,44,130,49,135,51,141,80,124,40
660,3,118,18,4,26,64,63,24,3
660,4,125,105,29,7,100,86,9,137
660,5,130,22,88,8,10,102,4,76
660,6,105,3,123,83,20,69,42,78
660,7,22,94,50,66,0,112,102,1
660,8,95,11,46,143,49,29,26,0
660,9,8,143,13,71,21,122,86,96
660,10,94,101,32,85,72,134,83,24
660,11,82,67,0,89,139,19,52,98
660,12,65,70,117,142,5,46,90,103
660,13,23,110,101,89,56,44,90,59
660,14,7,24,52,91,70,40,23,103
660,15,120,81,39,98,63,124,42,106
660,16,36,121,114,0,137,25,116,80
660,17,10,54,91,16,19,77,53,109
660,18,58,53,131,126,101,71,8,34
660,19,115,103,5,36,25,122,130,72
660,20,17,93,123,1,55,76,91,136
660,21,142,102,47,123,97,64,141,120
660,22,19,62,130,137,55,78,120,17
660,23,82,42,114,101,133,112,134,57
660,24,112,10,137,142,140,105,38,43
660,25,7,81,93,69,114,29,140,9
660,26,126,113,13,57,135,130,51,124
660,27,133,131,115,0,107,121,124,46
660,28,130,18,67,46,86,106,120,140
660,29,48,103,29,44,42,64,0,111
660,30,0,21,89,75,6,50,58,74
660,31,102,79,123,130,83,106,37,14
660,32,130,85,80,31,133,59,64,17
660,33,17,106,51,138,131,139,102,125
660,34,75,47,104,73,26,42,20,62
660,35,57,76,41,28,9,10,0,124
660,36,97,51,13,113,143,15,123,101
660,37,8,135,61,142,88,48,9,92
660,38,73,27,47,113,56,104,62,120
660,39,135,104,134,86,60,42,52,34
660,40,77,102,139,48,61,5,132,101
660,41,18,138,137,21,112,45,115,58
660,42,23,121,136,113,55,70,12,108
660,43,36,11,110,124,24,44,90,53
660,44,129,40,34,80,24,130,125,36
661,3,78,80,37,102,45,62,125,56
661,4,46,110,81,77,49,44,140,94
661,5,43,11,93,23,42,111,104,26
661,6,78,130,68,142,121,34,85,139
661,7,98,87,24,25,122,105,71,11
661,8,43,126,114,118,110,128,95,96
661,9,141,9,30,117,134,3,83,36
661,10,102,56,42,127,41,126,24,49
661,11,6,138,120,35,101,82,29,64
661,12,137,11,65,55,131,6,71,25
661,13,140,90,6,42,59,143,49,60
661,14,103,45,100,78,138,64,9,40
661,15,59,109,3,66,44,131,4,29
661,16,87,101,50,80,108,98,46,25
661,17,39,116,138,16,95,102,54,60
661,18,132,115,134,122,48,70,114,51
661,19,118,71,121,32,129,37,94,33
661,20,31,54,1,69,46,119,120,89
661,21,120,105,34,66,110,63,71,103
661,22,19,106,55,57,138,78,98,33
661,23,134,28,114,82,112,124,6,60
661,24,140,0,94,142,22,126,2,32
661,25,7,139,29,121,70,31,66,93
661,26,126,13,79,72,113,123,135,122
661,27,137,46,87,42,11,41,27,124
661,28,18,98,86,46,126,67,119,143
661,29,48,42,29,103,38,111,41,89
661,30,0,21,114,116,4,75,6,89
661,31,102,78,89,69,108,99,2,28
661,32,130,80,44,25,138,17,66,12
661,33,17,106,131,121,102,129,85,8
661,34,75,110,47,73,26,38,82,136
661,35,57,27,0,9,36,124,28,10
661,36,123,97,128,51,101,143,18,15
661,37,141,142,86,135,93,61,99,44
661,38,73,113,141,108,104,53,32,20
661,39,134,104,83,132,135,110,23,53
661,40,102,61,139,90,78,53,132,29
661,41,25,45,58,39,41,137,21,123
661,42,70,136,69,12,113,55,9,39
661,43,49,11,78,44,47,93,126,110
661,44,113,118,61,112,141,36,34,24
662,3,18,120,60,106,102,3,46,136
662,4,35,95,129,38,10,54,3,109
662,5,86,54,6,70,116,84,98,31
662,6,83,3,94,42,46,53,123,11
662,7,112,74,75,19,137,65,12,99
662,8,99,28,119,6,141,53,139,62
662,9,1,11,27,142,88,128,135,67
662,10,14,40,37,9,140,35,59,48
662,11,22,67,111,49,0,105,73,66
662,12,24,9,99,70,95,103,115,71
662,13,56,101,128,84,90,49,5,13
662,14,122,117,40,68,103,115,90,52
662,15,96,129,121,69,70,14,128,124
662,16,80,114,106,57,10,30,116,125
662,17,30,88,39,126,111,118,64,19
662,18,136,53,115,58,131,106,37,104
662,19,33,115,32,95,64,103,84,133
662,20,120,63,46,1,65,3,39,26
662,21,120,68,87,133,47,98,58,130
662,22,138,19,130,141,78,134,117,70
662,23,130,44,89,42,82,133,38,12
662,24,115,22,10,46,112,13,16,12
662,25,22,140,81,34,9,121,5,30
662,26,92,96,47,13,141,126,77,106
662,27,139,26,108,129,23,122,28,107
662,28,121,140,18,128,96,71,60,132
662,29,137,103,92,5,89,47,41,113
662,30,89,60,0,6,87,83,46,119
662,31,76,62,26,89,46,136,81,130
662,32,0,109,106,17,116,59,62,52
662,33,102,87,5,81,137,79,11,127
662,34,103,110,1,45,79,78,28,65
662,35,45,31,128,130,117,10,21,101
662,36,108,7,1,70,26,88,94,129
662,37,76,33,101,102,129,108,141,57
662,38,104,19,62,20,56,112,26,23
662,39,17,42,118,132,90,20,44,135
662,40,122,5,102,139,92,137,39,93
662,41,43,67,125,123,23,89,4,137
662,42,12,136,84,34,114,96,10,42
662,43,132,83,142,112,109,103,15,110
662,44,76,83,24,17,135,140,49,85
663,3,53,47,109,119,12,37,8,129
663,4,17,85,23,14,125,60,7,63
663,5,102,60,35,124,47,53,106,93
663,6,69,134,37,123,83,11,8,50
663,7,33,134,66,75,8,9,62,23
663,8,5,109,26,101,99,138,71,61
663,9,15,117,88,120,24,125,90,132
663,10,54,139,37,27,39,90,103,14
663,11,38,134,66,135,104,86,2,67
663,12,43,89,24,103,71,29,99,28
663,13,103,90,101,13,132,30,5,84
663,14,30,107,122,117,40,103,112,9
663,15,41,110,69,121,70,129,126,96
663,16,74,80,143,107,25,55,116,106
663,17,30,19,39,94,139,16,11,60
663,18,137,71,53,115,37,106,58,126
663,19,114,64,95,32,48,38,143,109
663,20,1,52,46,17,120,3,65,22
663,21,120,58,80,98,23,116,64,107
663,22,138,85,19,42,20,0,130,141
663,23,42,133,85,36,101,61,12,46
663,24,13,115,121,10,46,102,131,113
663,25,34,51,81,140,5,90,121,22
663,26,77,92,47,57,141,126,96,53
663,27,139,23,129,28,25,47,122,26
663,28,85,121,96,13,128,10,142,57
663,29,103,47,11,34,7,137,92,0
663,30,89,87,60,66,35,83,6,86
663,31,46,136,26,62,105,135,7,86
663,32,137,100,51,73,68,87,127,29
663,33,58,102,5,81,79,143,100,127
663,34,41,120,52,79,114,16,51,72
663,35,25,54,130,107,21,120,12,112
663,36,38,7,108,26,49,133,119,19
663,37,101,102,67,76,105,108,136,107
663,38,53,24,50,114,62,119,76,65
663,39,60,44,17,76,18,42,51,99
663,40,71,5,92,79,6,132,137,29
663,41,125,28,23,65,92,138,89,43
663,42,12,114,52,7,78,34,5,110
663,43,142,15,116,83,103,76,135,120
663,44,76,24,87,33,56,17,125,59
664,3,39,143,77,67,2,79,16,48
664,4,105,14,102,42,23,43,17,51
664,5,124,136,8,102,82,51,18,26
664,6,35,83,123,80,117,73,74,12
664,7,99,139,13,19,83,114,64,81
664,8,61,6,128,121,50,21,72,71
664,9,64,83,142,126,49,88,34,117
664,10,20,94,81,77,69,12,25,89
664,11,99,79,67,0,15,53,140,30
664,12,65,2,83,114,17,28,25,70
664,13,101,112,84,65,90,126,30,37
664,14,7,52,34,0,40,69,140,73
664,15,123,39,134,6,129,35,41,131
664,16,43,28,116,74,92,0,107,93
664,17,19,72,40,30,94,75,126,115
664,18,58,131,53,71,73,126,137,57
664,19,115,87,105,109,108,66,8,114
664,20,17,46,76,62,44,55,123,91
664,21,80,116,135,74,11,107,1,38
664,22,0,20,42,130,13,77,29,141
664,23,82,88,85,133,105,48,101,126
664,24,10,105,24,137,112,117,60,139
664,25,140,34,81,5,9,11,121,114
664,26,92,57,77,70,123,85,126,13
664,27,139,108,85,122,137,129,78,90
664,28,58,57,140,93,13,142,132,124
664,29,103,49,18,27,47,79,5,58
664,30,89,66,6,87,35,34,12,20
664,31,122,31,62,46,130,89,94,76
664,32,116,97,52,100,34,121,74,31
664,33,102,121,58,5,8,11,79,141
664,34,41,110,72,103,114,143,120,55
664,35,54,130,84,41,25,117,10,120
664,36,38,7,70,40,17,143,59,1
664,37,108,102,57,136,96,126,107,88
664,38,24,65,112,34,56,20,111,115
664,39,51,17,42,118,20,80,87,137
664,40,79,14,71,32,39,27,113,23
664,41,65,18,20,125,26,89,136,138
664,42,58,113,52,114,12,83,31,10
664,43,98,15,84,142,116,113,107,83
664,44,56,24,135,76,34,33,125,53
665,3,89,2,4,93,96,109,85,61
665,4,2,42,90,63,121,22,6,76
665,5,132,131,35,84,54,74,23,51
665,6,83,103,94,112,73,3,39,35
665,7,130,131,67,22,112,87,19,18
665,8,28,34,13,105,6,121,84,55
665,9,142,47,66,46,44,122,64,102
665,10,2,121,26,15,40,103,5,25
665,11,9,76,56,128,31,82,113,121
665,12,65,83,58,69,105,70,17,28
665,13,137,48,26,34,126,33,53,97
665,14,113,115,11,140,39,67,109,131
665,15,27,94,126,39,24,6,41,135
665,16,56,43,116,74,10,48,129,3
665,17,20,113,30,88,94,42,81,39
665,18,58,131,126,53,77,136,123,37
665,19,115,87,103,33,105,25,64,122
665,20,123,5,55,62,11,14,39,91
665,21,97,38,36,88,142,11,116,47
665,22,55,120,130,70,11,17,57,80
665,23,82,43,72,11,99,133,134,45
665,24,10,64,94,143,19,112,132,104
665,25,7,140,31,95,43,67,117,121
665,26,123,113,13,45,19,138,103,122
665,27,139,87,41,119,124,46,133,137
665,28,9,18,93,10,57,14,36,91
665,29,18,47,73,118,66,103,134,69
665,30,89,20,6,100,66,93,60,127
665,31,62,66,110,46,31,19,94,89
665,32,34,31,100,97,120,129,62,121
665,33,102,121,70,141,71,81,79,8
665,34,41,110,55,120,35,28,137,72
665,35,54,84,41,130,10,123,14,120
665,36,38,7,70,63,1,17,50,26
665,37,57,6,108,61,96,142,136,102
665,38,24,112,53,36,65,62,18,6
665,39,17,51,27,118,109,47,80,44
665,40,93,39,92,27,23,14,71,125
665,41,20,65,115,40,26,18,138,137
665,42,58,113,129,31,108,91,10,34
665,43,15,32,83,142,31,113,16,103
665,44,76,33,102,135,89,24,17,126
666,3,68,0,134,102,99,9,141,103
666,4,38,100,83,60,23,2,7,99
666,5,5,75,23,67,52,32,19,115
666,6,12,40,73,27,39,70,61,100
666,7,140,57,72,123,33,44,14,35
666,8,51,5,108,111,60,40,139,91
666,9,32,140,64,117,67,36,40,5
666,10,27,116,139,79,90,89,55,143
666,11,70,135,46,67,110,21,39,89
666,12,103,120,65,96,138,95,47,76
666,13,27,45,101,91,17,90,56,134
666,14,31,103,27,42,122,67,23,66
666,15,121,33,127,131,41,69,91,106
666,16,80,3,24,100,57,116,69,60
666,17,88,39,60,138,43,1,105,87
666,18,115,53,122,132,34,140,106,23
666,19,32,71,33,42,118,73,64,105
666,20,82,79,5,46,93,103,13,40
666,21,110,115,111,96,133,113,63,27
666,22,57,12,130,19,23,29,18,37
666,23,134,133,101,98,112,114,3,72
666,24,22,90,56,86,65,63,54,26
666,25,7,140,121,117,31,69,81,114
666,26,137,7,92,123,110,126,47,118
666,27,133,27,137,28,121,25,0,115
666,28,57,27,36,120,13,140,18,39
666,29,47,103,18,25,7,41,5,120
666,30,89,87,139,66,20,127,6,35
666,31,62,93,46,66,80,59,142,31
666,32,120,34,33,127,134,72,121,31
666,33,102,139,75,128,11,8,5,71
666,34,70,137,9,120,72,91,78,88
666,35,123,41,13,84,130,54,136,10
666,36,38,7,34,106,140,68,70,20
666,37,136,126,96,102,88,90,108,5
666,38,22,71,6,36,122,112,53,143
666,39,17,51,80,26,44,47,118,27
666,40,121,81,92,77,39,113,32,27
666,41,102,115,20,18,138,136,43,65
666,42,114,71,137,104,83,12,34,108
666,43,20,15,113,83,61,36,142,60
666,44,33,76,135,57,126,130,32,34
667,3,3,39,47,140,134,38,119,127
667,4,52,113,22,63,61,109,54,1
667,5,129,105,136,20,17,74,85,98
667,6,37,35,138,110,133,123,42,74
667,7,74,128,27,75,93,61,112,21
667,8,84,0,72,140,115,38,28,110
667,9,44,15,88,142,77,49,60,122
667,10,72,101,94,83,25,77,27,103
667,11,75,99,79,67,43,32,12,142
667,12,111,134,2,142,69,70,65,83
667,13,126,65,89,101,17,84,44,39
667,14,113,50,52,7,40,111,24,94
667,15,90,80,27,131,39,94,35,123
667,16,28,60,43,116,107,0,3,114
667,17,39,19,126,94,10,122,106,98
667,18,45,58,77,53,131,115,41,37
667,19,87,66,33,64,84,32,130,122
667,20,46,76,40,91,17,93,120,55
667,21,80,142,10,106,38,102,31,110
667,22,77,138,11,130,83,0,117,46
667,23,85,82,126,133,57,30,42,101
667,24,10,137,60,14,112,84,16,25
667,25,9,114,140,125,5,34,81,121
667,26,92,51,57,47,13,87,70,19
667,27,67,108,27,97,46,137,112,132
667,28,36,137,128,119,75,110,72,9
667,29,103,120,41,0,33,18,5,113
667,30,89,87,74,60,139,20,66,6
667,31,90,46,124,62,137,83,81,82
667,32,33,34,52,74,46,81,72,28
667,33,128,142,139,102,11,6,63,79
667,34,1,131,120,135,72,75,70,52
667,35,13,123,102,130,87,58,132,128
667,36,16,7,38,133,143,97,48,26
667,37,108,48,61,8,101,96,102,57
667,38,41,59,62,112,71,140,111,53
667,39,17,35,87,20,136,83,42,26
667,40,77,92,69,14,123,113,139,71
667,41,138,115,18,137,28,123,125,111
667,42,23,114,12,123,113,108,51,96
667,43,20,142,70,116,124,113,98,53
667,44,24,116,106,76,125,34,5,132
668,3,126,134,86,104,72,17,54,45
668,4,85,116,63,11,10,88,113,119
668,5,7,30,80,104,12,103,88,9
668,6,142,102,73,48,15,5,16,27
668,7,91,98,122,69,32,130,25,71
668,8,112,43,137,24,126,118,114,55
668,9,64,52,125,139,39,1,32,86
668,10,102,50,128,56,62,69,58,83
668,11,6,106,8,51,132,102,138,101
668,12,57,131,6,55,28,116,138,18
668,13,46,90,13,6,42,30,98,0
668,14,64,103,73,45,9,112,138,28
668,15,109,2,142,68,69,127,59,77
668,16,75,80,108,45,96,98,14,25
668,17,64,30,39,60,117,76,16,87
668,18,115,114,11,103,106,20,132,119
668,19,64,32,38,111,33,20,71,1
668,20,1,46,54,83,120,5,67,3
668,21,120,62,98,110,113,124,52,72
668,22,138,19,94,106,37,48,78,130
668,23,64,40,59,42,133,112,114,124
668,24,32,22,115,90,140,81,126,103
668,25,16,81,125,9,139,93,24,7
668,26,92,47,13,135,118,87,19,110
668,27,23,78,28,59,112,133,137,43
668,28,13,36,60,121,18,67,10,126
668,29,15,38,47,103,92,20,34,18
668,30,87,21,60,35,66,6,40,114
668,31,136,74,130,62,102,46,137,113
668,32,0,68,12,72,13,73,100,60
668,33,128,102,40,5,125,35,101,70
668,34,78,120,143,72,33,60,79,16
668,35,25,130,19,101,73,87,54,129
668,36,38,7,16,26,46,141,25,133
668,37,101,102,60,26,57,108,53,67
668,38,80,53,23,111,100,62,19,40
668,39,17,80,23,99,88,51,118,136
668,40,79,92,139,132,51,23,21,71
668,41,43,108,65,28,20,66,137,138
668,42,12,114,123,44,136,34,108,5
668,43,142,34,70,16,116,83,98,93
668,44,76,24,87,89,114,135,33,140
669,3,41,93,91,109,112,15,4,13
669,4,42,102,105,83,52,122,135,3
669,5,82,20,51,95,16,11,52,23
669,6,16,86,123,58,35,138,46,114
669,7,60,5,112,15,39,95,80,92
669,8,61,128,6,21,9,122,71,26
669,9,115,31,49,142,43,66,128,52
669,10,20,86,11,89,90,36,15,137
669,11,53,79,140,62,104,76,142,3
669,12,2,69,83,86,38,75,103,125
669,13,111,101,54,89,84,65,12,112
669,14,131,52,4,58,13,103,22,113
669,15,123,27,39,139,94,6,73,128
669,16,43,28,15,116,107,99,129,12
669,17,72,64,95,133,40,118,106,126
669,18,57,58,41,1,73,131,113,45
669,19,87,101,31,122,1,109,64,130
669,20,94,46,17,40,76,50,15,91
669,21,80,106,135,64,38,23,120,111
669,22,102,18,130,83,13,78,20,42
669,23,42,118,61,85,88,43,40,133
669,24,117,22,44,80,6,95,102,12
669,25,118,136,81,22,5,34,9,140
669,26,77,85,118,7,47,92,87,126
669,27,28,23,85,108,24,90,27,2
669,28,58,66,93,13,27,143,57,124
669,29,49,103,47,18,0,92,113,41
669,30,35,34,89,40,66,136,104,93
669,31,62,124,3,82,86,46,106,56
669,32,116,0,72,100,97,21,81,133
669,33,125,35,79,40,20,143,71,121
669,34,63,110,33,78,143,120,39,88
669,35,19,130,67,50,36,12,25,84
669,36,38,7,19,17,133,1,104,78
669,37,108,102,129,105,60,107,77,67
669,38,111,110,67,20,70,65,137,88
669,39,42,19,75,22,12,18,132,135
669,40,23,111,132,79,121,139,39,32
669,41,20,43,18,26,37,89,21,40
669,42,123,34,136,95,52,111,0,114
669,43,16,98,31,142,83,103,117,82
669,44,102,33,24,76,89,31,17,13
670,3,39,3,47,140,67,88,80,77
670,4,51,87,112,14,102,42,85,34
670,5,20,27,88,139,36,6,15,124
670,6,85,35,47,37,70,108,52,23
670,7,75,22,74,112,26,12,93,137
670,8,0,124,119,50,25,71,3,6
670,9,21,49,42,88,15,64,98,102
670,10,72,36,55,143,110,25,77,137
670,11,99,75,32,12,110,79,142,115
670,12,43,111,109,2,69,1,108,71
670,13,44,45,126,23,3,65,89,84
670,14,50,113,7,52,123,107,40,103
670,15,90,131,39,80,94,123,6,117
670,16,12,3,28,137,69,107,116,60
670,17,39,114,106,139,11,64,31,126
670,18,57,53,37,58,45,11,115,136
670,19,38,64,128,66,48,9,46,53
670,20,24,67,5,46,103,94,62,13
670,21,102,116,137,64,29,80,53,110
670,22,77,130,57,93,11,120,138,134
670,23,82,30,43,133,1,64,85,139
670,24,94,142,64,10,36,110,137,22
670,25,114,117,139,24,70,121,65,54
670,26,30,130,113,126,13,19,7,79
670,27,46,68,27,86,137,121,133,97
670,28,18,46,75,137,9,67,98,86
670,29,48,42,111,103,29,5,18,13
670,30,0,38,4,114,75,74,11,131
670,31,69,83,102,99,78,127,123,135
670,32,130,80,116,100,44,31,26,115
670,33,131,17,101,121,85,129,41,8
670,34,75,38,47,73,132,82,77,110
670,35,27,57,0,46,92,19,98,10
670,36,123,128,142,18,51,101,15,0
670,37,141,86,142,135,45,105,106,9
670,38,73,113,83,141,20,53,120,114
670,39,83,104,132,134,110,57,105,23
670,40,102,139,90,77,29,48,78,132
670,41,45,58,138,41,123,28,137,86
670,42,23,70,127,113,108,1,9,126
670,43,36,11,44,131,47,16,113,93
670,44,129,40,113,34,112,130,118,141
671,3,80,78,102,56,53,45,62,32
671,4,46,110,81,77,44,49,140,11
671,5,43,45,49,73,15,111,83,11
671,6,78,142,130,121,68,97,34,29
671,7,98,24,87,21,71,105,25,122
671,8,43,126,114,118,96,110,59,27
671,9,141,9,30,139,36,117,78,66
671,10,102,42,127,56,49,24,41,65
671,11,6,138,120,35,29,64,33,100
671,12,137,11,131,16,55,33,119,82
671,13,6,140,59,42,20,90,5,0
671,14,78,103,69,45,138,9,100,36
671,15,3,59,109,87,105,45,44,139
671,16,87,101,50,80,46,108,83,25
671,17,116,39,138,16,18,63,28,117
671,18,115,103,122,51,106,11,114,69
671,19,94,131,71,118,121,73,33,32
671,20,69,119,89,31,113,1,46,91
671,21,34,71,105,120,63,137,66,103
671,22,140,33,126,138,50,122,93,94
671,23,124,19,6,64,114,60,41,133
671,24,0,140,2,54,119,74,65,22
671,25,29,139,70,54,31,7,65,69
671,26,13,79,30,126,122,72,113,111
671,27,137,46,11,27,131,135,42,107
671,28,98,18,86,46,67,126,130,120
671,29,48,42,38,103,111,41,29,128
671,30,0,114,38,116,21,75,4,6
671,31,102,78,108,69,127,89,99,139
671,32,130,80,44,138,25,66,117,52
671,33,17,131,41,85,121,3,8,101
671,34,75,47,38,82,73,26,104,45
671,35,57,27,0,98,92,9,76,42
671,36,15,123,51,97,128,18,13,45
671,37,142,135,141,86,61,45,105,44
671,38,73,113,108,141,27,104,20,74
671,39,104,134,132,73,60,96,83,53
671,40,102,61,90,78,53,139,29,132
671,41,25,45,39,58,41,137,21,112
671,42,70,69,1,9,126,39,108,5
671,43,49,11,78,44,47,93,54,110
671,44,113,118,61,141,112,130,34,24
672,3,50,123,12,42,136,6,46,68
672,4,53,33,24,66,88,130,133,139
672,5,59,18,70,12,54,103,115,110
672,6,60,109,46,102,142,134,120,86
672,7,100,66,15,14,21,121,124,87
672,8,12,59,125,114,3,53,134,124
672,9,81,97,36,71,117,69,60,119
672,10,130,69,66,90,79,101,128,89
672,11,138,29,49,46,47,117,23,111
672,12,71,18,24,119,89,95,113,121
672,13,13,6,19,5,38,122,130,35
672,14,57,30,83,3,103,85,135,47
672,15,70,110,18,133,65,134,44,89
672,16,25,40,112,82,14,88,83,18
672,17,85,125,4,43,103,25,116,90
672,18,132,3,137,122,69,115,34,38
672,19,73,21,12,32,71,121,140,40
672,20,132,31,140,73,62,47,1,111
672,21,71,63,34,109,4,64,91,17
672,22,109,98,78,140,104,59,12,142
672,23,41,60,124,140,6,98,142,114
672,24,140,28,119,16,90,50,103,13
672,25,139,69,107,24,81,31,66,43
672,26,44,13,126,113,79,109,19,7
672,27,46,135,27,49,11,124,82,12
672,28,91,18,120,51,64,7,130,5
672,29,51,1,77,48,41,128,42,103
672,30,0,99,86,13,132,21,80,52
672,31,69,80,64,77,28,84,2,99
672,32,3,124,92,112,13,66,29,27
672,33,98,34,67,126,24,41,85,121
672,34,38,20,92,104,42,26,75,110
672,35,120,70,92,76,0,27,82,17
672,36,123,15,97,1,45,101,16,37
672,37,99,29,40,141,19,142,105,75
672,38,108,33,73,42,20,120,141,32
672,39,46,73,131,15,135,4,83,132
672,40,102,90,137,24,29,78,26,53
672,41,2,58,112,18,54,137,86,26
672,42,21,47,44,9,91,30,1,134
672,43,10,11,63,77,83,47,108,110
672,44,81,86,0,42,80,130,121,57
673,3,35,5,13,44,67,90,12,93
673,4,102,84,96,22,18,33,6,63
673,5,82,11,68,127,6,88,70,116
673,6,118,133,89,81,63,4,8,56
673,7,74,114,70,15,52,110,0,130
673,8,128,99,54,47,102,44,28,20
673,9,115,83,24,126,96,114,120,4
673,10,37,133,20,27,14,18,140,98
673,11,49,66,55,7,10,104,33,13
673,12,99,24,18,23,119,7,95,29
673,13,128,84,106,101,90,49,56,105
673,14,117,122,47,40,99,93,108,24
673,15,107,97,96,39,1,69,120,129
673,16,112,71,25,106,32,30,133,40
673,17,88,37,43,16,34,121,27,109
673,18,136,64,89,122,115,131,53,106
673,19,42,33,103,71,73,94,32,21
673,20,132,35,63,1,37,79,135,123
673,21,115,87,110,80,130,72,36,18
673,22,119,98,65,57,70,78,59,134
673,23,89,130,140,44,82,85,68,134
673,24,140,83,104,10,19,100,28,90
673,25,7,31,22,121,139,95,140,43
673,26,123,96,13,113,126,50,19,103
673,27,87,139,41,124,119,107,46,115
673,28,18,9,73,65,124,143,96,8
673,29,137,29,92,100,28,41,103,75
673,30,0,6,119,100,60,132,34,78
673,31,99,111,46,94,69,37,80,14
673,32,120,31,106,100,39,17,29,90
673,33,121,102,19,32,127,89,143,99
673,34,78,110,103,47,74,77,120,28
673,35,27,0,48,130,134,31,25,82
673,36,108,123,8,121,63,133,50,27
673,37,141,19,102,142,93,108,6,33
673,38,73,111,141,15,56,112,53,20
673,39,83,110,44,124,1,57,132,118
673,40,102,139,29,79,78,132,5,88
673,41,41,18,28,67,138,86,9,125
673,42,12,9,113,134,126,100,52,114
673,43,47,13,124,92,77,90,110,11
673,44,24,107,141,121,49,130,76,40
674,3,39,77,143,67,89,79,48,2
674,4,42,102,14,12,125,85,23,11
674,5,22,8,18,128,34,54,102,110
674,6,45,123,35,34,83,8,81,128
674,7,112,64,13,62,19,27,74,81
674,8,61,50,71,26,128,127,72,121
674,9,142,83,49,117,126,88,44,66
674,10,86,20,134,88,140,79,101,81
674,11,99,79,0,140,67,15,104,17
674,12,65,2,5,83,17,1,118,99
674,13,56,84,89,65,99,101,126,49
674,14,7,0,52,117,34,40,8,69
674,15,123,39,134,131,24,129,76,139
674,16,116,114,43,107,71,0,57,93
674,17,40,22,94,10,63,72,30,19
674,18,131,58,53,136,126,57,81,73
674,19,115,87,109,142,90,8,103,25
674,20,123,14,55,5,52,11,62,82
674,21,80,20,12,97,119,110,74,130
674,22,120,0,31,55,47,11,99,102
674,23,61,82,104,126,78,133,79,107
674,24,10,80,64,82,125,129,100,105
674,25,7,140,95,113,121,31,26,100
674,26,123,76,81,87,3,136,103,70
674,27,139,87,111,124,46,98,28,41
674,28,9,18,58,119,140,65,124,132
674,29,0,103,58,28,92,49,62,29
674,30,6,60,89,122,0,35,63,43
674,31,111,46,122,82,14,99,37,34
674,32,116,31,129,100,109,17,133,32
674,33,121,102,81,100,108,125,5,68
674,34,78,70,62,110,120,103,114,135
674,35,21,27,0,129,36,119,130,31
674,36,67,63,20,27,123,1,121,8
674,37,141,142,12,102,67,108,94,33
674,38,24,56,104,41,121,141,55,65
674,39,83,57,132,124,12,11,99,100
674,40,102,139,29,130,79,91,27,49
674,41,41,80,136,9,138,18,137,67
674,42,111,105,121,58,134,52,136,12
674,43,47,62,124,90,110,60,107,120
674,44,141,116,107,130,38,49,24,80
675,3,136,118,32,77,119,87,56,104
675,4,42,68,22,14,7,34,27,117
675,5,68,140,76,127,139,71,54,80
675,6,94,52,3,136,6,104,40,8
675,7,112,22,75,6,74,0,128,114
675,8,88,44,28,71,95,78,68,26
675,9,1,13,21,130,81,98,27,128
675,10,14,73,126,103,9,32,140,98
675,11,73,110,27,39,67,1,9,51
675,12,90,51,4,46,65,21,127,0
675,13,56,23,84,1,3,45,48,33
675,14,24,40,131,52,93,23,34,65
675,15,96,15,63,89,101,124,120,41
675,16,36,71,114,90,32,116,109,67
675,17,10,54,109,88,63,39,98,59
675,18,58,89,131,136,68,53,117,126
675,19,25,103,115,90,72,33,87,117
675,20,123,11,5,17,97,10,132,82
675,21,36,142,110,31,13,18,38,130
675,22,137,120,57,134,78,102,118,70
675,23,44,82,134,55,85,133,33,61
675,24,10,112,64,125,140,129,100,41
675,25,7,95,129,139,97,105,113,26
675,26,113,82,50,124,3,77,19,123
675,27,41,49,139,87,124,27,24,70
675,28,18,9,119,6,122,10,29,61
675,29,29,24,58,103,92,75,41,71
675,30,0,52,6,5,4,86,78,135
675,31,111,107,37,21,89,28,46,139
675,32,17,31,19,51,142,100,64,133
675,33,102,97,61,83,108,81,71,7
675,34,28,70,78,105,97,47,86,100
675,35,119,0,90,129,57,123,87,124
675,36,27,85,63,97,68,106,121,8
675,37,142,141,51,10,108,94,134,22
675,38,56,107,140,24,139,25,94,18
675,39,57,85,63,100,6,124,41,20
675,40,122,102,139,94,14,80,42,19
675,41,18,138,9,26,94,80,112,32
675,42,23,105,139,121,113,111,125,10
675,43,35,13,100,112,90,110,124,11
675,44,43,41,143,116,29,135,36,34
676,3,59,72,86,74,12,53,37,0
676,4,73,80,96,93,20,125,122,66
676,5,30,9,91,99,26,22,93,95
676,6,66,116,142,92,38,42,107,139
676,7,118,66,98,122,11,135,69,30
676,8,137,22,43,17,25,93,72,45
676,9,52,140,131,95,29,135,75,86
676,10,83,13,128,102,27,69,50,139
676,11,1,132,8,101,78,6,106,70
676,12,57,42,7,46,90,131,51,77
676,13,56,70,6,84,19,60,49,25
676,14,73,138,36,47,24,69,78,109
676,15,117,102,68,97,96,89,59,98
676,16,27,108,46,59,71,106,25,36
676,17,138,27,51,90,55,88,43,94
676,18,136,89,131,122,58,105,106,34
676,19,71,21,42,90,95,118,103,25
676,20,79,132,31,11,37,38,123,39
676,21,110,63,18,78,115,9,28,132
676,22,125,98,47,78,133,70,57,106
676,23,12,54,47,134,95,60,82,41
676,24,140,22,32,64,114,10,50,142
676,25,7,95,105,97,140,139,113,93
676,26,127,3,79,142,43,91,84,19
676,27,41,49,139,72,87,98,24,30
676,28,18,9,122,44,10,61,8,67
676,29,24,29,48,54,103,3,142,87
676,30,0,5,4,6,78,114,67,60
676,31,111,21,37,74,102,89,32,29
676,32,17,31,129,80,27,12,114,135
676,33,61,102,138,119,136,125,84,79
676,34,78,133,97,67,142,45,47,103
676,35,90,87,9,43,124,31,136,133
676,36,85,120,97,6,123,124,63,100
676,37,142,141,6,41,105,88,138,36
676,38,25,139,107,141,70,54,69,104
676,39,57,85,83,73,124,42,15,132
676,40,139,102,69,132,125,91,7,14
676,41,94,120,6,9,58,26,92,138
676,42,139,32,113,5,122,77,88,1
676,43,35,49,82,53,93,11,4,15
676,44,29,73,61,59,49,120,57,65
677,3,23,127,142,29,94,103,90,63
677,4,114,94,106,142,9,66,68,122
677,5,112,91,123,92,93,19,10,95
677,6,17,22,64,30,59,89,120,134
677,7,41,2,66,85,137,101,43,124
677,8,77,137,15,99,71,16,43,114
677,9,23,28,87,35,52,140,43,29
677,10,112,143,100,69,65,63,83,22
677,11,57,125,78,100,70,1,21,71
677,12,77,101,42,98,48,90,7,28
677,13,56,84,22,70,36,78,8,74
677,14,24,98,52,73,47,34,74,25
677,15,45,119,96,9,113,39,1,94
677,16,113,10,116,47,91,43,114,67
677,17,54,63,6,92,81,51,129,39
677,18,58,131,136,53,89,126,115,57
677,19,115,142,25,19,90,33,103,42
677,20,5,123,74,1,122,45,40,14
677,21,97,74,115,112,130,110,91,88
677,22,12,55,110,130,30,1,99,41
677,23,43,112,12,133,101,10,47,121
677,24,64,10,11,138,59,114,136,29
677,25,7,97,95,105,140,19,68,113
677,26,127,3,5,143,73,95,111,42
677,27,98,72,41,139,49,24,94,36
677,28,9,44,122,13,116,18,61,59
677,29,24,54,142,83,25,92,133,75
677,30,5,0,6,67,109,78,4,131
677,31,111,21,32,137,135,50,2,9
677,32,17,50,16,79,129,98,31,87
677,33,61,136,119,125,22,36,84,102
677,34,133,97,11,67,0,35,36,88
677,35,90,31,0,133,87,43,116,44
677,36,120,85,50,6,124,95,68,2
677,37,142,141,41,22,128,36,21,94
677,38,39,139,25,70,69,107,63,129
677,39,73,57,85,124,54,129,8,45
677,40,102,41,33,142,120,139,11,103
677,41,119,94,78,136,38,31,92,120
677,42,139,62,122,105,73,42,10,93
677,43,35,84,5,48,103,15,138,95
677,44,29,73,120,59,8,28,23,128
678,3,111,4,109,124,15,134,142,58
678,4,98,19,9,37,56,32,102,59
678,5,129,76,27,121,65,35,62,19
678,6,79,93,103,39,123,107,41,102
678,7,112,127,78,46,101,122,85,9
678,8,57,19,63,78,88,65,103,28
678,9,107,63,23,69,8,81,5,31
678,10,123,34,112,43,124,6,116,135
678,11,141,86,74,109,76,137,21,135
678,12,101,141,68,65,48,77,143,69
678,13,84,55,56,22,132,57,54,34
678,14,98,81,34,52,2,110,25,90
678,15,67,28,138,126,24,125,82,113
678,16,65,128,10,16,117,114,48,116
678,17,127,57,115,120,72,71,16,99
678,18,58,131,127,126,136,57,113,111
678,19,115,30,87,18,19,142,32,103
678,20,3,77,8,123,5,44,55,14
678,21,97,8,14,120,12,130,74,68
678,22,5,136,44,99,11,31,130,41
678,23,39,86,75,79,48,98,112,14
678,24,10,47,64,85,129,33,84,46
678,25,95,7,140,19,113,105,139,125
678,26,76,94,114,3,46,127,87,138
678,27,139,24,54,41,98,27,109,72
678,28,18,116,122,138,9,61,10,96
678,29,54,103,81,64,87,127,92,41
678,30,6,0,5,109,60,92,68,86
678,31,111,37,82,34,80,46,101,61
678,32,129,50,51,10,31,110,54,75
678,33,22,136,102,61,125,113,58,121
678,34,133,11,51,62,9,114,118,88
678,35,31,133,0,143,116,87,58,129
678,36,50,95,6,8,85,124,105,49
678,37,142,51,41,22,103,141,72,88
678,38,56,78,129,63,107,69,25,141
678,39,57,124,85,8,77,2,43,42
678,40,102,108,33,44,139,81,103,132
678,41,136,119,94,31,92,88,35,26
678,42,93,139,12,74,105,10,77,122
678,43,84,35,83,15,53,142,100,93
678,44,116,27,8,59,120,76,73,142
679,3,7,115,142,134,0,25,36,84
679,4,132,71,101,137,122,23,37,7
679,5,92,136,141,77,37,62,36,89
679,6,117,19,57,140,15,102,17,3
679,7,66,83,61,6,112,0,55,124
679,8,89,103,2,43,95,108,114,105
679,9,48,6,39,8,114,128,135,46
679,10,36,63,90,79,55,139,99,12
679,11,81,45,82,42,21,51,9,110
679,12,74,97,12,138,43,120,101,32
679,13,56,135,84,133,47,68,51,31
679,14,34,131,24,23,94,134,44,128
679,15,96,33,54,98,128,9,51,116
679,16,53,134,36,19,142,71,22,21
679,17,54,27,56,8,99,39,26,73
679,18,89,58,136,68,131,117,106,55
679,19,90,25,115,103,19,33,41,36
679,20,11,123,5,78,134,79,127,68
679,21,112,143,13,36,91,78,110,14
679,22,100,99,78,120,48,70,129,53
679,23,59,39,12,101,112,55,121,133
679,24,66,64,129,10,84,38,140,73
679,25,7,95,97,105,140,139,6,89
679,26,76,3,114,19,46,113,40,127
679,27,25,109,77,41,72,107,24,54
679,28,122,35,18,9,61,84,44,119
679,29,123,54,103,5,64,124,118,2
679,30,0,4,5,6,43,60,86,78
679,31,111,88,2,94,137,35,135,48
679,32,64,31,50,75,59,138,133,36
679,33,7,136,125,13,61,81,58,65
679,34,133,9,67,142,75,70,88,15
679,35,143,0,36,129,14,133,52,10
679,36,32,68,120,85,50,90,104,6
679,37,94,141,22,107,57,72,88,63
679,38,107,78,25,69,98,104,56,140
679,39,85,124,137,90,98,15,70,69
679,40,103,33,102,80,139,65,32,67
679,41,94,36,92,120,119,80,138,88
679,42,139,122,62,73,45,42,84,141
679,43,35,82,5,83,84,104,7,3
679,44,120,29,59,73,17,23,86,34
680,3,8,38,31,50,75,134,25,87
680,4,118,41,131,132,37,7,133,56
680,5,81,48,142,35,65,94,72,140
680,6,2,90,76,79,93,133,23,86
680,7,79,9,134,113,52,133,139,11
680,8,0,19,89,58,26,101,25,71
680,9,48,82,107,23,43,89,101,73
680,10,76,6,132,112,114,90,73,12
680,11,141,81,86,109,142,77,76,79
680,12,141,101,134,80,86,69,68,79
680,13,84,135,94,114,55,56,102,22
680,14,34,98,81,52,110,90,14,39
680,15,28,67,40,76,125,138,113,24
680,16,100,65,116,128,67,117,10,53
680,17,32,138,43,39,88,85,34,6
680,18,122,115,12,100,140,72,69,34
680,19,71,21,94,12,73,136,22,78
680,20,79,140,69,31,38,1,41,21
680,21,63,27,68,39,110,67,10,4
680,22,98,23,142,22,91,139,79,51
680,23,6,132,70,2,41,51,3,75
680,24,96,103,27,86,74,53,79,22
680,25,139,54,141,60,65,24,29,81
680,26,30,15,0,44,3,90,122,101
680,27,46,137,132,56,135,138,38,28
680,28,33,46,86,126,98,74,20,95
680,29,42,74,111,50,55,29,125,128
680,30,80,70,4,114,38,141,110,13
680,31,127,86,8,24,102,78,68,130
680,32,138,117,131,130,80,25,57,114
680,33,85,1,121,143,129,67,3,73
680,34,38,25,75,92,26,101,82,109
680,35,28,76,57,98,42,92,55,120
680,36,96,111,69,100,123,15,138,128
680,37,45,44,135,99,88,17,123,92
680,38,54,113,131,14,97,63,141,143
680,39,43,53,108,47,134,40,60,102
680,40,132,90,7,121,22,28,24,29
680,41,57,58,87,138,128,93,132,77
680,42,45,6,122,83,93,84,103,16
680,43,137,84,7,24,127,3,119,97
680,44,29,6,120,28,143,126,111,2
681,3,111,24,119,66,53,61,39,44
681,4,79,13,41,17,117,78,72,99
681,5,129,8,134,35,58,76,104,20
681,6,103,79,115,39,5,141,59,113
681,7,138,127,85,9,61,81,40,77
681,8,57,19,102,58,61,28,20,72
681,9,107,48,8,63,128,52,47,28
681,10,123,43,6,34,137,112,70,103
681,11,74,141,96,76,86,135,59,110
681,12,141,101,68,134,86,70,69,110
681,13,84,55,135,56,47,75,114,1
681,14,81,34,98,110,52,56,40,77
681,15,67,28,138,82,125,1,124,126
681,16,128,65,10,117,16,116,67,18
681,17,57,54,26,99,120,71,81,115
681,18,58,131,127,89,126,143,136,113
681,19,115,18,122,19,30,142,25,46
681,20,77,44,3,5,123,55,35,2
681,21,97,114,8,122,110,130,14,120
681,22,5,24,1,44,42,93,100,136
681,23,43,75,86,17,39,98,29,79
681,24,47,85,64,10,84,46,129,70
681,25,7,95,97,105,26,139,140,129
681,26,3,94,73,40,46,19,36,81
681,27,41,77,98,72,36,109,76,24
681,28,9,18,122,35,44,61,112,66
681,29,123,54,103,2,62,10,29,92
681,30,4,0,5,78,6,43,86,131
681,31,111,21,88,135,48,35,74,10
681,32,79,16,31,77,75,138,98,64
681,33,7,61,119,36,136,16,125,79
681,34,97,133,9,88,75,68,139,0
681,35,90,0,87,57,21,143,10,43
681,36,32,120,85,6,99,97,68,110
681,37,141,94,139,88,22,41,108,128
681,38,107,139,25,39,70,141,51,104
681,39,73,85,42,129,65,141,90,124
681,40,102,103,80,142,125,39,120,65
681,41,80,36,119,9,120,138,116,18
681,42,45,74,139,105,23,119,10,52
681,43,83,84,116,45,15,107,112,104
681,44,21,41,59,64,27,120,34,74
682,3,98,90,5,79,74,19,17,66
682,4,50,1,115,66,116,60,122,137
682,5,97,83,95,4,8,88,36,77
682,6,40,10,142,120,49,121,129,18
682,7,136,66,57,140,130,97,19,38
682,8,74,129,116,109,56,125,131,114
682,9,96,120,6,85,117,126,73,139
682,10,124,80,61,69,128,54,90,83
682,11,114,132,82,29,70,94,13,42
682,12,94,130,77,138,7,4,33,28
682,13,84,40,22,56,36,49,70,33
682,14,126,54,24,131,47,19,103,31
682,15,117,98,42,102,45,120,107,1
682,16,68,36,119,136,69,67,59,40
682,17,54,27,39,138,122,55,128,92
682,18,89,68,131,122,136,64,106,119
682,19,71,19,42,21,90,25,32,94
682,20,141,37,79,132,38,123,134,41
682,21,110,36,78,97,115,132,129,122
682,22,24,100,78,98,129,119,125,114
682,23,136,100,38,12,121,55,74,112
682,24,140,64,114,41,38,11,129,10
682,25,105,97,95,7,139,26,6,113
682,26,3,91,40,73,143,49,111,84
682,27,41,98,72,77,36,24,124,49
682,28,9,18,44,122,7,35,33,47
682,29,8,24,54,92,142,30,10,2
682,30,5,4,78,0,6,24,131,139
682,31,111,21,143,50,135,32,74,35
682,32,79,16,98,31,87,75,27,68
682,33,61,119,36,79,15,138,131,68
682,34,97,35,133,139,68,120,51,0
682,35,90,87,0,13,79,57,21,37
682,36,120,85,21,6,50,100,140,9
682,37,141,142,31,22,0,128,84,36
682,38,139,39,107,25,70,69,8,141
682,39,73,54,129,52,85,57,83,124
682,40,102,41,142,120,103,12,36,44
682,41,120,119,78,92,138,26,137,9
682,42,139,62,101,122,100,113,91,42
682,43,119,23,22,10,45,3,29,103
682,44,29,59,120,73,82,17,65,41
683,3,23,94,29,78,122,53,76,32
683,4,114,115,94,23,139,142,137,68
683,5,112,107,111,93,36,95,35,118
683,6,17,22,30,64,71,48,134,59
683,7,41,66,136,25,113,104,98,50
683,8,77,43,15,27,122,114,99,58
683,9,23,98,87,73,135,89,35,117
683,10,143,112,5,103,63,69,90,75
683,11,57,125,100,114,63,78,3,21
683,12,94,138,77,25,4,70,99,103
683,13,84,56,89,101,97,126,8,78
683,14,40,7,52,24,94,73,8,55
683,15,39,128,123,45,1,6,90,131
683,16,116,43,114,36,93,134,28,0
683,17,54,19,95,10,117,64,91,94
683,18,58,45,57,48,53,131,126,68
683,19,115,103,87,25,105,5,31,128
683,20,17,123,67,82,39,103,71,5
683,21,29,116,97,117,90,142,109,63
683,22,120,11,130,55,33,5,99,135
683,23,28,72,129,82,98,113,80,43
683,24,10,112,94,19,129,102,12,64
683,25,7,81,129,139,140,118,114,113
683,26,123,81,58,103,7,72,34,135
683,27,118,139,107,125,87,115,94,28
683,28,9,14,65,29,45,81,116,67
683,29,18,44,64,131,47,92,16,88
683,30,6,60,52,119,11,40,0,35
683,31,111,46,99,94,119,37,110,31
683,32,100,31,120,50,105,44,107,83
683,33,121,24,141,102,108,140,143,35
683,34,78,132,21,110,38,28,143,130
683,35,27,19,130,48,67,83,125,25
683,36,94,8,15,78,26,122,20,1
683,37,141,102,134,142,105,28,113,64
683,38,111,121,88,120,73,71,41,83
683,39,83,105,128,51,80,67,134,122
683,40,121,139,102,29,101,77,136,23
683,41,41,138,9,87,86,90,65,56
683,42,62,139,122,73,112,42,95,100
683,43,119,5,23,45,35,3,138,100
683,44,29,28,120,73,59,23,82,131
684,3,116,30,106,50,76,19,58,47
684,4,31,122,9,23,60,96,115,68
684,5,81,31,106,35,111,57,56,107
684,6,19,93,143,86,3,125,4,135
684,7,58,136,66,132,87,19,74,38
684,8,98,37,80,50,118,71,59,62
684,9,106,47,134,126,94,132,75,135
684,10,132,112,6,5,103,55,59,90
684,11,95,63,4,125,42,110,114,129
684,12,77,47,94,80,141,22,43,4
684,13,121,56,22,84,3,59,103,52
684,14,19,98,24,54,68,47,29,9
684,15,96,98,119,15,47,124,0,115
684,16,19,36,113,13,67,119,118,68
684,17,54,127,62,128,101,73,36,108
684,18,68,89,78,111,58,136,138,81
684,19,25,82,19,103,30,50,106,120
684,20,114,134,68,123,5,15,38,37
684,21,97,36,78,122,48,110,24,91
684,22,110,24,5,1,120,78,13,103
684,23,74,17,55,39,44,121,86,18
684,24,38,64,29,72,113,11,10,85
684,25,97,105,7,95,19,41,137,26
684,26,5,40,106,3,42,19,91,36
684,27,98,41,72,24,43,26,105,70
684,28,9,122,116,138,18,44,33,75
684,29,64,8,124,54,36,5,30,75
684,30,4,5,78,6,0,56,64,86
684,31,111,21,140,48,50,135,101,35
684,32,79,16,31,87,26,75,115,135
684,33,61,119,36,100,11,22,31,65
684,34,97,133,38,51,139,79,68,35
684,35,0,87,90,13,143,21,57,31
684,36,120,85,50,133,2,21,97,126
684,37,141,22,31,128,94,41,9,36
684,38,139,69,39,104,70,25,107,129
684,39,8,73,124,129,85,52,54,83
684,40,102,142,33,120,81,41,80,27
684,41,111,119,94,38,36,138,137,12
684,42,139,93,73,122,83,10,103,27
684,43,35,36,22,84,5,104,17,113
684,44,27,29,120,73,82,8,71,99
685,3,56,134,80,39,106,129,79,104
685,4,46,81,110,31,122,137,64,23
685,5,73,17,9,118,0,35,134,43
685,6,130,68,78,142,121,70,11,135
685,7,87,130,98,66,71,105,109,30
685,8,43,60,139,95,122,66,11,114
685,9,141,134,75,73,117,126,135,101
685,10,5,24,23,55,103,56,6,12
685,11,4,138,3,35,20,49,42,68
685,12,22,30,47,43,25,99,138,36
685,13,6,56,78,84,17,8,15,116
685,14,40,19,138,99,68,47,17,36
685,15,96,131,15,87,128,38,1,115
685,16,112,13,32,134,30,40,87,25
685,17,88,138,39,54,85,37,43,34
685,18,122,64,115,68,15,136,100,70
685,19,71,94,42,21,33,32,25,118
685,20,79,1,39,69,35,93,40,46
685,21,63,110,36,130,42,67,68,34
685,22,23,98,70,65,19,139,142,61
685,23,6,82,70,51,101,98,2,41
685,24,86,53,103,129,85,83,64,38
685,25,7,139,114,39,19,81,117,26
685,26,123,40,114,126,94,41,53,113
685,27,109,98,12,119,27,87,88,86
685,28,116,122,18,9,130,67,138,14
685,29,64,103,48,5,124,92,28,44
685,30,4,0,5,6,125,43,46,86
685,31,111,101,48,63,122,10,6,140
685,32,100,50,80,138,87,97,79,64
685,33,61,65,138,22,44,100,16,29
685,34,133,9,99,88,79,122,138,140
685,35,0,137,51,21,143,84,123,133
685,36,50,120,104,9,85,97,30,68
685,37,141,94,53,22,31,72,9,68
685,38,129,104,69,71,107,62,32,58
685,39,124,8,42,85,83,47,137,65
685,40,102,139,80,113,103,120,125,117
685,41,111,119,138,36,137,18,80,94
685,42,139,122,73,83,93,113,32,10
685,43,35,5,7,84,113,119,43,104
685,44,29,120,73,23,59,82,0,92
686,3,22,118,124,14,50,94,130,10
686,4,72,39,63,131,15,7,91,115
686,5,67,51,44,33,50,14,118,138
686,6,133,93,2,108,123,39,63,102
686,7,138,30,75,9,74,134,113,55
686,8,76,53,139,71,95,58,118,102
686,9,107,18,8,46,130,27,89,134
686,10,7,34,112,18,123,66,73,126
686,11,141,74,72,110,41,107,4,117
686,12,141,22,77,101,80,47,90,13
686,13,56,84,75,22,1,94,59,3
686,14,24,98,81,121,19,34,23,94
686,15,67,28,138,98,40,96,125,71
686,16,36,65,16,128,117,19,118,31
686,17,127,54,91,57,101,19,79,118
686,18,58,68,127,89,117,126,57,136
686,19,115,25,103,30,18,41,117,127
686,20,123,82,77,67,16,5,39,62
686,21,29,97,116,8,77,122,114,81
686,22,5,120,13,134,103,141,57,86
686,23,39,17,75,86,142,55,46,80
686,24,38,10,29,47,64,85,41,44
686,25,97,7,105,26,20,41,19,114
686,26,94,5,73,106,42,82,40,69
686,27,98,41,132,105,139,24,54,25
686,28,116,122,138,18,9,54,112,78
686,29,64,92,5,103,124,80,75,62
686,30,4,5,0,43,86,6,131,38
686,31,111,140,101,48,46,135,35,143
686,32,50,75,26,89,31,141,115,110
686,33,29,22,61,65,138,100,58,11
686,34,122,133,97,79,51,88,9,18
686,35,0,31,21,123,84,137,133,116
686,36,50,120,133,126,32,85,64,68
686,37,141,31,22,94,12,6,33,88
686,38,129,139,69,56,107,104,71,63
686,39,124,8,129,42,83,130,65,137
686,40,28,102,142,120,33,81,14,80
686,41,111,119,36,38,138,80,137,94
686,42,122,93,73,84,83,139,10,77
686,43,137,84,113,66,7,5,107,67
686,44,6,28,120,29,82,27,59,126
687,3,111,75,36,119,134,34,3,25
687,4,131,59,15,41,7,99,37,9
687,5,129,140,76,104,71,40,42,84
687,6,41,115,133,80,118,123,39,52
687,7,138,110,114,52,130,83,66,73
687,8,19,57,66,139,118,53,28,58
687,9,107,63,8,44,42,130,28,49
687,10,123,43,34,66,7,73,65,137
687,11,74,141,4,110,96,32,109,79
687,12,22,141,77,101,47,90,138,134
687,13,84,75,56,55,22,1,3,71
687,14,24,98,81,34,121,60,21,23
687,15,67,82,138,28,96,0,126,125
687,16,36,128,65,117,16,67,12,126
687,17,127,54,57,120,71,91,96,16
687,18,127,58,68,76,108,89,131,117
687,19,25,18,19,115,30,46,41,82
687,20,77,123,5,62,67,16,51,37
687,21,29,97,122,8,114,36,52,130
687,22,103,5,40,67,13,120,78,36
687,23,86,39,17,75,74,112,46,6
687,24,47,63,29,85,64,38,10,84
687,25,7,26,19,105,97,139,114,41
687,26,94,73,40,106,19,15,113,123
687,27,98,12,41,24,87,139,92,132
687,28,122,116,18,9,138,44,35,37
687,29,64,103,124,75,5,92,42,62
687,30,4,5,0,6,43,86,77,74
687,31,111,101,140,10,135,34,28,130
687,32,100,97,50,128,91,110,31,26
687,33,65,61,44,121,138,22,71,11
687,34,133,78,44,132,88,51,28,139
687,35,0,136,91,90,133,128,13,123
687,36,85,120,104,50,110,68,97,126
687,37,141,94,9,31,88,22,56,109
687,38,129,56,107,139,70,32,71,104
687,39,124,42,85,93,65,137,55,129
687,40,102,108,139,80,81,39,120,33
687,41,119,138,111,80,137,31,18,123
687,42,23,93,113,45,52,5,10,77
687,43,84,113,35,110,12,124,53,116
687,44,41,82,59,27,21,6,74,120
688,3,98,90,19,0,74,5,79,66
688,4,50,115,1,142,134,137,66,83
688,5,97,103,83,12,16,91,95,70
688,6,10,40,71,18,138,42,135,49
688,7,136,66,61,140,73,45,109,19
688,8,74,116,109,2,43,129,121,125
688,9,96,120,6,85,44,52,109,112
688,10,124,80,69,128,90,83,14,62
688,11,82,114,132,70,94,45,0,26
688,12,94,130,22,57,123,0,90,138
688,13,84,40,82,27,64,56,22,86
688,14,126,54,24,31,56,47,27,106
688,15,98,42,117,102,100,47,107,45
688,16,68,119,36,63,75,13,69,67
688,17,54,122,27,58,13,55,138,43
688,18,89,68,111,33,110,106,78,138
688,19,25,50,19,58,33,22,60,21
688,20,37,141,5,21,123,79,38,15
688,21,36,110,97,129,63,130,117,91
688,22,72,103,78,120,63,24,110,100
688,23,59,136,112,39,63,54,121,11
688,24,114,41,64,29,66,65,141,19
688,25,7,26,105,97,19,39,113,139
688,26,73,143,5,91,106,37,40,3
688,27,72,132,41,139,98,94,49,12
688,28,44,122,9,18,116,97,33,48
688,29,64,30,92,46,83,133,5,24
688,30,5,6,0,78,4,60,99,74
688,31,111,21,63,34,140,2,46,135
688,32,31,79,16,100,26,75,68,83
688,33,119,61,36,70,71,12,94,113
688,34,133,97,139,65,51,88,78,9
688,35,0,90,87,31,10,12,120,98
688,36,85,120,43,126,26,50,129,6
688,37,141,128,22,0,31,36,109,88
688,38,39,25,70,139,107,8,12,92
688,39,73,129,54,52,85,5,141,119
688,40,102,41,142,11,120,27,125,44
688,41,119,78,38,120,112,102,9,137
688,42,122,139,101,62,42,88,49,52
688,43,23,22,83,93,117,53,103,107
688,44,29,59,82,65,73,41,100,17
689,3,23,78,53,125,66,90,56,18
689,4,114,94,115,137,139,142,61,32
689,5,112,103,111,107,57,113,35,93
689,6,17,22,30,64,59,71,134,3
689,7,66,41,136,25,113,50,55,124
689,8,77,14,91,27,122,109,68,43
689,9,23,98,135,87,89,73,35,127
689,10,143,63,6,112,5,124,56,131
689,11,57,125,114,100,3,63,21,70
689,12,94,77,123,101,90,138,22,14
689,13,22,84,56,8,40,38,27,64
689,14,24,98,126,52,9,74,31,40
689,15,98,96,45,119,80,113,24,131
689,16,13,36,137,60,0,63,30,125
689,17,19,53,118,10,54,142,97,128
689,18,6,68,136,58,139,115,20,137
689,19,25,33,130,91,103,105,128,115
689,20,17,74,122,93,136,82,39,5
689,21,127,64,97,106,110,20,111,96
689,22,140,19,117,57,50,65,132,73
689,23,82,35,72,76,134,64,133,11
689,24,112,119,64,104,54,50,74,22
689,25,81,7,140,31,121,19,117,43
689,26,123,122,130,12,113,137,45,108
689,27,119,41,133,9,139,118,54,108
689,28,18,130,46,65,122,26,81,14
689,29,18,3,50,47,16,42,137,43
689,30,45,0,11,32,119,70,6,67
689,31,37,28,69,105,80,63,31,50
689,32,100,120,89,73,44,107,29,79
689,33,104,128,121,19,131,115,106,85
689,34,132,14,80,42,90,26,143,38
689,35,27,38,93,28,0,82,47,31
689,36,117,123,15,101,17,108,51,25
689,37,141,102,64,9,7,27,92,22
689,38,83,117,31,135,53,16,73,64
689,39,7,124,83,5,71,60,80,86
689,40,29,143,68,102,121,43,101,3
689,41,57,138,6,59,11,7,45,29
689,42,122,62,139,1,93,5,10,82
689,43,5,24,7,36,3,81,35,74
689,44,29,28,66,120,73,6,82,59
690,3,111,34,36,66,68,25,54,11
690,4,98,131,19,30,90,9,133,62
690,5,138,140,58,121,28,114,20,21
690,6,93,103,41,125,123,84,3,108
690,7,138,134,25,131,111,110,11,66
690,8,19,91,99,118,114,88,71,142
690,9,82,23,107,63,29,8,89,57
690,10,112,34,131,135,132,69,139,90
690,11,141,109,74,107,86,63,1,115
690,12,101,141,77,68,94,51,80,0
690,13,55,22,84,56,1,94,59,96
690,14,24,98,81,21,23,56,94,51
690,15,67,125,28,138,98,40,82,24
690,16,36,65,117,16,128,22,103,45
690,17,127,54,91,121,16,71,57,96
690,18,58,127,89,68,111,76,81,5
690,19,25,30,103,18,115,45,33,19
690,20,16,123,37,77,67,21,114,5
690,21,97,29,8,135,122,116,14,31
690,22,103,5,120,13,141,11,41,78
690,23,39,86,17,142,103,75,62,46
690,24,38,29,47,10,85,3,33,129
690,25,7,97,19,113,105,139,26,125
690,26,94,5,106,46,37,26,123,3
690,27,98,139,107,132,72,30,77,25
690,28,116,122,138,18,9,33,5,10
690,29,64,103,44,75,92,88,5,87
690,30,5,4,6,60,43,99,38,119
690,31,111,101,21,140,68,46,47,74
690,32,31,50,34,100,110,134,133,75
690,33,22,29,61,102,85,70,44,121
690,34,133,9,139,44,62,0,51,65
690,35,0,31,116,82,87,143,42,120
690,36,50,6,100,43,78,67,133,85
690,37,141,22,31,128,88,138,126,51
690,38,56,139,129,71,39,107,69,45
690,39,8,124,129,52,128,56,73,91
690,40,102,108,114,33,28,142,11,125
690,41,111,119,31,38,55,117,138,137
690,42,93,122,83,103,84,91,23,73
690,43,22,84,66,36,93,137,53,3
690,44,27,8,111,85,140,126,5,74
691,3,56,79,11,102,63,84,80,76
691,4,46,81,110,137,83,94,77,44
691,5,73,17,9,0,72,43,35,13
691,6,130,68,78,121,113,102,89,34
691,7,130,87,98,105,66,71,81,19
691,8,43,12,60,95,114,63,110,118
691,9,141,134,73,135,89,8,101,133
691,10,5,24,123,43,34,55,2,99
691,11,4,74,141,13,63,35,6,3
691,12,141,77,101,30,43,4,138,94
691,13,56,22,78,1,55,84,59,102
691,14,24,98,100,9,19,23,40,94
691,15,67,98,125,96,24,128,39,59
691,16,36,65,19,12,137,117,134,43
691,17,54,91,95,127,39,117,101,96
691,18,58,57,117,45,127,131,48,81
691,19,25,115,103,29,87,30,127,128
691,20,67,82,123,39,16,77,17,50
691,21,29,116,97,52,109,31,119,90
691,22,13,120,134,11,5,33,99,130
691,23,80,72,39,28,129,134,51,43
691,24,94,10,112,129,19,102,64,63
691,25,7,81,129,118,117,139,140,107
691,26,123,81,72,58,130,10,34,5
691,27,118,72,119,107,115,125,87,12
691,28,9,116,14,29,81,18,67,122
691,29,64,18,44,92,38,88,5,48
691,30,6,40,5,2,0,4,38,11
691,31,37,101,111,46,68,90,83,79
691,32,100,33,13,105,31,89,130,21
691,33,44,102,40,70,141,135,122,79
691,34,132,78,90,26,9,35,47,139
691,35,27,19,0,82,67,46,16,87
691,36,24,78,110,94,50,8,85,1
691,37,117,141,93,17,8,7,113,51
691,38,129,110,126,71,83,111,20,107
691,39,128,47,24,105,22,83,71,77
691,40,139,77,121,102,23,11,80,32
691,41,138,111,90,87,137,9,112,21
691,42,93,122,112,23,139,83,113,94
691,43,66,5,84,136,35,74,119,7
691,44,120,6,111,27,29,5,64,59
692,3,83,118,37,84,19,77,18,124
692,4,59,41,56,130,127,51,99,120
692,5,81,23,51,5,89,104,134,28
692,6,115,24,2,82,89,133,120,39
692,7,138,61,124,52,103,11,74,111
692,8,19,124,59,53,63,39,12,81
692,9,8,107,18,41,126,46,52,113
692,10,123,43,18,73,90,126,112,114
692,11,74,141,72,96,5,22,32,110
692,12,141,101,138,47,33,22,77,0
692,13,84,55,1,22,56,75,102,130
692,14,24,98,81,51,100,110,23,9
692,15,67,82,138,60,18,1,28,96
692,16,36,128,65,117,16,103,13,67
692,17,54,127,71,57,96,16,39,91
692,18,68,127,76,89,108,111,131,113
692,19,19,30,25,18,45,33,41,38
692,20,77,67,37,123,5,16,82,102
692,21,97,29,52,122,36,137,114,8
692,22,103,5,67,120,78,41,40,36
692,23,39,17,86,64,75,30,33,112
692,24,63,47,10,29,103,64,129,65
692,25,7,114,140,139,26,113,19,129
692,26,123,94,72,113,26,93,15,81
692,27,139,118,107,41,119,24,59,46
692,28,116,18,9,122,137,36,143,8
692,29,64,92,48,103,120,42,5,87
692,30,6,4,0,125,38,60,2,43
692,31,111,101,83,78,10,48,46,51
692,32,31,100,34,50,15,130,33,120
692,33,102,44,22,135,40,70,138,85
692,34,133,9,28,110,120,62,132,47
692,35,0,27,31,19,82,57,143,75
692,36,50,104,98,99,110,94,68,132
692,37,141,117,51,22,97,66,138,68
692,38,56,129,71,104,141,83,105,3
692,39,124,128,89,88,83,118,51,132
692,40,102,139,33,77,32,113,108,125
692,41,119,31,138,137,44,41,21,26
692,42,93,23,112,113,5,42,123,52
692,43,84,136,74,124,24,89,61,107
692,44,27,8,5,129,64,6,141,40
693,3,95,97,74,11,143,90,99,37
693,4,110,34,46,81,83,138,31,136
693,5,8,95,77,107,43,15,103,22
693,6,136,52,78,130,142,19,121,138
693,7,124,87,98,66,61,81,139,132
693,8,88,43,44,121,45,126,123,33
693,9,8,9,141,130,137,116,138,89
693,10,102,24,42,43,49,85,14,127
693,11,82,6,138,74,120,102,31,35
693,12,90,11,137,65,32,131,55,30
693,13,1,56,59,6,84,78,49,42
693,14,24,100,78,69,143,47,66,9
693,15,59,3,66,109,24,142,1,106
693,16,101,87,108,36,46,98,131,45
693,17,54,117,116,138,39,13,88,95
693,18,89,48,136,131,119,11,122,58
693,19,103,71,24,118,33,25,94,88
693,20,31,67,10,123,38,11,21,39
693,21,63,105,36,110,109,52,34,62
693,22,33,106,94,46,98,82,126,140
693,23,19,80,64,60,28,41,114,6
693,24,140,0,94,10,119,32,22,112
693,25,7,139,81,70,54,121,29,113
693,26,72,123,135,126,113,130,87,122
693,27,119,139,137,41,107,87,131,46
693,28,18,98,86,46,126,14,36,9
693,29,48,42,38,64,18,29,92,111
693,30,0,6,116,114,4,21,38,60
693,31,102,37,78,108,69,29,48,28
693,32,100,130,80,44,31,17,66,13
693,33,17,131,128,102,121,70,135,71
693,34,132,78,110,90,73,0,47,38
693,35,27,57,19,143,82,67,83,18
693,36,63,15,1,94,110,18,132,26
693,37,100,117,93,86,135,17,105,45
693,38,111,83,73,26,110,20,47,29
693,39,83,104,23,128,132,105,22,7
693,40,139,121,61,23,3,102,29,136
693,41,25,45,9,39,138,41,112,21
693,42,70,69,112,113,9,123,12,55
693,43,49,78,44,74,110,93,47,62
693,44,118,113,61,141,112,89,34,24
694,3,57,4,66,134,122,2,129,109
694,4,137,81,142,13,125,83,15,130
694,5,87,122,70,59,26,12,95,33
694,6,48,45,134,18,87,16,7,109
694,7,91,55,66,40,134,80,38,109
694,8,45,127,32,51,66,33,73,56
694,9,33,24,70,87,92,116,89,94
694,10,66,82,86,103,79,65,18,108
694,11,47,97,44,111,29,42,49,82
694,12,7,85,113,48,116,129,54,3
694,13,64,120,134,121,6,44,75,13
694,14,25,3,31,29,30,138,47,78
694,15,104,103,89,131,118,41,1,11
694,16,126,14,89,86,91,101,47,4
694,17,59,117,54,138,25,13,116,24
694,18,119,122,34,69,11,20,28,12
694,19,32,21,71,73,140,136,118,12
694,20,31,46,45,37,65,121,111,39
694,21,46,115,109,110,63,77,122,30
694,22,63,98,106,11,33,78,59,90
694,23,46,60,140,98,101,125,41,28
694,24,107,140,56,16,142,19,22,46
694,25,7,139,94,98,81,43,93,129
694,26,137,123,90,89,103,94,113,84
694,27,94,118,59,107,139,86,45,46
694,28,90,7,66,5,18,9,29,116
694,29,59,44,105,64,92,18,6,62
694,30,92,6,24,2,93,130,0,40
694,31,75,120,37,80,45,3,111,94
694,32,141,100,72,21,135,31,17,36
694,33,43,130,70,35,40,101,135,46
694,34,117,132,78,90,86,0,35,139
694,35,129,16,19,27,0,83,120,82
694,36,135,52,49,62,24,110,26,20
694,37,117,141,52,56,93,105,77,108
694,38,110,134,126,111,100,33,51,20
694,39,128,50,105,83,22,129,100,118
694,40,110,139,124,111,102,81,75,23
694,41,9,47,90,112,102,59,26,56
694,42,13,112,123,63,134,5,121,48
694,43,57,74,143,80,83,110,107,11
694,44,7,44,64,82,80,59,89,22
695,3,10,11,86,2,63,51,57,129
695,4,121,50,28,142,38,90,88,3
695,5,26,105,115,7,52,35,87,118
695,6,105,140,29,136,62,16,48,34
695,7,129,39,38,91,55,40,30,116
695,8,33,10,14,66,80,32,73,16
695,9,138,105,94,119,109,79,129,75
695,10,104,54,106,73,65,125,96,131
695,11,11,94,70,47,79,82,27,95
695,12,127,113,7,123,129,89,77,43
695,13,134,120,99,27,6,64,84,38
695,14,31,25,85,30,33,71,141,3
695,15,104,92,11,98,102,103,89,107
695,16,126,18,69,91,14,119,82,110
695,17,59,54,13,25,24,3,138,30
695,18,139,20,68,138,6,58,89,57
695,19,72,103,25,29,128,30,38,33
695,20,67,17,45,123,82,74,143,37
695,21,29,46,116,115,28,97,1,96
695,22,63,11,120,78,18,99,19,5
695,23,46,38,82,125,6,101,31,98
695,24,42,46,129,112,114,19,10,140
695,25,7,129,94,81,30,139,97,93
695,26,81,95,5,137,123,72,94,3
695,27,72,94,118,43,107,98,12,132
695,28,9,57,7,5,116,61,122,16
695,29,85,6,44,64,5,103,92,131
695,30,24,6,5,123,2,78,40,0
695,31,59,111,37,63,80,21,28,94
695,32,100,127,21,141,120,27,31,17
695,33,140,70,46,99,40,5,135,9
695,34,132,117,90,78,139,47,26,79
695,35,79,0,27,82,87,83,19,90
695,36,140,24,6,85,110,78,26,63
695,37,141,5,117,17,56,19,68,77
695,38,110,0,126,111,100,107,83,87
695,39,128,75,83,22,119,51,129,52
695,40,23,102,139,81,121,27,98,11
695,41,9,112,114,40,102,67,21,89
695,42,112,123,71,128,101,9,113,12
695,43,29,74,31,76,47,36,11,107
695,44,89,33,17,64,76,122,80,141
696,3,91,80,39,16,42,77,136,87
696,4,40,92,60,97,74,90,7,16
696,5,13,106,113,41,82,95,118,115
696,6,121,55,92,53,135,83,99,18
696,7,39,74,66,112,19,13,30,130
696,8,8,1,12,88,131,63,79,101
696,9,79,77,96,42,40,71,128,134
696,10,143,138,140,104,73,139,72,90
696,11,21,2,60,96,63,82,135,49
696,12,4,43,53,142,111,138,22,33
696,13,44,77,26,56,120,40,84,103
696,14,97,24,50,42,23,79,1,66
696,15,98,104,116,131,96,46,72,1
696,16,52,92,12,49,126,45,83,137
696,17,54,59,91,53,95,26,16,13
696,18,6,117,57,68,20,58,77,93
696,19,72,17,29,38,130,128,108,25
696,20,67,74,17,6,45,24,82,39
696,21,29,116,112,31,130,117,119,47
696,22,99,19,11,134,120,77,63,78
696,23,130,88,85,31,101,16,36,11
696,24,129,29,70,121,10,60,131,140
696,25,7,129,81,114,51,113,139,126
696,26,58,72,138,81,123,15,113,140
696,27,107,45,72,54,24,43,17,90
696,28,75,9,44,130,122,81,10,18
696,29,34,24,103,92,18,5,39,54
696,30,5,6,0,11,43,131,68,12
696,31,37,111,50,63,68,46,6,106
696,32,100,16,24,87,120,31,36,89
696,33,13,99,119,108,121,139,137,68
696,34,132,78,139,97,110,130,137,120
696,35,0,27,95,119,90,143,82,133
696,36,85,6,110,20,42,63,68,129
696,37,141,0,66,29,104,7,51,76
696,38,107,71,139,100,62,39,53,83
696,39,129,85,76,83,120,2,132,101
696,40,11,102,121,40,73,113,69,29
696,41,41,9,138,120,137,128,92,78
696,42,9,101,122,76,113,77,42,126
696,43,110,47,22,130,103,3,93,104
696,44,120,130,49,141,107,47,59,24
697,3,23,56,63,12,28,103,90,86
697,4,114,117,68,66,76,17,94,97
697,5,112,92,90,123,58,85,17,137
697,6,17,22,30,64,90,69,113,59
697,7,41,134,73,116,95,109,123,112
697,8,77,15,55,142,30,33,83,134
697,9,23,28,87,35,73,83,135,19
697,10,112,143,1,22,55,131,52,63
697,11,21,125,57,100,68,135,117,60
697,12,4,77,101,53,43,32,71,60
697,13,22,56,84,26,17,44,132,77
697,14,24,122,40,52,44,23,91,22
697,15,98,45,119,96,6,39,81,126
697,16,92,36,12,116,137,121,60,113
697,17,101,53,91,19,54,106,67,16
697,18,0,137,45,8,77,29,58,60
697,19,129,130,25,21,123,72,88,108
697,20,17,122,8,93,136,40,5,82
697,21,73,98,127,142,13,1,110,120
697,22,19,30,37,129,70,12,73,117
697,23,76,35,72,82,74,98,10,64
697,24,112,102,143,3,2,129,74,119
697,25,81,117,7,93,43,136,54,107
697,26,123,113,89,53,99,126,85,1
697,27,133,108,28,54,88,118,24,94
697,28,120,46,5,14,65,99,67,45
697,29,50,88,3,18,42,20,103,29
697,30,79,96,116,45,58,52,23,114
697,31,80,37,102,69,28,121,78,139
697,32,44,120,29,64,130,32,2,100
697,33,121,104,24,19,115,89,129,106
697,34,132,24,38,42,76,26,47,120
697,35,27,38,130,47,115,28,124,93
697,36,17,117,38,77,135,86,20,102
697,37,27,20,7,141,9,102,107,92
697,38,117,80,73,5,53,31,121,62
697,39,80,60,7,5,71,108,86,133
697,40,29,143,68,43,110,101,89,7
697,41,6,57,38,59,122,138,65,125
697,42,122,62,73,139,108,42,100,83
697,43,5,23,24,7,119,113,103,3
697,44,120,29,28,66,73,6,23,117
698,3,111,31,134,25,75,109,119,142
698,4,131,117,41,68,85,98,136,32
698,5,129,35,72,24,54,36,44,8
698,6,93,41,79,143,133,69,120,84
698,7,134,112,127,139,120,46,48,96
698,8,57,19,71,62,122,80,124,69
698,9,28,82,8,23,97,130,37,140
698,10,112,34,89,52,1,74,55,135
698,11,141,109,21,68,131,74,60,4
698,12,32,101,60,141,77,22,90,110
698,13,55,56,17,22,1,84,26,89
698,14,24,98,81,44,19,52,21,94
698,15,125,28,98,67,96,76,80,79
698,16,36,65,92,117,0,25,128,16
698,17,91,53,127,57,106,96,16,132
698,18,58,127,68,117,45,76,89,137
698,19,30,122,25,115,18,72,103,45
698,20,40,77,17,104,93,94,74,1
698,21,29,97,14,114,135,8,116,81
698,22,19,5,120,1,86,13,40,103
698,23,39,75,17,86,85,79,62,73
698,24,29,10,33,85,47,129,18,38
698,25,7,81,114,129,113,19,138,117
698,26,123,94,99,126,113,53,46,26
698,27,107,28,139,133,45,90,25,2
698,28,116,138,122,9,127,10,31,61
698,29,64,49,103,62,92,5,75,124
698,30,139,6,43,63,5,89,0,44
698,31,111,37,6,46,63,143,12,14
698,32,50,31,100,89,64,96,133,120
698,33,22,102,121,108,136,112,75,138
698,34,132,133,137,139,130,9,22,51
698,35,0,116,27,31,54,82,123,13
698,36,50,99,6,110,129,34,68,94
698,37,141,22,10,17,61,103,51,96
698,38,56,71,129,107,80,31,109,62
698,39,124,8,52,6,121,83,7,55
698,40,102,108,121,33,114,11,120,29
698,41,119,55,111,31,18,137,125,136
698,42,93,23,83,51,27,5,122,84
698,43,84,22,36,113,137,53,66,7
698,44,27,8,111,50,120,11,82,126
699,3,102,12,54,134,80,39,104,78
699,4,46,81,137,136,94,101,66,64
699,5,73,17,9,0,78,114,35,123
699,6,68,130,89,41,78,70,121,98
699,7,130,87,105,98,109,123,25,75
699,8,43,38,2,60,12,118,46,114
699,9,141,134,73,89,93,8,49,37
699,10,5,24,23,123,65,126,43,52
699,11,4,68,138,74,99,21,35,71
699,12,36,25,137,55,30,78,33,71
699,13,97,17,74,101,89,57,34,44
699,14,40,94,24,8,7,114,112,22
699,15,39,128,94,131,1,59,58,90
699,16,137,12,52,92,3,87,101,43
699,17,59,54,111,117,95,49,39,101
699,18,57,58,11,29,117,68,77,53
699,19,115,29,87,128,11,103,72,105
699,20,67,17,82,39,123,45,50,29
699,21,116,29,109,119,52,28,14,90
699,22,33,18,13,57,94,106,120,11
699,23,80,134,28,72,129,98,133,43
699,24,94,102,10,119,0,32,143,19
699,25,117,140,118,81,107,7,121,16
699,26,123,135,7,141,113,77,96,85
699,27,139,97,88,133,121,2,73,108
699,28,9,128,14,18,39,46,16,65
699,29,20,92,47,42,64,50,38,16
699,30,6,0,60,32,119,38,116,4
699,31,99,37,83,65,31,46,80,94
699,32,100,120,44,22,96,17,31,61
699,33,128,121,102,131,84,119,101,115
699,34,78,133,143,35,28,135,77,65
699,35,27,31,87,89,90,19,18,130
699,36,85,8,15,101,70,50,38,17
699,37,41,86,142,36,102,93,141,18
699,38,111,25,135,83,139,117,71,81
699,39,83,62,73,85,132,80,131,23
699,40,139,121,82,102,29,101,91,120
699,41,41,138,137,20,87,45,26,21
699,42,113,23,100,114,93,51,91,83
699,43,84,113,5,7,24,119,130,35
699,44,111,8,27,120,6,5,130,49
700,3,38,34,35,45,55,31,104,130
700,4,141,131,118,101,63,85,108,9
700,5,86,98,104,51,12,115,72,124
700,6,133,115,2,89,10,102,11,117
700,7,138,112,93,85,9,75,18,73
700,8,19,53,30,52,124,58,38,0
700,9,107,29,8,132,57,37,44,52
700,10,123,43,76,18,112,125,11,83
700,11,74,96,72,68,141,5,118,143
700,12,141,22,47,101,13,32,5,33
700,13,55,56,75,1,17,84,119,114
700,14,24,98,81,121,110,21,22,40
700,15,138,67,82,98,28,125,96,124
700,16,36,65,128,92,117,16,0,25
700,17,53,91,127,57,71,96,16,72
700,18,68,127,6,76,117,58,89,81
700,19,25,30,19,72,18,29,45,22
700,20,77,40,74,123,17,82,93,104
700,21,97,114,120,74,14,122,36,13
700,22,5,19,120,1,13,86,55,93
700,23,39,17,82,75,86,33,112,43
700,24,29,47,10,64,85,137,142,129
700,25,7,81,117,114,139,19,113,26
700,26,94,93,123,126,113,99,50,81
700,27,118,119,133,86,107,28,82,137
700,28,137,127,116,122,18,29,75,10
700,29,103,64,92,123,18,5,48,44
700,30,6,4,43,11,93,44,139,0
700,31,6,111,79,101,94,46,83,50
700,32,100,31,50,34,130,79,134,74
700,33,108,22,57,141,70,112,71,122
700,34,137,9,132,133,78,28,75,2
700,35,0,54,13,27,16,66,82,116
700,36,50,99,34,110,8,94,68,6
700,37,141,22,17,100,105,108,51,103
700,38,71,56,129,107,22,104,94,109
700,39,6,62,124,83,118,42,132,88
700,40,102,121,96,139,33,29,69,108
700,41,119,31,137,18,41,138,125,128
700,42,23,93,113,9,51,5,41,55
700,43,84,113,110,53,137,83,124,47
700,44,27,8,5,141,80,130,49,126
701,3,124,141,45,39,108,83,123,34
701,4,110,34,7,17,43,121,143,37
701,5,103,77,127,42,8,72,104,95
701,6,136,52,57,142,135,117,89,108
701,7,124,61,132,112,30,73,44,91
701,8,88,44,2,121,33,127,45,124
701,9,8,130,116,137,89,1,75,117
701,10,102,57,43,90,52,23,0,14
701,11,82,74,102,77,68,26,39,21
701,12,32,101,90,65,4,28,60,33
701,13,56,59,1,17,110,101,84,89
701,14,24,49,80,122,94,40,73,110
701,15,98,24,112,96,2,81,83,23
701,16,92,36,12,52,45,0,137,28
701,17,54,91,53,75,16,19,128,117
701,18,57,58,6,11,45,117,137,77
701,19,38,108,29,128,25,105,36,30
701,20,67,17,39,93,141,6,123,82
701,21,116,29,52,1,117,96,119,28
701,22,19,33,57,120,77,46,78,11
701,23,28,82,11,88,57,98,134,129
701,24,102,129,112,19,109,137,12,88
701,25,81,114,87,71,118,14,139,117
701,26,99,123,113,93,89,85,101,130
701,27,54,140,118,133,82,24,94,125
701,28,14,66,5,75,87,0,127,29
701,29,5,47,105,128,44,92,103,120
701,30,121,93,11,137,34,6,131,85
701,31,37,90,28,48,102,83,31,79
701,32,100,66,13,31,130,87,96,79
701,33,104,139,24,141,80,17,101,58
701,34,29,75,38,132,143,24,26,90
701,35,16,82,67,27,57,46,36,54
701,36,125,117,63,46,113,17,15,26
701,37,111,117,27,102,8,86,98,52
701,38,135,71,83,73,32,111,31,16
701,39,40,71,83,93,23,6,50,27
701,40,139,140,29,77,96,105,121,123
701,41,116,41,18,9,125,138,21,128
701,42,113,23,9,37,134,126,57,105
701,43,47,110,90,113,139,103,60,93
701,44,27,122,141,130,24,49,80,107
702,3,136,143,76,26,52,4,45,83
702,4,119,6,16,111,3,133,68,53
702,5,102,55,4,58,106,14,124,31
702,6,94,83,3,35,82,89,123,85
702,7,112,66,74,132,61,114,139,80
702,8,30,122,11,28,25,12,139,71
702,9,102,13,8,1,130,49,142,86
702,10,32,84,14,73,20,98,55,140
702,11,82,77,67,73,21,22,55,12
702,12,71,60,36,87,5,47,25,0
702,13,23,110,56,89,141,26,54,119
702,14,40,24,122,97,80,52,79,65
702,15,98,63,96,39,7,143,1,80
702,16,60,92,90,36,119,25,29,0
702,17,53,72,54,115,109,94,67,19
702,18,6,114,77,137,81,17,45,111
702,19,72,33,25,105,103,48,88,130
702,20,74,17,40,71,3,104,82,46
702,21,120,74,47,106,29,95,46,37
702,22,19,101,137,120,12,83,55,136
702,23,44,82,99,30,85,98,43,97
702,24,112,137,10,129,102,94,80,109
702,25,81,114,117,26,43,93,16,139
702,26,93,113,85,89,135,126,81,99
702,27,118,133,54,108,86,119,88,82
702,28,127,137,14,130,67,18,10,31
702,29,103,5,48,33,123,120,44,64
702,30,93,11,38,4,6,0,135,43
702,31,6,83,37,102,50,31,63,41
702,32,100,130,66,67,59,94,102,87
702,33,104,17,108,141,120,85,78,139
702,34,75,137,78,90,38,132,9,110
702,35,54,16,57,66,123,0,82,67
702,36,34,23,113,52,6,90,97,105
702,37,141,8,112,98,10,105,100,134
702,38,71,22,73,104,24,108,94,58
702,39,6,62,135,104,24,2,83,128
702,40,96,123,139,48,19,26,81,77
702,41,18,9,138,137,88,21,26,89
702,42,23,113,103,123,42,57,5,51
702,43,113,110,36,24,74,53,116,90
702,44,129,30,141,40,34,130,36,82
703,3,102,37,11,80,128,62,99,54
703,4,46,110,49,77,81,64,43,88
703,5,43,45,95,0,49,128,75,13
703,6,78,130,68,121,142,97,34,42
703,7,98,24,87,129,21,119,105,130
703,8,43,126,118,96,114,6,56,59
703,9,141,9,30,66,126,134,83,138
703,10,102,42,127,49,56,24,69,23
703,11,6,138,120,64,35,29,99,13
703,12,137,11,55,131,6,119,112,0
703,13,6,44,20,42,49,19,78,84
703,14,78,138,100,69,105,57,103,80
703,15,59,3,109,87,66,130,38,60
703,16,87,101,108,46,12,52,91,45
703,17,116,117,138,54,19,39,13,95
703,18,11,29,57,6,122,119,117,77
703,19,71,128,24,72,33,136,36,38
703,20,67,39,31,141,82,17,69,79
703,21,110,105,63,52,109,103,9,54
703,22,33,106,82,94,98,78,142,36
703,23,19,28,6,80,64,60,41,114
703,24,140,0,94,22,119,32,103,129
703,25,70,139,54,16,29,121,43,81
703,26,79,123,135,130,72,122,85,113
703,27,137,41,11,54,139,135,124,82
703,28,98,18,86,14,126,46,67,81
703,29,48,42,38,111,103,128,47,29
703,30,114,11,21,116,38,0,75,93
703,31,102,78,108,69,28,48,127,106
703,32,130,80,44,138,12,135,112,66
703,33,17,131,104,143,71,85,80,121
703,34,38,73,75,29,26,82,110,143
703,35,57,67,82,16,36,68,93,28
703,36,15,97,51,123,128,18,101,113
703,37,139,86,135,127,99,105,92,97
703,38,27,73,135,113,53,108,83,42
703,39,104,96,134,23,60,7,73,40
703,40,61,29,90,53,26,126,50,78
703,41,25,45,39,21,137,82,112,11
703,42,70,69,1,9,113,108,57,39
703,43,49,78,110,93,44,50,24,124
703,44,113,118,61,112,40,130,34,141
704,3,50,12,123,42,136,68,86,14
704,4,53,24,33,88,130,16,91,90
704,5,59,18,95,12,70,54,111,102
704,6,60,109,46,120,142,80,16,118
704,7,100,66,121,14,15,21,65,125
704,8,12,59,125,53,124,33,3,98
704,9,97,71,81,119,60,117,79,32
704,10,130,69,66,79,44,90,101,89
704,11,138,29,49,46,47,117,23,58
704,12,71,18,24,121,89,119,38,7
704,13,13,19,6,122,38,130,64,115
704,14,57,30,83,47,85,106,3,13
704,15,110,70,18,133,88,16,89,118
704,16,40,25,112,14,82,49,18,83
704,17,85,43,4,138,90,30,103,125
704,18,122,34,137,119,69,11,38,30
704,19,21,73,71,32,12,94,22,140
704,20,31,140,132,39,69,79,111,63
704,21,42,63,4,34,17,109,110,124
704,22,109,98,142,140,94,59,104,63
704,23,41,98,140,6,101,114,60,115
704,24,28,140,119,90,16,103,54,129
704,25,139,107,69,81,31,43,24,141
704,26,44,126,113,84,13,41,122,79
704,27,135,46,82,11,0,66,27,54
704,28,91,18,120,5,51,64,7,86
704,29,51,1,77,103,128,111,42,48
704,30,86,99,13,21,52,80,0,11
704,31,69,28,31,3,78,51,64,80
704,32,3,92,13,124,112,66,80,6
704,33,98,34,67,112,85,121,24,135
704,34,38,20,92,26,140,104,117,125
704,35,120,70,76,17,67,57,92,82
704,36,97,15,37,123,138,1,92,128
704,37,99,29,72,19,92,100,105,75
704,38,108,33,42,73,104,100,20,120
704,39,46,73,15,4,119,131,135,83
704,40,24,90,137,29,53,26,118,43
704,41,54,2,142,51,21,82,18,137
704,42,21,44,47,91,30,1,9,55
704,43,10,63,77,110,108,11,15,53
704,44,81,130,42,86,0,124,34,40
705,3,16,119,73,58,50,125,37,42
705,4,54,91,33,102,4,83,7,96
705,5,50,122,124,35,55,109,51,48
705,6,20,133,8,65,81,34,134,71
705,7,38,126,39,70,1,102,80,52
705,8,125,139,49,32,72,98,10,3
705,9,24,7,10,89,120,27,47,94
705,10,106,27,117,136,139,143,10,70
705,11,20,49,134,23,113,78,115,1
705,12,135,89,128,7,119,95,71,59
705,13,130,132,19,6,134,33,5,80
705,14,57,85,139,30,108,18,36,132
705,15,57,116,118,71,18,110,70,91
705,16,84,25,57,112,133,40,82,21
705,17,90,24,30,85,43,55,28,44
705,18,69,23,75,122,34,132,55,129
705,19,21,73,95,32,140,12,136,77
705,20,2,53,132,32,73,79,12,135
705,21,115,110,64,42,130,86,17,4
705,22,98,109,56,59,57,142,94,63
705,23,41,140,134,40,54,113,6,60
705,24,90,140,13,28,114,56,16,54
705,25,7,121,43,139,140,95,31,55
705,26,123,53,126,79,113,122,143,13
705,27,139,41,87,42,119,124,128,135
705,28,18,85,83,122,86,15,128,2
705,29,1,92,77,22,48,71,34,65
705,30,0,15,21,6,80,119,45,99
705,31,69,99,80,28,103,3,46,64
705,32,66,29,6,13,100,120,17,71
705,33,121,112,128,102,98,5,32,34
705,34,132,110,38,133,6,120,143,104
705,35,27,31,82,93,120,17,130,101
705,36,101,37,123,15,16,1,110,132
705,37,100,102,142,19,135,99,141,29
705,38,83,73,108,111,53,20,120,31
705,39,83,1,57,124,71,60,7,135
705,40,139,29,82,102,90,121,24,3
705,41,54,11,21,137,58,82,112,138
705,42,9,76,12,126,44,21,55,1
705,43,10,47,110,11,77,93,36,63
705,44,24,130,141,107,81,49,124,34
706,3,81,141,10,37,90,74,127,84
706,4,103,22,96,23,135,37,7,21
706,5,123,72,80,95,107,15,118,62
706,6,106,30,40,102,63,27,137,142
706,7,124,53,57,39,70,74,129,112
706,8,31,7,81,35,43,114,16,6
706,9,103,93,109,89,73,27,142,75
706,10,65,111,27,114,104,68,100,69
706,11,78,49,102,70,29,0,33,121
706,12,67,7,104,119,128,84,71,28
706,13,36,108,27,52,127,5,6,101
706,14,114,36,108,18,47,103,27,138
706,15,11,25,121,134,91,89,133,70
706,16,6,112,25,57,47,84,86,20
706,17,90,30,43,24,39,138,88,47
706,18,12,132,122,115,55,138,59,106
706,19,32,95,71,94,21,33,136,22
706,20,79,105,132,2,41,32,47,46
706,21,110,115,63,42,67,27,92,17
706,22,91,98,142,18,63,59,28,41
706,23,91,47,137,41,129,6,98,54
706,24,52,114,22,140,41,10,56,90
706,25,7,140,121,68,81,26,93,139
706,26,143,126,123,47,53,122,113,45
706,27,139,28,133,107,119,129,41,94
706,28,48,18,83,65,86,71,139,95
706,29,25,92,3,62,65,47,5,29
706,30,0,60,6,119,126,45,71,32
706,31,136,37,99,80,46,111,69,28
706,32,57,100,120,138,31,80,17,12
706,33,5,121,102,128,17,131,24,101
706,34,78,132,110,130,120,65,75,90
706,35,27,18,89,31,130,19,98,82
706,36,48,38,63,1,19,94,101,7
706,37,141,86,102,100,93,51,126,134
706,38,111,73,83,135,120,81,54,26
706,39,83,23,71,1,131,132,51,124
706,40,102,139,121,29,82,78,88,90
706,41,87,63,41,21,125,9,39,11
706,42,20,78,12,139,127,100,112,9
706,43,95,123,35,47,138,110,11,90
706,44,70,95,29,128,120,24,10,125
707,3,73,70,143,85,4,76,15,79
707,4,95,129,5,13,119,64,31,84
707,5,56,93,98,83,110,77,60,84
707,6,94,28,35,52,47,75,83,14
707,7,110,99,112,75,12,18,93,122
707,8,65,128,28,122,42,124,141,29
707,9,142,88,102,66,44,109,140,4
707,10,14,38,90,24,89,88,15,83
707,11,105,61,15,5,31,104,7,24
707,12,70,17,82,5,47,138,134,52
707,13,89,93,41,97,37,84,56,119
707,14,117,52,122,40,38,116,0,127
707,15,39,94,134,128,14,75,124,80
707,16,13,114,123,116,121,22,103,105
707,17,16,121,10,98,39,92,87,59
707,18,108,131,88,19,55,1,102,113
707,19,115,95,5,120,41,77,8,130
707,20,1,17,55,123,82,47,14,103
707,21,20,116,93,14,142,115,117,119
707,22,49,20,120,31,102,130,117,37
707,23,78,104,82,61,101,112,29,74
707,24,10,114,52,112,82,129,125,33
707,25,7,140,121,81,68,113,131,35
707,26,126,134,113,47,77,143,81,110
707,27,139,111,129,133,132,68,124,107
707,28,9,130,31,134,119,48,83,143
707,29,25,7,92,28,62,1,0,131
707,30,60,122,6,136,0,10,68,87
707,31,99,131,111,46,143,34,93,14
707,32,71,31,100,138,110,133,75,22
707,33,121,81,108,102,5,125,138,16
707,34,105,78,130,67,120,136,110,70
707,35,27,36,4,25,18,31,33,143
707,36,48,101,39,38,67,119,14,132
707,37,141,102,23,142,67,129,108,119
707,38,31,94,20,47,15,119,56,62
707,39,12,10,39,83,135,110,118,100
707,40,102,139,29,63,91,49,79,68
707,41,41,77,27,18,137,125,36,9
707,42,78,84,121,134,105,9,33,5
707,43,47,110,132,83,97,33,11,74
707,44,130,49,141,51,20,24,124,80
708,3,118,18,4,24,63,26,85,64
708,4,105,125,29,86,7,6,9,23
708,5,130,88,8,22,10,4,76,128
708,6,105,78,42,69,20,52,65,123
708,7,22,102,50,0,94,112,66,18
708,8,95,46,143,11,0,68,49,26
708,9,143,13,21,122,142,80,71,96
708,10,32,94,85,101,5,24,98,139
708,11,67,119,115,44,0,45,19,33
708,12,65,46,77,87,82,142,70,17
708,13,110,23,56,119,89,25,97,59
708,14,7,24,91,40,52,18,68,70
708,15,120,81,39,124,96,128,63,94
708,16,121,36,114,116,0,79,10,125
708,17,10,16,77,109,98,19,91,6
708,18,101,131,58,53,126,71,68,1
708,19,115,5,130,72,103,25,28,122
708,20,1,17,123,136,11,55,14,56
708,21,142,80,20,141,117,116,123,64
708,22,137,102,120,31,42,19,117,61
708,23,82,85,61,97,112,33,133,101
708,24,112,125,10,105,129,138,16,143
708,25,7,140,121,113,114,1,81,139
708,26,126,113,134,53,77,90,50,124
708,27,111,139,68,124,133,46,87,0
708,28,119,9,130,31,18,66,6,96
708,29,0,28,92,58,29,25,71,131
708,30,0,60,63,6,10,136,89,43
708,31,111,99,37,28,46,82,14,41
708,32,17,71,31,100,142,133,75,64
708,33,125,108,7,138,81,102,5,121
708,34,105,67,86,78,0,110,120,136
708,35,36,27,0,129,119,18,82,48
708,36,48,14,39,101,62,85,27,49
708,37,141,142,51,134,98,10,23,94
708,38,83,62,47,128,48,20,13,2
708,39,110,12,83,135,118,90,40,1
708,40,102,139,63,68,29,19,91,103
708,41,27,41,9,18,80,137,21,35
708,42,121,78,105,55,134,111,23,100
708,43,65,11,74,47,53,24,142,112
708,44,126,80,141,49,103,44,116,89
709,3,141,80,69,74,90,86,133,11
709,4,13,44,25,102,109,91,77,88
709,5,72,95,104,30,141,2,138,140
709,6,24,62,142,48,11,42,38,135
709,7,108,117,124,53,55,57,120,39
709,8,114,121,104,43,45,95,127,81
709,9,56,109,131,75,83,67,73,86
709,10,51,103,57,9,128,126,65,73
709,11,101,102,106,3,26,49,39,138
709,12,131,127,0,21,119,65,36,57
709,13,86,41,27,6,60,56,59,1
709,14,49,55,24,18,103,2,40,54
709,15,112,20,11,96,120,121,68,98
709,16,116,69,74,63,132,45,46,126
709,17,16,39,10,74,30,90,53,63
709,18,53,111,89,131,0,90,105,115
709,19,103,95,25,8,33,77,71,21
709,20,46,120,14,93,5,37,132,97
709,21,141,115,28,142,20,74,120,104
709,22,46,141,29,137,0,103,61,18
709,23,134,112,82,85,125,128,46,44
709,24,126,112,140,46,125,143,32,56
709,25,94,81,69,136,93,121,139,26
709,26,126,113,7,130,90,27,53,19
709,27,133,124,131,111,46,68,42,45
709,28,130,119,67,66,86,31,18,80
709,29,29,0,1,48,103,44,120,89
709,30,0,89,21,15,86,74,92,136
709,31,1,82,89,28,69,78,102,3
709,32,66,71,17,142,31,138,64,61
709,33,125,138,106,43,126,112,41,140
709,34,105,86,67,104,110,26,47,53
709,35,27,28,124,9,76,129,0,36
709,36,62,99,123,39,27,101,20,63
709,37,10,142,141,119,94,9,56,97
709,38,47,48,110,83,108,104,0,11
709,39,135,110,119,75,74,22,53,50
709,40,102,29,43,53,139,68,26,23
709,41,116,112,77,18,21,9,137,7
709,42,55,121,113,123,12,9,134,37
709,43,11,47,104,110,93,77,24,76
709,44,80,124,44,130,141,104,109,24
710,3,99,1,7,102,69,86,78,15
710,4,28,72,142,88,101,13,91,23
710,5,125,4,32,114,95,8,42,112
710,6,29,140,107,70,48,11,71,42
710,7,100,116,1,137,132,55,71,101
710,8,111,44,43,80,114,14,81,53
710,9,138,119,105,94,120,79,16,88
710,10,54,27,51,38,77,97,40,90
710,11,94,11,101,29,3,102,1,49
710,12,127,109,94,135,0,7,119,128
710,13,45,27,91,99,86,54,33,96
710,14,31,71,33,40,135,29,18,141
710,15,16,92,20,121,98,103,11,36
710,16,69,74,18,112,116,47,13,91
710,17,90,139,30,39,24,38,6,53
710,18,105,132,122,75,138,89,109,111
710,19,95,77,71,140,25,21,32,33
710,20,143,37,12,46,5,82,47,120
710,21,115,28,96,141,110,63,111,91
710,22,11,18,57,141,78,103,63,29
710,23,38,46,134,112,140,63,4,40
710,24,42,46,140,126,114,143,56,112
710,25,7,94,121,140,81,1,113,93
710,26,95,126,113,77,141,138,35,53
710,27,139,94,129,68,111,133,24,124
710,28,7,9,57,83,65,60,140,56
710,29,85,6,34,24,44,92,103,41
710,30,123,0,6,24,60,22,15,74
710,31,26,59,99,111,28,37,136,141
710,32,17,127,21,31,60,100,142,64
710,33,140,46,121,138,102,33,16,79
710,34,105,78,86,110,130,136,120,34
710,35,79,18,27,0,107,31,128,82
710,36,140,101,62,123,63,16,108,121
710,37,142,141,5,102,19,56,85,61
710,38,0,110,47,142,56,13,73,128
710,39,83,110,57,75,135,60,118,90
710,40,102,23,139,29,103,110,90,88
710,41,41,9,114,125,112,11,21,40
710,42,12,55,9,123,71,100,5,134
710,43,76,47,29,11,110,93,77,35
710,44,109,24,141,80,76,33,107,124
711,3,23,53,63,32,127,90,86,121
711,4,114,84,23,61,137,115,136,122
711,5,112,106,41,92,113,123,137,28
711,6,17,22,30,64,135,92,99,42
711,7,41,134,85,101,55,44,130,75
711,8,77,15,43,114,91,53,51,121
711,9,23,77,28,87,79,35,116,119
711,10,112,143,63,22,91,27,77,14
711,11,125,57,63,78,100,70,21,94
711,12,77,127,101,94,98,90,0,4
711,13,22,40,56,84,110,90,59,27
711,14,98,24,31,71,40,122,33,126
711,15,98,119,45,96,92,16,123,11
711,16,136,113,74,69,59,20,116,36
711,17,139,88,53,63,16,10,39,95
711,18,131,53,78,105,58,68,111,89
711,19,103,25,87,90,115,5,82,95
711,20,123,5,40,143,82,68,79,93
711,21,78,96,17,110,97,68,115,5
711,22,141,120,47,42,110,61,77,130
711,23,38,82,55,136,142,121,47,54
711,24,112,114,100,42,10,129,60,46
711,25,7,140,121,113,97,138,95,1
711,26,95,5,126,141,77,19,45,110
711,27,139,49,94,98,72,41,124,24
711,28,9,44,21,140,116,56,7,122
711,29,24,85,92,142,34,13,120,126
711,30,0,5,6,60,78,123,14,67
711,31,111,21,37,15,28,106,102,46
711,32,17,50,31,79,16,64,138,86
711,33,61,119,136,116,79,138,115,112
711,34,97,133,142,139,78,88,11,53
711,35,90,0,31,87,18,82,14,107
711,36,85,120,100,6,129,86,78,68
711,37,141,142,41,7,119,97,31,108
711,38,39,139,70,25,107,8,49,13
711,39,73,129,85,83,57,54,141,71
711,40,102,41,11,33,142,120,90,12
711,41,78,119,31,38,94,120,15,35
711,42,139,62,122,100,42,73,39,27
711,43,35,5,84,7,23,95,138,45
711,44,29,73,120,28,23,59,82,128
712,3,111,34,36,25,68,74,69,54
712,4,131,98,19,84,30,62,63,90
712,5,58,138,28,32,93,135,44,140
712,6,103,93,79,41,125,39,84,111
712,7,138,74,25,134,112,101,53,130
712,8,19,53,89,118,51,60,114,88
712,9,82,23,29,28,63,115,77,107
712,10,112,34,59,132,69,131,139,90
712,11,141,107,63,109,74,22,21,1
712,12,77,101,141,80,4,129,33,68
712,13,55,22,84,56,1,59,94,119
712,14,24,98,81,52,56,40,23,38
712,15,98,67,28,125,138,96,63,83
712,16,36,65,16,128,117,12,74,114
712,17,127,16,91,10,132,67,54,71
712,18,58,127,68,57,53,126,76,131
712,19,115,25,30,103,18,45,102,33
712,20,77,67,16,123,8,125,114,45
712,21,29,97,135,8,14,122,77,116
712,22,5,31,120,13,103,141,11,41
712,23,39,86,17,142,75,105,48,85
712,24,60,29,10,33,18,38,85,47
712,25,7,114,19,113,121,94,90,139
712,26,94,26,113,123,77,15,1,126
712,27,139,107,108,111,97,25,124,94
712,28,116,138,122,127,18,137,9,75
712,29,64,120,103,92,29,75,41,5
712,30,6,60,0,20,43,86,139,4
712,31,111,6,82,46,78,41,136,101
712,32,31,100,50,34,17,133,75,64
712,33,102,57,22,138,81,112,139,70
712,34,105,28,133,137,53,9,75,130
712,35,0,82,31,27,116,41,136,133
712,36,50,34,99,6,104,19,76,78
712,37,141,98,22,51,134,142,117,119
712,38,56,129,71,24,22,104,105,40
712,39,124,8,121,20,132,21,52,62
712,40,102,108,139,33,28,114,5,132
712,41,119,111,31,55,38,18,137,94
712,42,93,122,83,100,23,103,84,27
712,43,22,84,36,137,3,66,7,53
712,44,27,111,8,82,50,126,85,5
713,3,11,56,102,62,74,37,134,104
713,4,46,81,137,110,136,65,64,77
713,5,73,17,9,114,139,78,60,4
713,6,68,130,78,121,82,135,34,87
713,7,130,87,98,105,61,19,25,109
713,8,43,53,12,60,114,110,95,11
713,9,141,134,135,117,8,73,140,77
713,10,5,24,56,22,43,123,34,99
713,11,4,74,138,137,41,20,35,21
713,12,66,50,36,28,33,21,30,70
713,13,89,97,0,34,57,44,128,37
713,14,52,117,40,116,38,18,24,22
713,15,39,128,94,80,134,125,99,45
713,16,114,121,13,116,36,123,110,79
713,17,10,77,98,91,41,20,81,72
713,18,101,58,126,131,57,1,53,68
713,19,115,5,130,97,138,75,65,143
713,20,17,67,1,82,136,131,76,62
713,21,116,142,80,29,11,47,30,117
713,22,120,130,134,25,57,0,103,19
713,23,82,85,63,131,10,133,68,29
713,24,112,105,138,120,10,102,143,14
713,25,7,140,121,138,35,1,71,90
713,26,141,76,113,77,54,138,21,45
713,27,139,27,125,28,97,124,0,129
713,28,9,87,10,1,81,127,96,143
713,29,64,92,142,96,89,24,57,133
713,30,60,6,0,66,119,35,68,139
713,31,111,62,37,56,6,14,32,15
713,32,31,17,142,51,100,68,59,50
713,33,102,58,79,115,95,121,138,81
713,34,130,78,28,139,53,72,6,16
713,35,18,143,25,82,31,101,5,81
713,36,38,58,29,59,78,101,128,26
713,37,142,51,102,101,67,29,85,64
713,38,56,31,40,13,3,87,53,71
713,39,57,83,73,118,80,20,99,131
713,40,102,139,5,6,132,91,77,78
713,41,41,28,125,115,18,135,138,136
713,42,105,100,83,113,93,12,23,122
713,43,5,119,84,7,136,66,3,35
713,44,111,6,29,120,27,51,18,8
714,3,83,118,37,84,19,124,10,77
714,4,41,59,56,130,66,63,120,13
714,5,81,23,51,5,67,89,104,15
714,6,115,24,2,82,133,39,120,89
714,7,138,61,124,103,52,44,70,92
714,8,19,53,39,63,124,76,12,59
714,9,8,107,18,52,41,135,76,126
714,10,123,43,112,73,18,90,114,21
714,11,74,141,72,22,96,52,86,63
714,12,141,101,77,33,22,13,4,0
714,13,55,56,22,1,59,75,84,33
714,14,24,98,52,81,23,34,94,51
714,15,67,138,82,98,96,28,81,18
714,16,36,128,65,16,117,98,85,31
714,17,127,16,54,57,91,71,86,115
714,18,68,58,89,127,136,53,131,108
714,19,25,103,115,30,19,90,18,33
714,20,77,123,8,11,5,67,45,71
714,21,97,110,122,74,114,91,29,13
714,22,42,119,5,46,41,103,31,61
714,23,39,82,48,98,128,101,30,112
714,24,60,10,112,18,129,137,107,100
714,25,7,114,121,94,113,139,81,31
714,26,113,77,72,126,103,123,50,26
714,27,139,111,0,68,133,107,108,27
714,28,116,127,137,6,18,75,138,130
714,29,64,120,92,29,103,41,5,2
714,30,6,0,60,20,43,139,16,11
714,31,6,111,82,99,41,46,1,28
714,32,31,34,17,100,50,129,128,133
714,33,102,57,44,22,138,81,70,71
714,34,105,28,137,53,29,9,75,130
714,35,0,82,27,31,41,13,19,136
714,36,99,34,104,50,19,27,101,94
714,37,141,142,51,134,98,117,119,61
714,38,56,129,71,24,22,128,83,105
714,39,124,62,63,21,105,47,128,118
714,40,102,139,5,33,96,132,108,71
714,41,119,31,18,137,21,27,138,26
714,42,23,93,113,105,121,12,100,42
714,43,84,74,53,124,93,107,7,116
714,44,27,8,5,126,64,6,76,82
715,3,124,141,39,45,123,8,115,13
715,4,110,34,7,13,23,138,37,129
715,5,42,8,77,103,95,15,39,114
715,6,136,52,142,24,12,49,40,44
715,7,124,61,132,112,103,122,44,30
715,8,88,44,2,121,114,33,95,11
715,9,8,116,130,77,137,140,117,89
715,10,102,43,14,57,90,56,63,52
715,11,82,74,63,102,39,18,110,86
715,12,32,4,65,101,90,28,77,33
715,13,1,59,56,110,17,84,44,101
715,14,24,49,52,40,7,94,111,56
715,15,96,24,112,98,67,39,81,100
715,16,36,12,114,121,134,10,126,65
715,17,91,10,127,54,16,98,109,73
715,18,58,68,126,89,117,131,57,127
715,19,115,103,25,30,5,41,102,122
715,20,123,67,17,1,77,0,46,16
715,21,29,97,142,95,116,52,35,28
715,22,46,120,11,5,141,103,26,78
715,23,39,82,85,57,30,44,1,101
715,24,112,60,137,129,10,105,81,32
715,25,114,7,121,81,94,139,113,11
715,26,113,123,126,50,72,103,26,71
715,27,111,133,119,28,76,107,108,97
715,28,116,137,127,130,67,6,18,75
715,29,64,120,44,29,103,60,92,41
715,30,6,0,20,2,60,11,43,131
715,31,6,82,1,101,41,136,46,111
715,32,31,100,17,34,85,61,129,133
715,33,102,57,44,138,112,139,73,71
715,34,105,28,29,137,132,86,53,130
715,35,82,27,48,8,41,0,46,19
715,36,99,34,62,101,104,88,143,90
715,37,134,117,98,142,51,102,141,8
715,38,71,24,56,129,22,128,111,126
715,39,62,128,105,63,40,6,102,75
715,40,139,96,77,29,102,132,23,25
715,41,116,18,52,138,41,21,137,28
715,42,113,105,12,100,23,121,123,134
715,43,100,47,74,77,116,11,93,136
715,44,27,76,122,24,141,64,80,89
716,3,11,116,100,86,74,90,39,46
716,4,110,113,10,48,119,21,49,64
716,5,134,124,125,82,102,104,15,58
716,6,142,68,82,42,78,16,34,118
716,7,98,126,55,66,38,122,121,61
716,8,43,66,121,6,104,108,84,50
716,9,75,9,120,141,89,140,88,27
716,10,106,102,127,24,83,65,90,69
716,11,6,8,82,101,138,1,139,102
716,12,122,131,55,128,0,7,30,65
716,13,33,6,19,59,27,96,132,36
716,14,138,24,141,66,103,57,69,18
716,15,59,66,11,80,25,107,118,131
716,16,71,101,108,133,46,112,87,82
716,17,90,39,54,30,117,16,106,132
716,18,89,11,103,53,55,136,105,119
716,19,95,103,25,128,77,33,21,90
716,20,46,132,67,79,93,21,38,123
716,21,115,110,28,109,10,105,97,87
716,22,82,106,33,46,18,59,57,80
716,23,80,60,134,112,114,82,128,101
716,24,140,22,0,114,94,126,56,32
716,25,139,122,93,69,70,16,24,40
716,26,126,130,79,135,113,19,7,49
716,27,124,131,121,133,46,11,45,27
716,28,86,126,67,46,130,98,18,143
716,29,29,48,42,103,140,128,75,1
716,30,75,45,114,21,116,86,11,0
716,31,102,78,136,1,51,89,28,108
716,32,130,25,12,138,80,9,31,142
716,33,17,85,67,3,106,138,5,41
716,34,75,82,47,104,45,26,20,36
716,35,57,76,124,101,98,115,58,138
716,36,51,97,13,15,123,128,99,18
716,37,135,139,92,9,127,97,44,81
716,38,113,42,47,27,11,104,20,131
716,39,104,15,53,96,134,135,60,108
716,40,61,53,126,90,26,24,29,50
716,41,25,45,39,21,58,29,112,132
716,42,70,69,55,113,108,39,57,9
716,43,49,78,110,50,93,109,24,53
716,44,113,61,118,40,36,112,34,130
717,3,50,12,123,42,136,63,87,14
717,4,53,24,33,6,88,143,121,91
717,5,18,95,59,70,12,102,71,29
717,6,60,109,46,118,80,102,128,142
717,7,100,66,121,126,14,15,125,52
717,8,12,59,3,125,24,53,114,139
717,9,81,60,97,71,75,57,89,143
717,10,130,66,69,44,90,79,41,106
717,11,138,29,49,46,47,23,69,117
717,12,71,24,18,7,119,74,21,89
717,13,33,19,13,64,6,130,38,122
717,14,57,30,83,85,103,106,135,47
717,15,110,70,18,88,134,133,69,1
717,16,25,40,82,112,18,14,71,49
717,17,90,85,24,30,116,103,101,100
717,18,11,75,119,122,34,33,137,69
717,19,21,32,136,73,140,118,22,71
717,20,132,46,31,12,110,73,140,111
717,21,115,109,17,63,110,42,4,130
717,22,109,98,59,142,104,18,57,106
717,23,41,134,140,60,101,6,98,112
717,24,140,28,90,103,16,119,22,143
717,25,139,69,107,24,40,122,81,66
717,26,126,44,113,7,79,130,49,13
717,27,46,135,121,11,124,82,27,0
717,28,91,120,86,18,7,130,51,67
717,29,51,1,29,77,48,128,88,125
717,30,86,99,21,13,45,0,11,80
717,31,69,51,28,3,136,78,102,77
717,32,3,92,112,124,130,13,9,138
717,33,98,67,34,112,85,106,5,126
717,34,20,38,92,104,140,75,26,42
717,35,120,76,70,17,60,57,28,67
717,36,97,15,92,123,37,1,128,138
717,37,99,29,75,72,92,135,105,40
717,38,33,108,42,100,104,47,11,20
717,39,46,15,73,119,131,135,4,120
717,40,24,137,90,29,53,26,69,27
717,41,54,2,142,51,37,58,21,112
717,42,21,55,47,44,30,91,5,39
717,43,10,63,77,108,15,110,11,53
717,44,81,86,0,42,124,130,40,104
718,3,73,39,47,76,58,12,8,2
718,4,102,112,86,6,113,15,125,33
718,5,131,11,15,7,113,82,124,139
718,6,8,46,37,81,73,60,38,135
718,7,102,112,110,74,75,70,122,71
718,8,139,10,49,65,26,46,66,12
718,9,73,89,120,88,24,64,86,129
718,10,133,37,10,18,69,101,27,72
718,11,49,99,113,66,121,23,19,86
718,12,7,24,99,95,18,111,17,119
718,13,44,13,134,33,132,106,101,34
718,14,40,36,67,18,51,32,50,109
718,15,69,38,121,35,57,106,72,65
718,16,125,112,25,47,82,0,91,133
718,17,24,90,30,59,55,43,101,128
718,18,34,69,70,75,33,20,100,23
718,19,136,32,42,21,140,73,95,22
718,20,12,132,73,2,46,110,39,81
718,21,115,110,130,17,122,86,42,91
718,22,59,65,18,104,98,19,57,35
718,23,140,134,36,112,2,41,3,101
718,24,140,22,56,90,143,16,28,129
718,25,122,139,69,23,19,114,24,93
718,26,126,7,79,50,44,3,113,119
718,27,11,133,46,131,27,124,121,45
718,28,75,86,67,120,130,135,85,18
718,29,100,29,48,51,1,65,137,81
718,30,21,86,12,56,11,45,74,64
718,31,122,31,69,28,139,103,78,51
718,32,112,138,29,19,134,142,88,9
718,33,106,139,87,67,100,120,6,30
718,34,100,104,75,82,26,45,70,38
718,35,123,28,57,72,93,67,117,76
718,36,123,97,15,51,92,110,108,143
718,37,135,19,92,61,96,115,29,9
718,38,128,73,47,15,87,27,104,141
718,39,62,135,110,15,60,53,120,44
718,40,43,29,26,107,113,118,136,69
718,41,18,21,22,58,29,82,137,125
718,42,55,113,108,1,134,9,57,5
718,43,72,104,50,110,11,53,109,93
718,44,124,40,80,130,24,36,141,34
719,3,59,72,86,53,50,74,37,90
719,4,73,80,16,93,96,103,20,30
719,5,9,30,99,91,13,97,66,88
719,6,142,66,92,116,42,38,81,49
719,7,118,69,98,27,112,11,30,53
719,8,22,137,25,17,72,45,43,93
719,9,52,140,131,89,95,73,38,128
719,10,83,128,13,102,132,56,27,58
719,11,1,8,132,0,16,6,49,78
719,12,7,57,120,84,99,119,42,0
719,13,6,134,44,70,15,59,25,33
719,14,73,36,138,112,85,69,103,89
719,15,117,68,102,59,11,106,100,65
719,16,47,27,46,82,108,91,57,112
719,17,24,30,90,38,45,39,17,59
719,18,89,58,136,132,75,20,53,11
719,19,95,25,103,77,115,91,21,90
719,20,46,12,132,120,5,37,65,48
719,21,115,28,110,99,73,141,96,134
719,22,18,57,35,29,141,59,56,78
719,23,134,140,112,113,4,41,54,60
719,24,140,22,143,120,46,126,3,112
719,25,16,122,69,139,29,113,93,121
719,26,126,44,135,79,113,7,119,13
719,27,133,124,46,45,131,139,68,42
719,28,86,67,120,126,130,134,48,87
719,29,29,48,3,25,89,103,75,84
719,30,21,75,0,11,86,74,114,45
719,31,102,78,29,136,89,86,28,103
719,32,12,25,138,130,66,80,44,45
719,33,106,17,129,138,102,121,127,5
719,34,73,82,45,76,47,75,136,67
719,35,57,27,124,101,28,93,115,18
719,36,51,37,18,97,69,123,20,111
719,37,115,141,142,97,92,135,7,9
719,38,27,113,104,53,20,16,40,73
719,39,53,110,60,71,120,83,135,132
719,40,102,29,121,61,43,53,55,139
719,41,39,58,41,125,54,45,128,21
719,42,70,55,108,134,9,12,39,83
719,43,49,110,50,93,109,53,47,124
719,44,40,61,130,24,141,80,49,124
720,3,2,41,24,67,93,89,4,12
720,4,86,122,68,83,112,22,55,136
720,5,42,31,86,64,127,28,68,139
720,6,138,52,118,39,35,85,92,128
720,7,112,22,74,130,19,124,105,12
720,8,68,53,28,95,51,16,139,124
720,9,49,88,81,142,143,130,15,83
720,10,85,20,14,4,140,86,18,30
720,11,67,55,73,115,121,12,104,99
720,12,71,103,87,70,5,117,17,82
720,13,56,89,101,65,54,110,25,119
720,14,7,40,52,24,113,34,22,51
720,15,39,98,124,93,6,1,27,90
720,16,125,114,60,0,32,54,116,36
720,17,53,19,16,10,98,94,118,73
720,18,77,114,45,6,58,68,17,137
720,19,130,114,39,25,48,17,33,38
720,20,17,1,74,46,76,14,93,5
720,21,20,142,115,14,68,119,113,3
720,22,19,55,31,20,102,11,37,18
720,23,78,82,104,61,4,11,112,49
720,24,33,125,46,59,82,129,143,80
720,25,81,136,7,94,9,113,68,112
720,26,126,134,90,47,44,119,92,13
720,27,133,107,0,103,124,70,28,30
720,28,31,130,120,134,4,66,13,96
720,29,28,25,94,100,103,71,92,5
720,30,10,63,136,60,0,16,6,43
720,31,37,31,14,62,10,26,143,51
720,32,41,109,100,71,31,135,47,36
720,33,130,43,125,121,108,97,120,81
720,34,67,110,105,132,120,140,62,70
720,35,27,129,18,117,124,62,0,123
720,36,14,135,39,116,49,37,64,104
720,37,141,23,129,115,10,61,9,96
720,38,48,134,20,128,58,62,108,130
720,39,12,4,62,17,110,135,10,83
720,40,102,124,121,29,132,71,113,26
720,41,41,77,90,128,9,111,137,18
720,42,121,9,55,111,2,134,5,42
720,43,110,47,12,60,120,90,37,53
720,44,80,38,135,24,107,49,141,65
721,3,136,143,45,26,67,4,51,76
721,4,6,76,53,133,51,7,48,87
721,5,20,41,12,35,55,6,44,117
721,6,94,35,123,81,65,69,3,89
721,7,18,103,112,74,101,11,40,42
721,8,28,30,110,44,69,118,25,80
721,9,102,13,49,122,121,128,142,1
721,10,32,14,86,98,139,89,40,20
721,11,67,61,112,73,115,121,66,97
721,12,70,71,117,60,103,77,28,36
721,13,89,119,56,23,97,93,57,124
721,14,40,7,52,24,122,0,34,97
721,15,98,63,96,128,40,39,102,90
721,16,60,74,25,125,36,29,32,90
721,17,53,16,109,54,63,139,92,10
721,18,6,114,68,115,105,137,22,111
721,19,103,114,25,17,72,95,130,33
721,20,74,1,100,14,46,97,143,120
721,21,13,95,120,141,113,115,74,70
721,22,137,19,118,31,83,55,37,12
721,23,112,99,44,82,55,85,125,4
721,24,46,112,125,129,143,3,10,69
721,25,81,7,136,94,113,45,9,58
721,26,126,90,124,92,77,99,119,113
721,27,133,70,139,107,115,32,28,82
721,28,130,31,66,120,122,134,80,119
721,29,94,103,58,44,25,116,109,101
721,30,0,21,6,135,74,87,86,16
721,31,37,26,31,62,51,136,111,120
721,32,66,31,100,128,76,133,41,86
721,33,130,43,125,120,81,138,9,68
721,34,132,67,110,105,86,133,28,104
721,35,0,129,16,117,14,57,9,42
721,36,62,23,49,116,135,6,37,111
721,37,141,10,115,22,99,52,56,9
721,38,48,128,56,0,20,134,104,47
721,39,62,4,135,75,17,98,52,132
721,40,102,124,11,129,73,23,139,121
721,41,90,9,54,130,137,89,18,21
721,42,111,55,5,9,121,76,12,42
721,43,110,76,47,124,57,116,90,93
721,44,44,109,80,120,24,7,34,126
722,3,23,94,84,40,12,63,8,53
722,4,114,122,140,23,137,135,85,61
722,5,112,92,123,35,137,135,95,128
722,6,22,17,64,30,48,57,123,73
722,7,41,97,104,134,137,14,67,25
722,8,77,53,124,66,15,43,91,25
722,9,23,28,87,51,98,96,86,88
722,10,112,143,63,22,54,65,71,91
722,11,125,57,100,78,94,0,20,101
722,12,77,127,98,101,36,33,109,28
722,13,22,54,86,45,90,84,56,70
722,14,103,95,55,122,24,16,40,98
722,15,45,119,98,40,76,36,80,99
722,16,80,74,59,136,113,116,20,29
722,17,16,39,139,72,95,53,38,43
722,18,132,75,114,12,0,115,134,78
722,19,32,129,73,140,85,33,51,64
722,20,1,46,79,47,143,9,5,102
722,21,113,110,120,115,30,14,133,16
722,22,12,37,19,98,23,91,141,138
722,23,112,48,98,58,2,140,70,10
722,24,46,126,129,27,52,100,56,113
722,25,122,113,94,45,5,9,81,66
722,26,47,119,126,3,44,92,19,115
722,27,133,138,94,35,25,58,14,107
722,28,120,116,138,134,60,21,5,50
722,29,135,25,140,96,24,103,41,75
722,30,14,16,126,60,92,71,74,24
722,31,37,136,68,39,31,60,28,59
722,32,31,86,105,59,23,64,133,27
722,33,106,3,85,129,121,138,6,143
722,34,76,104,138,68,120,47,36,107
722,35,76,115,57,124,28,15,13,130
722,36,104,69,37,60,97,111,64,113
722,37,64,115,67,92,81,71,13,136
722,38,27,82,62,67,104,87,74,29
722,39,99,53,135,52,108,68,67,121
722,40,44,106,143,65,102,29,121,14
722,41,99,64,6,54,128,29,35,125
722,42,108,62,122,139,83,73,77,5
722,43,5,119,23,7,24,53,50,109
722,44,120,28,29,40,66,73,6,8
723,3,111,31,134,25,109,119,13,142
723,4,131,98,85,90,41,136,138,32
723,5,129,35,44,54,128,36,72,135
723,6,93,143,41,79,133,84,33,123
723,7,134,127,120,112,139,46,75,25
723,8,57,19,62,88,122,124,108,53
723,9,28,82,8,22,128,37,130,81
723,10,112,34,89,135,131,59,101,90
723,11,109,141,21,67,18,4,74,90
723,12,77,101,141,32,33,98,87,103
723,13,55,22,1,56,59,119,101,75
723,14,24,98,52,81,7,40,56,143
723,15,125,98,28,96,67,39,76,124
723,16,36,65,25,19,117,0,92,113
723,17,91,53,127,16,96,57,132,54
723,18,58,68,127,117,78,89,6,81
723,19,30,25,103,122,18,115,68,41
723,20,77,104,17,1,74,93,40,123
723,21,97,14,135,29,114,17,8,92
723,22,19,5,31,103,1,141,20,13
723,23,39,112,105,86,29,125,85,98
723,24,29,85,18,46,33,129,38,10
723,25,7,81,19,9,113,5,94,125
723,26,92,94,47,123,57,26,20,18
723,27,139,25,28,32,76,107,129,30
723,28,116,138,122,9,103,10,119,96
723,29,64,25,103,62,124,92,75,41
723,30,6,60,115,43,87,50,16,55
723,31,111,78,63,101,130,61,14,70
723,32,31,50,100,72,33,136,133,75
723,33,22,125,81,138,16,102,5,4
723,34,133,67,132,9,110,62,139,51
723,35,0,31,116,1,117,143,14,82
723,36,99,50,129,48,133,68,6,98
723,37,141,22,96,88,9,131,103,61
723,38,56,129,48,104,71,62,45,36
723,39,124,17,52,8,83,88,21,118
723,40,102,33,108,11,44,92,104,81
723,41,119,31,55,111,137,75,64,117
723,42,93,122,83,88,84,42,5,72
723,43,22,84,36,137,83,112,66,7
723,44,27,8,111,82,63,50,120,5
724,3,102,12,78,32,7,123,138,56
724,4,46,81,137,136,94,66,64,65
724,5,73,17,35,9,123,139,131,117
724,6,68,89,130,78,41,18,113,102
724,7,130,87,105,75,98,107,19,25
724,8,53,1,43,60,12,124,110,2
724,9,141,134,93,117,135,132,101,73
724,10,5,24,23,22,65,103,126,90
724,11,4,138,14,35,134,131,71,99
724,12,78,70,103,25,50,28,30,83
724,13,89,119,97,6,9,57,34,15
724,14,40,52,99,108,18,138,67,9
724,15,39,38,128,1,134,44,41,94
724,16,116,112,94,87,110,6,124,77
724,17,138,34,131,39,16,85,50,107
724,18,122,100,77,72,115,12,17,69
724,19,71,21,33,94,12,32,118,140
724,20,31,13,79,103,46,69,24,67
724,21,27,63,68,67,124,130,110,133
724,22,23,142,22,19,51,18,98,141
724,23,6,51,70,101,2,133,39,129
724,24,103,79,53,38,22,129,14,54
724,25,60,139,113,81,40,54,125,62
724,26,15,0,122,40,3,46,68,140
724,27,103,30,132,143,128,137,13,76
724,28,20,10,33,95,48,2,13,81
724,29,74,130,11,30,36,103,75,123
724,30,126,43,115,141,11,45,110,123
724,31,86,126,136,32,101,35,17,141
724,32,57,87,48,117,105,135,52,95
724,33,1,85,143,3,5,121,125,138
724,34,25,3,138,45,50,108,35,68
724,35,98,15,3,130,124,67,14,83
724,36,96,59,118,105,1,99,111,31
724,37,44,45,107,92,112,109,103,4
724,38,131,41,27,77,98,121,104,75
724,39,43,53,130,60,108,68,100,132
724,40,7,12,29,124,69,102,71,118
724,41,119,138,31,28,111,125,54,81
724,42,93,83,39,122,50,77,91,134
724,43,84,119,5,66,7,103,24,112
724,44,27,111,8,120,130,5,126,6
725,3,38,34,35,45,55,130,73,31
725,4,141,131,118,101,63,66,85,9
725,5,86,104,51,12,115,98,20,127
725,6,133,2,115,89,10,102,117,34
725,7,138,18,112,9,85,73,75,93
725,8,19,53,76,88,124,0,14,58
725,9,107,29,8,132,37,125,57,5
725,10,123,76,43,18,125,112,11,73
725,11,74,96,72,88,67,118,52,141
725,12,141,47,101,22,13,33,81,28
725,13,55,75,1,119,56,22,114,59
725,14,24,98,52,40,81,121,108,22
725,15,82,138,67,98,96,124,125,39
725,16,36,65,128,117,25,0,16,92
725,17,127,91,53,16,96,120,57,71
725,18,68,58,127,108,89,76,117,81
725,19,25,30,115,19,18,103,41,45
725,20,77,104,1,35,17,74,123,40
725,21,97,114,13,122,29,2,14,8
725,22,5,31,103,67,13,19,138,130
725,23,39,112,86,33,133,64,17,142
725,24,18,46,47,29,85,3,142,71
725,25,7,81,94,9,31,113,138,5
725,26,126,92,77,94,123,90,26,47
725,27,133,139,107,0,108,28,129,42
725,28,130,119,116,138,66,134,6,127
725,29,64,44,103,25,116,71,41,0
725,30,87,6,93,21,125,60,115,0
725,31,101,109,82,1,78,93,120,26
725,32,31,50,85,100,72,133,34,75
725,33,125,43,22,130,81,138,102,16
725,34,105,132,110,67,133,104,9,28
725,35,16,0,117,1,13,129,14,97
725,36,99,62,49,138,111,104,6,116
725,37,141,10,52,51,88,22,96,121
725,38,56,48,129,128,71,104,20,45
725,39,62,17,135,124,50,4,83,118
725,40,102,33,108,139,71,44,78,132
725,41,119,31,30,41,137,27,75,125
725,42,93,121,5,9,23,113,134,42
725,43,84,137,90,110,83,124,53,116
725,44,27,8,105,5,74,24,125,126
726,3,124,141,45,123,39,7,108,17
726,4,110,34,121,37,143,7,19,17
726,5,103,127,42,77,8,104,16,15
726,6,136,52,57,142,135,108,44,113
726,7,124,61,132,14,73,30,64,52
726,8,88,44,2,121,114,124,45,89
726,9,8,130,116,137,56,89,1,86
726,10,102,57,43,14,90,52,56,0
726,11,82,74,102,67,137,55,110,61
726,12,32,90,65,101,4,33,28,82
726,13,59,1,56,110,41,101,57,116
726,14,24,49,40,7,110,52,103,109
726,15,24,112,98,96,2,81,9,67
726,16,36,25,0,65,92,117,74,94
726,17,54,53,16,127,114,91,10,117
726,18,58,6,68,89,114,117,137,124
726,19,103,25,72,30,75,130,17,95
726,20,74,17,104,120,1,46,48,77
726,21,141,97,112,92,74,70,52,91
726,22,19,46,141,31,1,5,55,138
726,23,82,39,112,125,97,28,11,42
726,24,46,107,129,142,112,10,128,94
726,25,81,7,94,114,58,113,136,45
726,26,47,126,92,123,124,57,90,26
726,27,139,133,107,129,28,45,30,90
726,28,130,116,119,66,6,134,23,103
726,29,64,44,103,7,92,41,25,62
726,30,6,87,60,0,115,140,93,43
726,31,1,78,93,109,62,130,10,101
726,32,31,100,72,21,61,85,50,133
726,33,102,81,125,58,121,22,141,43
726,34,28,105,132,9,110,130,53,67
726,35,16,117,0,143,27,1,129,31
726,36,99,29,116,101,111,38,104,143
726,37,141,51,102,121,48,10,33,88
726,38,56,48,129,128,31,111,71,20
726,39,62,83,17,135,7,50,118,20
726,40,102,139,77,132,6,44,31,71
726,41,116,41,125,43,65,21,59,31
726,42,113,9,37,114,134,83,13,5
726,43,47,110,100,90,125,57,77,82
726,44,24,27,130,122,125,135,107,44
727,3,73,70,89,143,4,76,135,54
727,4,13,122,95,79,3,10,99,31
727,5,102,124,77,83,31,132,104,134
727,6,3,83,35,94,7,28,82,57
727,7,112,110,139,99,121,103,65,74
727,8,65,128,28,124,37,122,42,114
727,9,142,8,1,88,102,83,49,44
727,10,14,72,25,90,55,15,38,140
727,11,82,0,67,105,73,61,113,5
727,12,70,65,17,3,87,133,114,28
727,13,110,89,23,101,59,119,56,1
727,14,24,52,40,117,127,108,0,38
727,15,39,128,124,134,81,76,96,14
727,16,36,121,13,114,116,25,22,80
727,17,16,10,98,40,54,91,109,77
727,18,58,88,68,101,53,89,59,115
727,19,115,103,75,95,25,97,122,60
727,20,1,55,17,46,22,14,120,0
727,21,14,142,72,74,98,19,20,58
727,22,138,20,130,37,141,25,31,91
727,23,112,78,61,101,104,133,57,82
727,24,117,112,46,3,105,10,129,115
727,25,7,113,81,61,114,94,138,9
727,26,126,57,47,48,124,13,134,103
727,27,111,139,107,133,67,129,25,45
727,28,119,13,130,116,137,9,127,96
727,29,64,103,122,44,0,120,25,1
727,30,6,93,60,20,139,43,125,16
727,31,99,109,136,34,93,14,102,82
727,32,31,34,72,85,53,59,63,114
727,33,125,102,81,138,51,43,57,130
727,34,105,67,9,110,75,132,102,44
727,35,1,42,16,0,13,36,117,124
727,36,14,99,68,143,48,133,19,6
727,37,141,65,61,96,10,108,37,82
727,38,71,48,56,129,20,62,104,45
727,39,17,135,10,52,63,39,118,26
727,40,102,139,78,44,11,68,32,77
727,41,41,115,77,52,18,138,137,128
727,42,121,134,22,9,84,83,5,23
727,43,47,110,97,83,54,77,14,12
727,44,130,49,135,124,141,80,89,34
728,3,118,18,4,48,24,26,64,85
728,4,125,105,29,7,100,9,1,137
728,5,22,130,88,8,102,10,4,128
728,6,3,83,105,78,123,42,118,139
728,7,22,66,50,94,19,112,14,36
728,8,95,46,143,11,0,45,26,96
728,9,21,8,71,143,13,86,49,43
728,10,94,32,85,101,72,134,83,24
728,11,82,67,0,19,56,33,135,73
728,12,65,46,87,70,117,142,25,90
728,13,110,59,23,56,101,89,90,44
728,14,24,7,91,52,23,40,127,94
728,15,81,120,98,124,39,63,96,106
728,16,36,121,25,0,116,114,80,126
728,17,10,54,16,53,98,91,19,109
728,18,58,68,89,53,131,101,8,126
728,19,103,25,115,97,75,130,122,5
728,20,17,55,1,48,46,120,93,123
728,21,142,95,47,98,141,80,17,15
728,22,19,137,120,31,138,130,103,141
728,23,85,82,30,57,112,128,133,101
728,24,112,137,10,126,105,129,18,46
728,25,7,81,113,114,70,121,69,29
728,26,126,13,135,124,130,50,93,113
728,27,133,108,131,107,111,124,46,119
728,28,119,67,130,18,120,86,77,116
728,29,44,103,48,64,0,120,89,41
728,30,125,21,93,74,0,86,6,11
728,31,82,109,79,102,31,1,106,16
728,32,31,85,130,66,17,132,34,64
728,33,125,43,138,81,102,51,9,126
728,34,105,67,110,75,132,9,96,58
728,35,16,57,1,76,36,9,124,0
728,36,14,62,143,49,4,76,20,36
728,37,23,8,61,10,96,52,142,99
728,38,48,128,62,73,20,104,108,27
728,39,135,4,17,62,50,63,52,110
728,40,139,53,102,121,48,32,77,91
728,41,115,52,138,21,137,130,89,18
728,42,23,121,136,13,55,113,134,12
728,43,110,124,36,24,109,50,112,11
728,44,40,44,80,36,34,24,82,106
729,3,53,102,128,11,37,80,74,56
729,4,46,110,49,81,77,136,137,64
729,5,43,95,73,35,11,0,9,83
729,6,78,130,121,68,142,34,97,61
729,7,98,24,87,119,107,38,109,121
729,8,43,126,118,114,12,49,79,60
729,9,141,9,30,86,73,29,113,75
729,10,102,42,127,24,23,41,126,49
729,11,6,138,120,35,101,8,29,52
729,12,55,131,21,11,137,0,65,6
729,13,6,66,59,54,42,80,64,96
729,14,103,100,78,64,138,28,110,9
729,15,59,3,66,109,20,15,24,127
729,16,101,87,108,46,80,74,58,134
729,17,16,117,54,30,39,103,138,76
729,18,132,114,11,89,103,75,115,12
729,19,37,95,77,32,64,105,25,136
729,20,46,31,12,1,132,39,65,67
729,21,115,28,109,105,141,110,134,63
729,22,82,114,19,138,33,18,118,1
729,23,28,112,60,114,125,41,6,134
729,24,140,0,94,126,22,129,50,32
729,25,70,139,29,16,69,54,24,122
729,26,126,135,130,79,13,44,3,19
729,27,137,46,133,121,124,11,131,107
729,28,86,98,126,18,67,46,130,120
729,29,48,29,42,38,89,103,41,75
729,30,21,114,75,116,0,11,45,86
729,31,102,78,108,89,28,109,29,136
729,32,130,12,44,25,80,138,66,31
729,33,17,131,138,5,102,8,85,106
729,34,73,75,47,110,82,130,36,45
729,35,57,124,76,82,89,27,67,101
729,36,51,18,97,113,20,63,4,123
729,37,86,142,139,102,141,61,135,6
729,38,135,113,73,27,88,108,20,104
729,39,134,96,83,23,110,135,104,53
729,40,139,61,29,102,126,53,90,132
729,41,25,45,39,11,28,21,58,86
729,42,70,136,12,69,108,39,134,113
729,43,49,78,110,50,93,11,109,124
729,44,113,61,118,40,36,34,24,141
730,3,18,120,60,102,106,3,46,38
730,4,35,129,10,95,38,102,11,138
730,5,86,95,54,6,116,70,29,84
730,6,3,46,96,83,123,42,53,94
730,7,112,74,19,137,12,75,55,42
730,8,99,28,119,53,54,6,49,139
730,9,1,27,11,88,128,89,142,79
730,10,14,37,40,20,140,9,48,35
730,11,22,67,49,66,111,0,73,105
730,12,24,99,9,70,115,103,17,95
730,13,56,101,84,128,90,5,17,46
730,14,122,117,40,52,103,24,23,127
730,15,96,121,129,70,69,14,128,41
730,16,80,74,57,114,106,40,116,22
730,17,30,16,76,63,98,88,39,36
730,18,115,114,53,58,136,37,90,34
730,19,32,64,33,133,48,95,103,25
730,20,1,46,120,76,65,8,3,63
730,21,120,58,98,115,92,129,3,73
730,22,138,91,37,118,19,141,111,41
730,23,89,130,44,78,112,82,4,63
730,24,46,143,59,115,33,10,112,44
730,25,22,81,9,140,121,90,31,7
730,26,92,47,96,57,126,141,90,110
730,27,139,26,129,108,28,46,36,70
730,28,140,121,96,113,9,132,60,71
730,29,137,103,92,5,41,25,0,57
730,30,89,60,87,6,10,66,0,46
730,31,62,76,26,89,136,28,49,37
730,32,109,0,106,51,142,31,47,73
730,33,87,102,58,137,5,81,126,79
730,34,103,110,28,72,130,65,79,45
730,35,31,128,117,10,124,36,62,21
730,36,108,63,7,1,124,48,119,111
730,37,76,102,33,141,142,61,129,51
730,38,104,56,135,112,20,62,87,26
730,39,17,12,42,83,132,118,57,20
730,40,122,5,102,139,71,132,137,92
730,41,43,67,125,23,28,123,11,4
730,42,12,136,84,34,10,96,134,52
730,43,132,142,83,15,109,110,93,103
730,44,76,24,83,17,135,87,56,140
731,3,53,47,109,119,12,37,86,129
731,4,17,85,23,125,14,7,100,38
731,5,102,60,35,124,53,47,106,94
731,6,69,134,37,123,83,38,8,11
731,7,33,134,66,62,75,102,84,9
731,8,5,109,26,138,91,110,122,101
731,9,15,120,24,88,117,101,86,135
731,10,37,54,139,90,27,12,39,103
731,11,38,134,66,86,135,2,113,33
731,12,43,89,24,103,29,71,28,135
731,13,103,90,30,56,132,101,4,13
731,14,30,107,122,103,112,40,9,117
731,15,41,69,110,121,129,70,106,127
731,16,74,80,107,25,106,143,116,86
731,17,30,16,76,19,39,87,55,12
731,18,114,137,71,115,141,58,81,72
731,19,114,66,38,133,48,32,39,109
731,20,1,52,120,17,46,11,76,93
731,21,142,120,80,107,116,106,74,23
731,22,138,85,130,4,141,0,37,61
731,23,82,133,126,57,38,88,63,130
731,24,13,115,10,46,121,59,143,102
731,25,34,140,9,81,5,121,90,7
731,26,92,77,57,47,141,96,138,126
731,27,139,129,25,23,28,59,26,47
731,28,121,85,96,142,113,10,13,81
731,29,103,7,11,137,92,34,57,47
731,30,89,87,60,66,35,6,86,127
731,31,62,136,105,26,46,130,76,32
731,32,137,51,73,31,100,81,142,78
731,33,58,102,100,79,140,127,98,5
731,34,72,114,51,79,78,16,130,120
731,35,25,3,107,120,101,12,54,130
731,36,38,7,108,26,124,128,63,119
731,37,101,67,102,136,51,108,33,76
731,38,50,104,56,119,65,136,76,114
731,39,17,60,51,44,136,18,76,20
731,40,71,5,92,6,137,29,132,79
731,41,125,28,23,65,92,43,40,89
731,42,12,2,34,7,52,114,50,136
731,43,142,15,76,83,116,98,103,120
731,44,76,24,87,56,17,33,109,15
732,3,39,77,143,67,2,89,16,79
732,4,105,14,102,43,42,125,23,32
732,5,124,136,82,8,102,36,51,26
732,6,35,83,123,117,80,74,73,11
732,7,99,139,19,121,13,62,70,64
732,8,61,121,128,6,50,71,21,26
732,9,83,64,142,49,126,88,34,117
732,10,20,94,81,69,25,101,86,100
732,11,99,79,67,0,30,7,53,15
732,12,2,65,83,114,28,17,70,86
732,13,101,112,89,65,84,37,30,126
732,14,7,52,116,40,34,22,73,117
732,15,123,39,134,129,6,128,124,35
732,16,28,116,43,93,107,74,0,125
732,17,72,19,94,40,126,98,16,133
732,18,34,130,57,1,58,37,73,113
732,19,130,115,87,109,143,39,32,5
732,20,17,76,22,82,52,62,67,46
732,21,80,74,116,95,135,142,38,47
732,22,20,130,77,31,102,0,135,128
732,23,85,82,126,88,48,112,133,61
732,24,102,105,117,10,112,18,137,80
732,25,140,34,7,94,81,100,90,9
732,26,92,126,57,77,76,141,47,138
732,27,139,108,122,129,124,85,95,28
732,28,58,57,131,96,128,61,143,132
732,29,103,49,92,79,58,73,66,5
732,30,89,66,6,60,93,12,35,87
732,31,122,62,82,31,46,130,28,37
732,32,116,97,100,137,31,51,74,52
732,33,102,58,81,121,5,8,79,41
732,34,41,110,72,114,130,50,103,70
732,35,54,36,31,41,10,130,84,120
732,36,38,59,7,143,70,1,88,78
732,37,108,142,102,61,41,126,67,141
732,38,24,65,88,104,62,20,56,115
732,39,17,51,42,20,118,99,93,80
732,40,79,71,102,32,139,14,132,29
732,41,125,65,5,18,136,26,40,89
732,42,58,12,134,52,31,51,83,113
732,43,98,84,15,142,107,93,103,116
732,44,56,135,24,8,125,76,34,130
733,3,89,2,4,93,96,85,27,109
733,4,2,121,90,42,6,63,76,7
733,5,132,131,54,35,84,74,55,29
733,6,83,3,73,94,103,112,32,35
733,7,130,67,97,22,112,19,131,38
733,8,34,28,13,105,121,71,42,18
733,9,142,47,66,44,46,122,1,128
733,10,2,121,26,40,15,103,25,90
733,11,76,9,121,82,56,33,113,51
733,12,83,65,70,69,58,78,17,38
733,13,137,97,89,37,34,126,65,57
733,14,0,11,52,113,140,116,131,39
733,15,27,94,39,126,24,64,6,76
733,16,56,116,74,48,129,43,80,107
733,17,20,113,30,94,19,75,98,63
733,18,58,126,53,57,128,131,37,68
733,19,115,133,49,87,31,66,25,102
733,20,52,55,123,62,17,11,22,8
733,21,142,107,11,80,116,38,74,95
733,22,4,0,120,42,29,55,130,15
733,23,82,7,99,133,43,46,50,63
733,24,10,105,102,112,109,40,64,19
733,25,7,140,34,11,121,5,81,31
733,26,92,57,77,47,136,4,128,126
733,27,139,108,114,129,85,59,94,95
733,28,93,57,103,140,96,119,40,13
733,29,103,58,27,73,60,47,25,92
733,30,89,87,66,6,60,20,127,34
733,31,62,66,89,110,31,107,130,76
733,32,97,34,121,72,31,100,129,74
733,33,102,81,140,16,8,71,138,51
733,34,110,41,103,88,45,63,28,120
733,35,54,41,45,120,130,84,10,124
733,36,38,129,70,7,34,143,1,88
733,37,108,136,142,88,141,61,57,60
733,38,24,112,104,65,95,36,20,55
733,39,17,51,118,27,88,93,109,132
733,40,71,93,39,92,23,102,14,27
733,41,115,40,65,18,26,137,89,43
733,42,58,129,31,113,34,10,5,12
733,43,15,32,142,83,31,106,103,16
733,44,76,33,89,135,82,126,130,102
734,3,68,102,0,134,9,99,78,74
734,4,38,100,83,60,23,71,21,55
734,5,5,75,32,23,52,80,97,67
734,6,12,40,39,27,73,3,80,100
734,7,140,57,72,123,44,14,33,65
734,8,51,5,108,111,60,139,99,40
734,9,32,140,64,117,36,67,135,5
734,10,27,116,139,79,55,90,12,89
734,11,70,46,135,89,110,113,95,33
734,12,103,65,120,96,95,138,76,54
734,13,27,45,101,17,91,56,102,120
734,14,31,103,27,113,42,66,40,23
734,15,127,41,121,33,69,43,131,106
734,16,80,116,3,100,24,107,52,74
734,17,32,39,55,76,88,43,16,105
734,18,57,29,48,115,53,34,122,75
734,19,32,94,33,103,71,118,42,87
734,20,67,123,69,17,40,91,79,103
734,21,110,9,39,34,142,105,63,137
734,22,33,140,51,11,130,139,22,46
734,23,19,98,11,72,132,64,28,129
734,24,19,112,88,119,129,0,94,107
734,25,43,81,31,139,68,118,14,7
734,26,129,10,123,137,133,135,85,89
734,27,54,88,118,140,66,28,94,125
734,28,14,120,81,70,0,46,51,65
734,29,50,20,47,16,42,3,100,84
734,30,11,96,32,137,45,121,46,38
734,31,37,83,79,46,41,66,103,102
734,32,100,66,44,13,102,94,96,130
734,33,104,24,131,101,121,141,17,19
734,34,132,38,24,29,26,14,143,70
734,35,67,27,89,57,19,38,28,125
734,36,117,17,63,125,15,46,122,38
734,37,86,102,20,99,64,7,98,27
734,38,135,31,53,88,83,73,117,100
734,39,7,60,23,83,68,67,80,71
734,40,121,29,34,96,3,139,143,117
734,41,102,57,26,115,65,87,59,108
734,42,71,108,134,5,110,8,10,83
734,43,24,15,20,29,110,130,9,36
734,44,33,76,130,49,57,141,34,17
735,3,3,39,47,140,38,134,119,127
735,4,52,113,63,22,1,109,29,61
735,5,129,105,20,136,74,85,17,131
735,6,37,110,138,35,123,42,133,74
735,7,128,74,75,27,93,21,61,19
735,8,84,0,72,140,21,62,115,117
735,9,44,15,88,49,60,117,8,101
735,10,72,101,143,25,103,83,27,134
735,11,75,99,79,12,43,126,108,82
735,12,111,134,69,142,2,65,83,38
735,13,101,89,126,17,65,39,77,21
735,14,113,50,52,7,40,94,123,24
735,15,90,80,131,27,124,94,39,69
735,16,28,116,60,0,143,107,43,3
735,17,39,19,98,94,10,126,106,63
735,18,45,58,37,77,53,137,81,138
735,19,66,87,32,33,130,64,48,39
735,20,93,40,46,17,55,82,120,63
735,21,142,80,10,38,106,95,123,21
735,22,138,77,11,130,62,120,61,89
735,23,82,85,126,133,30,97,29,43
735,24,137,10,112,105,115,16,60,19
735,25,9,114,7,140,31,121,34,81
735,26,92,57,51,70,47,13,135,77
735,27,67,46,139,137,129,30,133,108
735,28,36,137,103,119,110,120,143,75
735,29,0,103,120,89,60,5,37,41
735,30,20,74,89,86,127,60,55,66
735,31,136,83,124,82,107,31,122,130
735,32,72,34,33,130,17,37,74,81
735,33,138,102,16,128,71,139,8,79
735,34,75,131,72,47,116,31,96,108
735,35,13,57,16,14,41,128,54,42
735,36,133,111,129,138,34,104,76,124
735,37,108,57,97,6,61,10,142,141
735,38,59,71,62,104,41,24,20,22
735,39,17,118,20,135,136,62,15,52
735,40,92,139,71,102,69,39,123,32
735,41,115,125,65,137,18,88,139,136
735,42,23,114,108,51,12,113,96,77
735,43,110,124,113,70,53,36,50,24
735,44,40,24,36,129,34,130,106,50
736,3,102,80,11,104,62,53,32,19
736,4,46,110,49,81,77,64,43,10
736,5,43,45,104,95,78,121,11,35
736,6,78,130,121,142,68,29,42,98
736,7,98,24,87,25,122,119,129,105
736,8,43,126,114,99,60,118,95,70
736,9,141,9,30,83,78,73,66,125
736,10,102,42,127,24,49,23,56,65
736,11,6,138,120,35,102,121,51,1
736,12,11,131,55,137,95,6,21,90
736,13,6,78,90,52,84,13,42,30
736,14,100,103,64,78,28,69,143,2
736,15,59,66,3,109,69,142,121,44
736,16,87,101,108,46,25,125,98,138
736,17,16,117,30,63,103,98,39,138
736,18,114,11,103,132,106,115,81,30
736,19,37,114,105,32,7,48,133,38
736,20,46,129,52,1,39,93,5,31
736,21,105,52,11,107,109,23,80,120
736,22,93,82,0,33,19,114,55,78
736,23,28,114,125,60,43,82,1,6
736,24,140,0,94,126,22,129,142,50
736,25,70,139,121,16,54,29,24,7
736,26,126,135,79,130,13,19,113,122
736,27,46,137,68,124,121,131,42,11
736,28,86,98,18,126,67,46,143,119
736,29,48,42,29,38,75,103,89,41
736,30,114,21,0,116,75,11,45,86
736,31,102,78,108,89,99,28,136,2
736,32,130,80,12,44,25,66,59,138
736,33,17,131,102,138,85,71,8,41
736,34,75,110,73,47,82,78,45,38
736,35,57,27,0,76,36,82,17,89
736,36,51,18,101,97,123,128,63,20
736,37,142,141,86,135,6,9,61,106
736,38,113,104,20,83,88,135,108,73
736,39,83,104,23,132,134,57,20,138
736,40,139,102,61,53,29,126,132,90
736,41,25,45,39,21,58,11,28,137
736,42,70,69,12,113,9,108,39,114
736,43,49,78,11,93,110,24,44,124
736,44,113,61,118,112,40,141,36,24
737,3,105,68,46,37,17,12,24,102
737,4,10,13,142,83,143,130,100,90
737,5,59,131,70,95,103,111,55,60
737,6,45,109,20,37,134,15,49,8
737,7,126,80,55,14,121,66,30,137
737,8,56,32,12,108,59,114,134,72
737,9,79,7,60,40,120,83,129,89
737,10,82,66,44,106,70,69,38,89
737,11,47,44,8,111,16,117,59,42
737,12,61,113,21,7,54,33,77,0
737,13,64,134,6,56,84,38,96,133
737,14,112,3,106,138,118,47,103,78
737,15,102,104,118,65,129,89,132,15
737,16,14,57,91,116,46,54,40,87
737,17,49,38,25,138,117,59,43,113
737,18,132,20,11,114,122,29,119,38
737,19,105,95,136,21,71,77,140,37
737,20,141,46,39,79,31,130,5,41
737,21,117,110,28,91,109,115,87,107
737,22,63,114,78,142,141,64,98,109
737,23,113,41,137,28,125,11,114,101
737,24,19,140,50,16,22,94,126,3
737,25,16,7,43,139,121,113,70,81
737,26,128,123,143,103,91,135,45,19
737,27,87,139,107,46,54,119,28,132
737,28,18,14,9,87,86,5,10,73
737,29,62,20,31,92,84,47,89,5
737,30,32,0,21,6,11,60,45,25
737,31,99,37,46,94,103,136,111,74
737,32,66,25,100,17,13,39,12,31
737,33,121,24,101,19,102,5,131,108
737,34,78,79,110,38,143,120,65,130
737,35,27,89,48,130,19,83,18,82
737,36,101,26,94,63,1,132,38,97
737,37,141,142,102,134,86,93,105,48
737,38,104,121,20,135,16,55,13,114
737,39,83,110,23,20,105,57,132,78
737,40,102,139,29,55,132,121,34,53
737,41,41,108,9,128,137,39,21,102
737,42,12,9,44,134,39,123,52,113
737,43,47,11,110,77,10,93,15,71
737,44,24,49,141,130,80,29,121,107
738,3,109,37,134,122,42,94,41,125
738,4,34,61,33,113,74,9,60,6
738,5,64,121,95,115,2,32,50,116
738,6,139,123,53,85,8,69,108,120
738,7,81,112,66,73,70,0,74,72
738,8,50,51,72,59,127,139,28,118
738,9,90,129,137,44,117,88,127,130
738,10,110,109,140,69,5,35,104,138
738,11,112,49,104,76,39,143,97,115
738,12,111,2,135,129,118,113,61,84
738,13,134,120,56,54,38,90,28,8
738,14,47,40,13,23,83,24,9,89
738,15,58,35,22,98,57,124,96,121
738,16,85,114,93,32,43,74,91,112
738,17,95,53,72,88,54,63,38,118
738,18,45,23,77,57,53,135,117,124
738,19,87,133,62,103,46,74,31,25
738,20,123,82,67,14,127,2,22,5
738,21,117,31,23,91,80,110,135,68
738,22,11,135,0,120,12,57,55,130
738,23,129,104,31,126,61,98,67,142
738,24,80,10,13,50,19,100,44,129
738,25,7,68,121,138,113,139,109,140
738,26,125,108,81,99,10,77,123,19
738,27,139,94,28,107,24,54,87,129
738,28,9,90,73,114,99,108,140,5
738,29,79,92,16,59,47,41,7,58
738,30,6,60,10,0,92,32,104,43
738,31,99,111,96,46,80,94,75,131
738,32,100,31,17,116,39,22,71,32
738,33,121,108,19,115,102,100,140,112
738,34,78,110,21,130,56,115,28,120
738,35,27,130,143,129,18,82,113,33
738,36,38,135,86,67,94,19,7,26
738,37,102,141,142,111,67,18,24,48
738,38,121,41,93,62,88,46,6,122
738,39,83,110,39,57,131,118,132,127
738,40,102,139,29,132,35,43,27,91
738,41,41,9,128,28,137,93,65,80
738,42,12,134,111,9,52,5,42,57
738,43,47,110,15,11,103,120,77,97
738,44,24,49,141,130,121,80,40,76
739,3,39,77,143,89,67,2,48,16
739,4,20,102,14,42,3,43,11,90
739,5,142,54,20,13,8,82,128,84
739,6,119,35,45,82,34,81,83,73
739,7,13,64,99,139,62,19,112,81
739,8,61,121,128,103,83,50,6,9
739,9,142,83,49,27,117,88,34,140
739,10,20,88,77,86,94,5,79,12
739,11,99,79,15,67,0,30,104,140
739,12,2,65,83,17,5,142,82,28
739,13,101,89,17,56,49,84,99,90
739,14,7,40,0,34,117,52,65,8
739,15,123,39,134,94,131,129,6,139
739,16,43,116,28,93,114,107,0,57
739,17,40,95,10,72,126,98,109,94
739,18,58,53,57,131,45,88,73,37
739,19,115,87,109,133,32,86,143,100
739,20,123,82,14,55,22,17,67,129
739,21,80,20,11,142,12,74,135,14
739,22,20,120,31,0,102,49,11,26
739,23,104,61,78,85,126,82,3,129
739,24,80,10,125,105,44,117,100,129
739,25,7,140,121,113,139,68,81,34
739,26,81,134,56,108,123,125,3,136
739,27,139,111,28,124,98,24,13,46
739,28,9,58,99,140,13,18,132,66
739,29,58,0,92,49,28,99,79,103
739,30,60,6,63,10,104,122,35,89
739,31,111,46,82,122,35,56,72,7
739,32,116,129,31,100,109,22,110,64
739,33,121,102,108,81,7,100,115,5
739,34,78,110,130,62,114,3,120,103
739,35,21,36,129,27,0,82,130,33
739,36,67,63,40,138,20,76,19,124
739,37,142,141,12,102,67,129,24,88
739,38,41,104,14,25,20,65,63,88
739,39,83,57,132,12,39,69,110,118
739,40,102,139,29,130,91,56,79,27
739,41,41,136,80,9,21,86,137,27
739,42,111,33,134,12,52,105,39,57
739,43,47,48,33,98,110,112,90,104
739,44,141,130,24,116,20,49,80,38
740,3,118,77,122,97,90,68,93,119
740,4,42,14,12,68,22,20,143,40
740,5,6,20,80,74,84,82,140,54
740,6,108,123,65,121,37,94,73,104
740,7,6,112,123,139,42,111,124,128
740,8,122,28,95,88,34,81,13,0
740,9,1,13,88,27,49,122,89,15
740,10,14,73,32,140,126,40,94,103
740,11,73,67,22,105,115,82,5,110
740,12,46,90,77,70,17,51,83,65
740,13,56,23,48,89,84,1,3,139
740,14,24,131,23,123,47,9,91,137
740,15,96,106,63,124,15,118,62,6
740,16,36,114,32,116,90,71,110,136
740,17,10,95,98,54,109,88,91,1
740,18,58,68,117,89,53,57,45,37
740,19,115,103,25,87,72,5,21,75
740,20,123,11,17,5,82,128,97,14
740,21,142,135,11,112,31,47,74,86
740,22,137,120,42,0,141,134,11,1
740,23,44,82,142,85,61,30,128,38
740,24,10,112,125,105,41,107,129,60
740,25,7,129,113,114,136,20,139,121
740,26,82,81,84,90,19,113,128,15
740,27,111,139,70,49,98,87,107,46
740,28,9,6,18,31,122,66,5,119
740,29,58,103,92,62,131,5,41,94
740,30,6,0,10,60,5,104,43,86
740,31,111,37,46,120,3,28,7,94
740,32,31,100,17,111,71,21,75,66
740,33,108,97,35,7,81,102,130,70
740,34,86,28,78,105,110,16,90,62
740,35,129,0,19,36,82,16,119,27
740,36,85,135,49,8,97,104,6,19
740,37,141,94,142,108,51,9,6,98
740,38,107,134,20,55,41,25,54,104
740,39,128,129,105,57,50,1,69,20
740,40,139,102,124,80,23,32,111,71
740,41,9,56,90,80,136,112,36,26
740,42,111,123,105,121,139,96,39,125
740,43,48,142,110,132,107,74,47,83
740,44,44,116,41,64,89,43,76,7
741,3,98,74,5,90,19,17,104,119
741,4,50,1,115,96,122,66,90,18
741,5,30,97,95,83,143,37,27,46
741,6,10,40,142,134,135,19,110,123
741,7,136,66,70,57,127,97,55,140
741,8,74,116,129,137,68,78,95,72
741,9,96,85,120,88,6,131,17,128
741,10,124,80,128,139,83,54,140,70
741,11,114,132,94,70,45,125,54,2
741,12,77,94,46,42,35,130,109,57
741,13,56,40,84,70,36,136,45,134
741,14,126,47,54,24,31,23,13,122
741,15,42,117,98,102,58,45,96,7
741,16,68,136,20,69,78,59,114,105
741,17,63,139,10,53,39,90,95,88
741,18,136,53,105,89,111,68,131,117
741,19,103,90,87,95,58,133,25,71
741,20,46,79,8,143,5,123,11,141
741,21,110,117,78,63,13,129,67,18
741,22,47,125,11,135,141,119,99,91
741,23,38,136,47,54,12,101,46,6
741,24,114,106,42,41,46,107,140,22
741,25,7,140,95,113,139,105,97,94
741,26,3,143,127,142,95,19,91,73
741,27,41,139,49,87,72,94,98,36
741,28,9,18,44,122,10,128,57,140
741,29,24,103,92,2,142,85,34,71
741,30,0,5,6,78,60,112,4,104
741,31,111,21,37,3,141,74,46,131
741,32,17,31,16,100,76,64,133,79
741,33,61,119,71,112,113,79,46,68
741,34,97,133,78,114,142,115,68,131
741,35,0,90,31,82,87,14,133,136
741,36,85,120,78,6,100,126,68,143
741,37,141,142,9,41,31,0,66,6
741,38,39,139,25,107,70,62,13,141
741,39,73,85,129,83,54,57,118,52
741,40,102,41,11,142,120,139,104,48
741,41,120,78,119,38,94,92,9,15
741,42,139,122,123,101,52,42,39,12
741,43,35,23,103,22,74,107,83,53
741,44,29,73,120,41,82,64,59,17
742,3,23,53,56,121,12,32,127,76
742,4,114,115,142,137,23,122,94,106
742,5,112,107,123,92,95,70,32,24
742,6,17,22,30,64,48,70,39,102
742,7,41,136,66,25,104,101,55,17
742,8,77,137,15,88,83,39,66,95
742,9,23,28,35,87,99,96,88,135
742,10,112,143,124,103,96,63,85,109
742,11,57,125,100,63,114,95,78,117
742,12,77,101,42,98,94,83,90,35
742,13,56,84,22,89,36,136,103,53
742,14,24,40,44,47,94,114,52,14
742,15,58,45,119,39,90,123,113,129
742,16,43,93,36,116,12,28,113,34
742,17,95,10,72,91,101,133,79,64
742,18,57,45,58,23,77,137,41,1
742,19,87,65,83,31,115,0,20,9
742,20,82,76,67,39,103,123,121,62
742,21,116,88,107,29,134,38,64,137
742,22,119,130,139,34,11,141,120,55
742,23,129,72,98,134,73,82,133,77
742,24,10,73,94,119,64,134,102,81
742,25,118,7,140,107,87,141,81,117
742,26,10,123,136,135,141,137,45,3
742,27,139,97,88,2,59,66,72,68
742,28,9,45,135,65,16,76,79,91
742,29,47,51,92,138,16,64,124,82
742,30,35,121,17,13,99,96,132,119
742,31,37,56,14,46,77,119,131,118
742,32,100,22,120,3,98,82,134,72
742,33,128,24,96,95,101,108,98,121
742,34,78,30,21,53,28,24,35,42
742,35,130,107,25,9,87,89,13,70
742,36,17,26,85,141,58,38,8,67
742,37,64,67,113,102,41,53,13,99
742,38,111,31,135,53,25,89,40,73
742,39,73,85,60,83,99,131,5,12
742,40,5,90,101,143,139,29,37,132
742,41,28,100,125,92,138,3,117,137
742,42,139,62,122,42,27,73,83,72
742,43,5,35,23,130,84,7,45,117
742,44,29,73,120,28,23,59,82,6
743,3,111,34,36,25,11,68,69,66
743,4,131,98,19,30,32,84,62,133
743,5,58,138,64,32,10,28,50,47
743,6,93,103,41,43,69,125,79,84
743,7,25,138,74,122,134,113,53,131
743,8,19,88,12,99,137,62,95,89
743,9,82,107,23,29,99,125,57,27
743,10,112,34,135,69,132,139,131,21
743,11,141,109,107,86,74,21,63,129
743,12,77,101,141,80,90,133,68,33
743,13,55,22,84,1,56,94,81,96
743,14,24,98,81,14,29,23,19,94
743,15,67,28,125,138,98,76,111,113
743,16,36,65,16,117,128,136,67,19
743,17,127,54,91,95,57,67,16,10
743,18,58,127,57,68,45,117,76,5
743,19,25,30,18,115,103,72,29,87
743,20,77,67,16,123,82,5,125,62
743,21,29,97,8,135,122,14,114,116
743,22,5,103,120,13,11,31,141,44
743,23,39,17,86,75,142,46,105,38
743,24,29,33,47,38,10,3,137,103
743,25,7,114,19,97,129,139,113,26
743,26,94,123,26,3,122,114,81,15
743,27,139,98,76,25,41,109,24,20
743,28,116,122,138,9,18,137,8,127
743,29,64,103,120,92,124,5,75,71
743,30,6,4,43,5,60,0,2,99
743,31,111,101,6,63,46,10,78,81
743,32,31,34,100,50,120,75,110,33
743,33,22,44,102,81,29,138,61,19
743,34,133,9,0,28,53,2,122,139
743,35,0,82,116,13,75,46,31,64
743,36,50,99,104,68,100,20,67,85
743,37,141,22,117,51,138,63,128,25
743,38,56,129,71,107,104,126,69,100
743,39,124,8,128,129,52,47,89,132
743,40,102,108,33,113,120,11,28,114
743,41,119,111,55,31,38,94,101,88
743,42,93,122,83,72,103,84,73,23
743,43,22,84,36,137,66,136,74,3
743,44,27,111,8,82,50,126,5,74
744,3,11,102,56,12,1,62,74,63
744,4,46,81,110,137,94,77,136,66
744,5,73,17,9,114,139,8,67,70
744,6,68,130,78,33,87,70,59,135
744,7,130,87,98,105,19,17,66,81
744,8,12,43,11,95,60,38,1,2
744,9,141,134,117,135,88,73,99,49
744,10,5,24,123,22,23,56,34,43
744,11,4,138,20,74,41,71,3,102
744,12,83,135,142,30,25,5,137,89
744,13,89,97,90,78,34,126,53,132
744,14,40,99,57,74,47,66,36,65
744,15,58,39,135,38,61,131,121,90
744,16,112,43,32,93,60,71,125,101
744,17,88,85,138,55,39,95,94,63
744,18,9,23,77,45,87,137,122,115
744,19,94,71,62,33,36,105,20,87
744,20,122,76,39,82,47,93,34,30
744,21,107,132,117,110,127,134,133,31
744,22,141,65,55,30,12,85,139,57
744,23,129,72,98,134,133,41,6,77
744,24,64,119,10,90,50,103,102,94
744,25,87,118,107,117,43,139,140,141
744,26,123,10,130,127,26,50,89,129
744,27,139,41,88,73,97,115,72,118
744,28,18,128,9,7,14,98,135,46
744,29,47,16,20,138,64,92,1,18
744,30,6,0,119,4,32,121,99,35
744,31,61,99,65,69,31,94,28,122
744,32,120,100,17,22,96,39,44,71
744,33,128,102,121,24,101,100,141,115
744,34,133,78,90,6,130,132,38,28
744,35,27,31,19,18,9,130,48,97
744,36,15,38,1,69,110,50,94,70
744,37,29,100,41,102,64,86,33,113
744,38,111,117,83,109,25,73,120,81
744,39,83,124,131,80,132,43,8,26
744,40,139,82,121,143,90,102,12,113
744,41,57,11,125,87,138,137,118,3
744,42,142,93,83,103,139,123,122,27
744,43,5,84,24,130,136,119,103,35
744,44,111,6,29,120,8,66,64,27
745,3,83,118,84,37,124,19,12,10
745,4,41,59,56,66,63,120,13,130
745,5,81,23,51,89,67,104,5,58
745,6,115,24,2,133,82,120,39,89
745,7,138,61,103,124,74,44,52,26
745,8,19,39,63,12,124,102,53,59
745,9,107,8,18,52,33,57,99,135
745,10,123,43,112,18,73,90,114,3
745,11,74,141,96,72,22,124,86,5
745,12,141,77,101,22,90,13,33,138
745,13,1,56,55,84,22,75,59,108
745,14,24,98,81,100,51,94,131,110
745,15,67,138,82,28,18,58,91,1
745,16,36,65,128,16,117,67,89,85
745,17,127,95,54,71,72,57,91,105
745,18,68,127,89,53,131,136,111,58
745,19,25,19,103,115,18,33,30,54
745,20,77,123,11,5,79,8,45,35
745,21,97,110,122,13,36,8,14,29
745,22,5,103,31,120,77,129,119,44
745,23,39,17,64,30,86,101,6,75
745,24,137,10,29,103,107,64,129,119
745,25,7,114,139,113,19,129,140,16
745,26,72,123,93,94,26,81,128,122
745,27,118,107,139,24,76,111,41,20
745,28,116,18,137,9,122,29,10,14
745,29,64,103,120,92,5,44,41,42
745,30,6,4,2,11,43,93,0,98
745,31,101,111,90,37,46,6,94,83
745,32,100,34,31,50,75,59,120,130
745,33,44,102,22,40,70,71,142,81
745,34,132,133,9,90,2,28,47,10
745,35,0,19,16,27,82,67,13,46
745,36,50,68,94,104,19,26,90,110
745,37,141,117,22,51,25,17,61,116
745,38,129,71,56,126,111,105,20,107
745,39,128,124,105,47,19,1,88,122
745,40,102,33,139,47,121,108,11,32
745,41,119,31,137,21,138,26,111,27
745,42,93,23,112,123,113,121,10,77
745,43,84,136,74,124,113,89,61,107
745,44,27,8,5,64,74,122,6,126
746,3,95,90,142,94,97,34,63,122
746,4,25,34,45,58,113,110,36,138
746,5,96,100,15,37,95,103,8,77
746,6,52,136,25,106,135,142,117,82
746,7,122,124,61,132,108,71,89,98
746,8,123,88,110,43,66,112,44,130
746,9,8,123,39,20,139,111,130,52
746,10,50,58,57,107,43,128,65,63
746,11,106,82,74,102,31,26,51,25
746,12,90,55,65,57,32,20,6,116
746,13,1,116,59,56,84,46,16,66
746,14,24,64,119,55,59,47,9,23
746,15,2,68,109,142,100,24,58,77
746,16,45,36,75,101,108,98,14,46
746,17,54,117,95,16,53,39,138,127
746,18,58,57,117,68,45,11,29,136
746,19,103,128,25,30,24,87,102,105
746,20,39,123,82,17,74,46,67,114
746,21,134,52,47,63,135,97,19,1
746,22,11,120,141,94,33,46,135,55
746,23,23,28,46,80,39,82,6,42
746,24,32,112,94,107,129,10,119,103
746,25,7,129,70,113,139,81,16,55
746,26,81,93,72,128,123,20,45,106
746,27,118,107,24,125,119,94,28,75
746,28,117,116,18,29,10,124,5,33
746,29,38,64,44,5,92,103,18,47
746,30,6,11,4,5,0,21,35,24
746,31,74,90,111,46,37,94,101,28
746,32,100,60,66,80,21,17,31,13
746,33,142,70,44,121,140,101,135,122
746,34,132,78,90,86,110,13,143,47
746,35,19,27,16,82,83,0,67,102
746,36,38,94,26,110,63,78,24,19
746,37,141,117,93,8,100,17,25,105
746,38,32,111,110,0,126,83,20,121
746,39,128,105,75,83,19,118,51,22
746,40,23,139,121,29,98,102,12,14
746,41,9,112,40,20,90,26,89,138
746,42,112,123,44,113,34,128,39,6
746,43,34,74,29,110,31,93,107,47
746,44,89,114,44,33,76,17,80,141
747,3,91,80,16,10,39,67,136,4
747,4,134,40,60,92,16,7,37,64
747,5,12,82,95,102,78,106,60,88
747,6,121,53,55,83,74,35,39,4
747,7,39,74,66,112,18,11,52,13
747,8,8,1,11,88,43,79,101,124
747,9,78,96,42,40,71,137,126,128
747,10,143,140,90,139,66,138,65,72
747,11,21,2,96,60,82,97,135,75
747,12,75,4,43,53,142,125,111,103
747,13,77,26,44,96,56,40,49,102
747,14,79,97,1,23,24,42,50,66
747,15,98,104,116,43,46,72,114,131
747,16,52,92,12,45,137,28,126,60
747,17,54,95,53,19,91,16,39,26
747,18,6,57,117,137,29,45,20,113
747,19,72,17,29,130,38,108,25,33
747,20,67,17,6,74,123,39,1,82
747,21,29,116,112,117,130,31,47,80
747,22,99,11,19,120,134,77,8,138
747,23,130,56,85,88,31,36,127,16
747,24,129,29,70,10,131,60,121,19
747,25,7,129,81,114,126,113,55,51
747,26,58,72,81,92,123,3,19,87
747,27,17,107,118,45,72,24,54,20
747,28,75,9,10,44,18,71,81,124
747,29,34,103,24,92,5,39,41,71
747,30,6,11,5,43,118,68,0,49
747,31,37,111,50,6,46,143,94,106
747,32,100,87,36,120,24,45,31,20
747,33,13,108,99,121,112,141,19,139
747,34,132,78,139,120,21,110,9,137
747,35,27,0,130,133,47,28,82,95
747,36,85,94,42,110,68,19,38,122
747,37,141,0,9,76,104,29,7,133
747,38,71,45,107,121,53,27,55,20
747,39,76,83,68,79,26,43,0,60
747,40,121,102,29,11,96,40,73,69
747,41,9,41,137,120,17,107,26,138
747,42,9,76,126,42,77,113,57,101
747,43,110,130,47,103,113,93,22,107
747,44,120,141,130,49,38,107,24,80
748,3,136,143,76,26,52,74,48,67
748,4,68,117,133,135,16,7,53,111
748,5,142,55,58,52,48,143,106,98
748,6,94,83,90,110,35,89,138,85
748,7,112,74,80,66,139,132,70,95
748,8,30,28,12,11,62,83,122,25
748,9,102,13,11,142,1,130,49,132
748,10,1,14,73,20,84,140,101,52
748,11,77,21,108,10,12,5,99,112
748,12,60,71,36,4,117,75,87,90
748,13,56,44,110,26,89,17,51,118
748,14,40,24,122,80,97,23,7,57
748,15,98,63,96,35,39,103,46,7
748,16,36,92,60,0,90,12,25,28
748,17,53,75,115,101,54,96,91,106
748,18,45,137,58,68,77,57,143,117
748,19,25,30,72,115,103,108,105,130
748,20,17,74,76,40,71,82,123,39
748,21,116,29,114,47,106,120,97,102
748,22,19,120,1,12,17,32,83,13
748,23,82,44,99,98,85,97,101,30
748,24,112,102,137,10,129,3,116,60
748,25,114,81,118,117,7,70,139,31
748,26,93,123,81,12,50,129,85,40
748,27,54,118,88,86,133,108,66,107
748,28,137,127,75,5,18,14,81,0
748,29,47,103,5,123,120,64,92,41
748,30,11,93,43,38,121,131,45,74
748,31,83,46,6,79,48,102,124,37
748,32,100,130,66,102,85,4,34,79
748,33,104,57,24,139,122,101,141,131
748,34,24,29,38,75,132,9,79,137
748,35,16,67,57,54,82,123,27,19
748,36,117,125,38,17,126,113,52,132
748,37,98,8,86,117,27,99,139,39
748,38,135,71,73,117,44,5,51,53
748,39,6,7,60,58,80,20,50,71
748,40,96,29,123,139,71,77,121,26
748,41,9,138,137,26,115,21,93,59
748,42,23,113,108,57,5,2,51,34
748,43,113,110,116,124,56,24,74,36
748,44,129,141,30,125,34,24,120,130
749,3,80,102,62,56,11,99,37,79
749,4,46,110,77,49,81,44,64,137
749,5,43,45,95,73,101,0,49,111
749,6,78,130,68,121,97,142,7,101
749,7,98,24,87,129,119,69,105,109
749,8,43,126,118,96,33,103,114,6
749,9,141,9,30,113,134,29,36,138
749,10,102,42,127,23,49,56,24,65
749,11,6,138,120,35,64,29,13,99
749,12,137,11,55,131,6,142,21,54
749,13,6,42,20,44,96,102,134,49
749,14,78,69,100,138,103,105,47,23
749,15,3,59,66,109,87,38,60,51
749,16,101,87,108,46,12,137,52,28
749,17,95,116,117,138,39,54,16,19
749,18,29,11,57,103,6,117,122,19
749,19,136,71,24,128,39,38,64,66
749,20,67,39,50,31,69,6,82,25
749,21,105,52,109,29,63,110,116,117
749,22,33,82,106,94,46,22,11,83
749,23,19,80,28,64,6,41,77,60
749,24,0,140,94,103,119,19,22,2
749,25,70,54,139,16,81,24,31,98
749,26,135,130,79,19,129,126,85,128
749,27,137,54,133,121,82,124,28,11
749,28,98,18,86,14,46,81,67,5
749,29,42,48,38,103,47,29,13,5
749,30,114,11,38,116,93,21,75,121
749,31,102,108,78,48,28,46,69,79
749,32,130,44,100,80,12,66,138,135
749,33,131,17,104,128,143,18,85,24
749,34,29,73,38,75,47,143,132,110
749,35,57,67,16,36,82,89,27,19
749,36,117,97,63,113,17,51,18,122
749,37,86,139,135,27,99,40,97,105
749,38,135,73,27,113,104,53,45,83
749,39,23,96,134,60,7,19,68,5
749,40,29,61,126,139,117,53,96,121
749,41,25,45,39,21,65,75,59,93
749,42,70,69,108,57,113,9,5,126
749,43,49,78,110,44,93,50,53,54
749,44,113,118,61,141,112,40,34,130
750,3,50,12,123,42,136,6,63,25
750,4,53,24,88,33,130,16,66,90
750,5,59,95,18,70,54,12,103,115
750,6,60,109,46,120,16,1,86,45
750,7,66,100,121,15,14,126,38,18
750,8,12,59,125,33,118,3,124,16
750,9,81,97,71,32,29,117,89,60
750,10,130,66,69,44,79,101,90,89
750,11,138,49,29,47,46,117,132,23
750,12,71,18,24,119,21,121,89,7
750,13,13,19,6,64,38,122,130,115
750,14,57,30,83,47,103,85,106,3
750,15,110,18,70,16,133,89,65,69
750,16,40,25,112,14,82,18,31,98
750,17,85,90,116,30,138,103,43,125
750,18,11,119,122,34,69,12,132,38
750,19,21,32,73,136,71,12,118,140
750,20,31,140,69,46,132,79,111,39
750,21,4,63,105,109,34,110,42,17
750,22,109,98,140,142,33,94,51,64
750,23,41,98,60,132,140,19,114,64
750,24,140,28,119,103,16,90,129,50
750,25,107,139,69,24,70,31,43,81
750,26,44,126,129,41,113,40,19,84
750,27,135,46,66,82,54,0,121,27
750,28,91,18,5,51,7,86,64,120
750,29,51,1,77,103,42,69,47,128
750,30,86,99,80,13,21,11,52,132
750,31,69,28,31,3,46,64,74,94
750,32,3,92,13,124,112,66,100,105
750,33,98,24,34,121,67,143,85,135
750,34,38,92,20,140,125,76,24,47
750,35,120,76,17,70,27,57,82,67
750,36,37,97,15,69,138,1,45,132
750,37,99,29,100,72,20,105,9,19
750,38,33,108,42,104,135,20,100,73
750,39,46,73,131,4,15,135,83,138
750,40,24,29,90,137,53,121,132,26
750,41,54,21,142,51,2,26,137,37
750,42,21,44,76,91,47,1,30,57
750,43,10,63,110,77,11,108,56,139
750,44,81,130,141,42,49,24,40,86
751,3,10,119,30,90,12,17,140,39
751,4,89,6,39,102,143,76,15,21
751,5,90,35,17,50,51,130,70,26
751,6,69,8,34,133,89,73,49,123
751,7,134,124,66,96,19,137,15,102
751,8,36,58,59,50,44,116,10,81
751,9,23,92,120,51,98,45,86,59
751,10,29,114,112,69,110,65,5,3
751,11,57,86,137,104,22,129,89,49
751,12,48,101,71,95,119,129,118,33
751,13,132,84,101,3,19,5,95,107
751,14,40,30,98,121,23,114,70,103
751,15,126,113,17,24,81,22,28,74
751,16,10,25,5,80,71,137,16,77
751,17,16,53,118,80,19,101,81,90
751,18,63,137,116,118,126,128,23,0
751,19,30,115,9,62,25,13,47,97
751,20,17,93,56,8,77,5,136,1
751,21,8,120,111,17,97,20,73,80
751,22,19,41,78,37,102,70,117,55
751,23,67,36,75,82,61,32,39,63
751,24,129,59,33,143,80,46,16,28
751,25,81,90,87,19,9,68,55,49
751,26,123,26,85,19,122,137,77,113
751,27,140,54,68,23,28,124,9,63
751,28,142,138,27,2,114,26,21,87
751,29,19,124,57,103,0,16,47,132
751,30,121,39,96,87,32,34,11,60
751,31,41,131,50,28,105,49,45,75
751,32,50,100,72,10,142,39,133,109
751,33,58,125,123,121,68,30,89,22
751,34,29,132,9,114,143,26,65,2
751,35,31,125,132,46,131,75,82,10
751,36,86,38,40,102,7,124,1,113
751,37,111,114,12,27,141,51,117,102
751,38,63,111,126,10,87,83,104,20
751,39,124,40,93,83,117,127,34,110
751,40,33,29,140,110,26,98,117,27
751,41,5,27,31,137,112,15,93,18
751,42,33,1,126,124,134,42,112,55
751,43,84,110,139,33,15,125,120,111
751,44,8,56,20,130,122,124,141,49
752,3,107,109,138,10,74,58,88,115
752,4,34,6,63,35,86,42,30,102
752,5,98,65,42,58,84,82,115,4
752,6,80,55,90,34,39,11,47,133
752,7,74,75,81,112,114,3,16,61
752,8,36,140,35,88,139,72,25,50
752,9,45,21,130,27,41,1,42,128
752,10,29,138,52,110,84,109,72,80
752,11,137,22,135,86,112,88,2,30
752,12,140,65,14,111,133,101,66,0
752,13,95,132,112,101,77,59,84,87
752,14,74,23,83,114,40,70,63,75
752,15,22,81,74,126,98,24,120,17
752,16,10,5,25,80,116,85,94,107
752,17,79,16,77,80,81,26,92,29
752,18,116,128,71,63,101,118,135,23
752,19,62,9,30,97,13,47,132,122
752,20,17,56,93,1,55,136,126,84
752,21,8,80,111,120,97,108,49,141
752,22,134,4,78,41,120,138,130,117
752,23,32,61,42,36,133,82,69,88
752,24,117,129,80,131,46,105,68,113
752,25,81,87,90,55,69,103,93,11
752,26,92,26,120,85,124,123,47,19
752,27,140,54,23,118,9,28,26,68
752,28,0,114,142,13,81,29,132,109
752,29,19,57,79,124,1,64,5,103
752,30,121,34,87,66,96,60,93,42
752,31,131,41,137,64,19,104,46,85
752,32,100,72,50,133,31,32,142,51
752,33,58,89,68,125,100,121,80,73
752,34,29,132,90,143,28,110,114,24
752,35,36,19,31,27,125,67,82,130
752,36,102,38,78,86,70,40,106,7
752,37,111,117,27,141,102,78,114,136
752,38,126,111,10,63,106,83,31,32
752,39,40,86,127,128,87,124,17,83
752,40,29,33,139,140,79,98,117,51
752,41,5,93,112,27,71,9,138,132
752,42,126,134,57,42,123,9,112,131
752,43,139,74,110,98,53,15,120,113
752,44,141,56,49,130,8,24,59,121
753,3,6,72,109,10,47,51,45,74
753,4,125,16,12,105,33,86,52,132
753,5,61,8,80,65,62,42,27,54
753,6,80,123,11,17,55,9,39,49
753,7,112,22,74,81,45,96,75,125
753,8,20,28,6,133,75,68,1,26
753,9,45,90,97,42,8,136,94,3
753,10,10,109,81,103,88,25,138,80
753,11,137,31,123,104,99,82,128,54
753,12,140,65,111,2,143,90,134,63
753,13,95,59,4,90,65,87,8,89
753,14,74,89,40,114,23,79,83,96
753,15,74,39,41,22,126,24,38,6
753,16,116,85,5,80,10,119,43,13
753,17,79,16,26,109,80,77,71,92
753,18,116,118,128,111,135,5,63,23
753,19,62,102,13,60,122,9,25,97
753,20,1,17,129,55,22,93,46,37
753,21,120,80,97,111,38,14,141,98
753,22,0,86,138,4,20,130,5,117
753,23,61,104,32,88,133,36,74,101
753,24,117,105,129,36,113,97,139,104
753,25,81,87,11,69,107,98,9,45
753,26,124,26,85,113,123,20,128,67
753,27,121,140,0,54,132,124,9,23
753,28,40,13,66,4,81,137,120,124
753,29,19,103,1,49,64,53,0,47
753,30,93,34,63,43,20,42,136,131
753,31,64,120,131,46,50,107,37,105
753,32,100,72,66,70,120,121,69,32
753,33,58,102,40,80,51,125,68,101
753,34,132,29,28,90,143,16,9,110
753,35,125,19,36,66,75,27,67,91
753,36,14,63,136,104,49,39,117,48
753,37,117,141,27,121,68,10,60,111
753,38,111,126,5,83,105,62,20,128
753,39,128,87,83,12,117,127,109,77
753,40,79,29,139,35,51,90,33,102
753,41,5,9,27,138,71,59,135,93
753,42,134,112,126,57,5,9,1,42
753,43,74,98,110,53,113,54,139,136
753,44,141,49,56,130,19,89,39,24
754,3,143,104,13,133,28,32,121,63
754,4,90,27,117,19,1,72,30,88
754,5,33,108,64,134,88,143,28,75
754,6,83,103,90,33,132,44,70,71
754,7,103,99,26,22,124,139,48,46
754,8,99,28,122,127,35,20,95,6
754,9,45,142,49,14,143,76,67,66
754,10,2,20,59,32,69,138,65,94
754,11,137,30,128,5,115,139,82,77
754,12,65,70,63,140,95,99,5,134
754,13,101,137,84,89,90,37,100,97
754,14,40,117,58,11,9,52,99,17
754,15,39,128,94,44,6,22,134,93
754,16,116,97,56,126,80,114,90,119
754,17,133,31,109,16,126,63,142,66
754,18,116,34,53,23,37,17,1,8
754,19,62,27,100,46,32,143,5,73
754,20,17,93,55,76,63,58,1,133
754,21,38,95,8,104,111,3,59,13
754,22,70,130,61,135,102,32,4,89
754,23,7,32,82,99,85,33,97,133
754,24,105,129,107,112,10,17,73,137
754,25,81,136,43,11,98,69,87,55
754,26,85,124,4,123,26,71,47,113
754,27,140,121,23,133,108,124,66,118
754,28,93,40,66,70,81,119,5,6
754,29,19,103,64,1,105,0,5,47
754,30,93,34,121,63,66,96,56,131
754,31,19,64,120,26,107,41,131,135
754,32,100,72,66,70,121,120,32,73
754,33,102,130,40,51,80,125,90,68
754,34,132,28,29,90,143,16,110,54
754,35,125,16,19,129,67,75,27,79
754,36,14,117,49,136,63,52,78,85
754,37,117,141,121,27,10,52,108,60
754,38,111,126,5,128,83,32,20,62
754,39,128,12,50,7,87,51,77,75
754,40,139,29,21,90,51,23,43,19
754,41,9,138,18,116,71,137,26,59
754,42,112,113,55,57,129,9,1,5
754,43,74,16,110,130,53,32,136,60
754,44,89,80,141,130,76,124,102,64
755,3,91,80,39,108,136,77,10,6
755,4,40,60,74,64,15,37,85,102
755,5,82,88,72,2,50,58,23,78
755,6,121,55,53,18,34,73,80,138
755,7,39,73,74,52,130,18,11,85
755,8,8,44,63,1,101,88,79,105
755,9,96,42,128,40,130,134,86,125
755,10,143,138,116,139,77,92,65,90
755,11,21,2,96,125,60,135,97,75
755,12,4,77,114,117,87,33,116,65
755,13,26,77,22,110,40,95,101,89
755,14,97,1,23,42,122,76,107,24
755,15,98,104,111,72,96,88,22,41
755,16,92,52,12,137,136,3,25,28
755,17,19,53,16,109,91,134,29,39
755,18,6,37,117,116,71,57,135,53
755,19,38,17,72,25,130,29,108,62
755,20,17,67,93,1,112,46,6,56
755,21,111,116,80,112,106,78,38,100
755,22,77,116,25,0,78,130,26,37
755,23,88,56,42,82,85,130,32,16
755,24,129,131,70,29,112,137,59,60
755,25,81,126,114,7,55,129,29,105
755,26,92,58,47,120,85,113,19,26
755,27,140,54,118,127,107,63,129,28
755,28,75,118,44,9,138,52,132,5
755,29,34,103,39,24,5,19,54,69
755,30,34,93,131,96,121,43,6,58
755,31,37,50,63,64,111,46,131,36
755,32,72,100,87,92,74,69,24,64
755,33,13,68,137,99,130,38,140,124
755,34,132,139,133,143,110,29,16,50
755,35,0,133,116,143,87,82,27,95
755,36,11,85,21,138,19,49,143,42
755,37,141,117,0,29,76,52,9,88
755,38,107,139,83,45,20,126,98,104
755,39,85,83,76,52,70,118,47,93
755,40,102,11,40,69,121,29,125,1
755,41,120,9,138,119,41,18,26,137
755,42,101,9,42,113,77,5,126,122
755,43,16,110,22,113,74,103,136,47
755,44,120,80,141,130,107,47,17,24
756,3,23,99,12,53,28,86,103,32
756,4,114,117,68,94,26,135,97,122
756,5,112,92,90,58,123,52,35,85
756,6,17,22,30,64,113,90,48,70
756,7,41,134,55,130,73,120,95,30
756,8,77,15,101,55,102,78,60,142
756,9,23,87,28,19,130,135,98,102
756,10,112,1,143,55,63,52,22,65
756,11,21,125,57,68,100,3,97,135
756,12,77,101,4,32,28,71,14,87
756,13,22,56,26,110,101,89,60,55
756,14,40,74,23,24,107,52,114,37
756,15,98,45,24,39,74,126,17,22
756,16,137,80,116,10,25,12,5,28
756,17,19,16,53,126,31,101,142,80
756,18,45,116,71,23,17,0,29,137
756,19,129,30,108,39,25,48,97,64
756,20,17,93,8,40,5,53,104,27
756,21,120,113,73,139,142,2,1,106
756,22,42,70,19,88,135,0,119,46
756,23,82,49,133,33,98,48,97,11
756,24,102,129,107,19,143,112,3,32
756,25,81,43,93,14,10,98,49,118
756,26,85,113,19,95,124,130,119,103
756,27,108,124,133,76,105,9,26,54
756,28,66,81,120,137,0,140,138,65
756,29,19,64,103,1,105,60,44,123
756,30,93,34,89,66,121,11,99,39
756,31,56,64,80,120,31,28,85,3
756,32,72,100,70,97,121,85,94,14
756,33,125,143,134,104,121,141,40,102
756,34,24,29,9,47,143,105,42,110
756,35,16,66,67,124,120,130,41,28
756,36,14,49,52,17,61,117,138,102
756,37,27,99,52,117,98,121,114,29
756,38,111,5,117,143,48,104,33,20
756,39,60,50,47,7,80,26,19,75
756,40,29,96,116,102,9,140,39,111
756,41,119,90,38,78,59,31,138,68
756,42,122,62,73,139,93,42,84,27
756,43,5,7,113,16,84,24,119,74
756,44,120,28,29,73,23,6,42,96
757,3,111,31,134,25,109,142,75,119
757,4,131,117,41,68,98,85,138,33
757,5,129,35,19,72,24,44,54,36
757,6,79,41,93,143,133,84,120,70
757,7,134,127,112,120,139,46,75,85
757,8,57,19,80,62,88,29,39,60
757,9,28,82,8,22,130,23,107,37
757,10,112,34,89,52,1,135,74,55
757,11,141,109,21,68,131,67,107,75
757,12,32,141,101,77,117,60,90,33
757,13,55,22,56,1,26,84,59,75
757,14,24,98,19,52,81,7,44,80
757,15,125,98,28,67,76,96,79,39
757,16,36,92,65,117,0,12,25,113
757,17,53,91,10,106,127,16,57,132
757,18,68,6,58,127,53,117,78,37
757,19,103,30,25,18,72,115,97,5
757,20,17,77,74,123,104,114,44,93
757,21,116,97,14,114,46,135,44,19
757,22,1,5,120,54,20,42,13,31
757,23,39,105,82,62,29,75,85,128
757,24,29,112,137,129,18,85,10,38
757,25,7,55,139,114,81,19,9,93
757,26,26,94,92,123,47,19,50,129
757,27,140,76,68,54,107,82,133,62
757,28,138,119,137,130,116,127,66,26
757,29,19,64,103,5,58,41,75,0
757,30,34,93,20,121,51,39,43,44
757,31,131,46,64,28,50,122,77,128
757,32,72,100,50,85,143,86,74,31
757,33,22,5,68,125,51,102,71,38
757,34,133,110,132,9,143,29,75,62
757,35,0,116,31,97,36,67,27,46
757,36,50,49,52,99,100,117,110,124
757,37,141,22,57,117,121,29,52,60
757,38,56,129,111,69,62,20,109,45
757,39,124,8,52,50,88,87,83,121
757,40,102,108,33,114,71,11,81,104
757,41,119,55,31,111,18,38,90,114
757,42,93,34,142,27,91,122,124,5
757,43,22,36,84,16,137,113,53,110
757,44,27,111,8,50,82,63,96,5
758,3,102,12,1,32,54,134,123,129
758,4,46,81,137,64,94,136,65,66
758,5,73,17,9,83,78,114,35,63
758,6,68,130,41,78,89,98,70,113
758,7,130,87,105,98,94,75,120,25
758,8,1,43,60,2,12,26,11,88
758,9,141,134,117,93,105,135,132,15
758,10,5,24,23,123,56,52,22,126
758,11,4,138,106,71,14,99,21,131
758,12,30,66,140,63,70,95,5,138
758,13,101,89,97,29,14,9,111,132
758,14,40,74,83,114,23,92,107,44
758,15,39,58,24,17,74,126,131,22
758,16,25,43,137,116,10,32,120,112
758,17,19,55,101,42,49,88,53,118
758,18,23,17,137,77,9,71,45,118
758,19,87,27,20,108,128,13,33,48
758,20,93,17,40,46,13,8,6,5
758,21,96,73,106,85,110,120,50,98
758,22,19,57,70,18,130,12,55,135
758,23,134,72,133,122,6,82,10,3
758,24,22,2,143,119,94,90,86,129
758,25,81,117,34,54,118,16,14,87
758,26,130,19,138,47,77,75,135,103
758,27,27,133,66,121,137,135,132,140
758,28,81,98,124,51,39,46,140,99
758,29,18,50,20,38,43,16,47,42
758,30,11,116,89,32,114,75,40,131
758,31,69,79,85,124,31,46,131,102
758,32,44,105,13,120,38,130,59,79
758,33,24,143,85,115,67,131,5,141
758,34,47,104,24,26,38,76,77,20
758,35,19,83,89,118,48,76,124,25
758,36,111,69,127,37,113,18,63,51
758,37,27,48,99,86,102,14,136,64
758,38,135,117,42,58,101,73,27,53
758,39,86,19,60,35,23,134,110,43
758,40,113,92,132,109,55,29,126,26
758,41,57,138,43,28,55,111,45,137
758,42,31,93,142,13,48,41,0,77
758,43,113,16,5,119,24,130,53,110
758,44,111,27,6,102,84,51,130,36
759,3,38,34,35,45,55,130,31,73
759,4,141,131,118,101,63,9,85,4
759,5,86,104,51,12,98,35,72,115
759,6,133,2,115,89,10,117,57,102
759,7,138,112,18,93,75,9,85,128
759,8,19,53,0,88,58,30,76,52
759,9,107,29,8,132,57,44,37,52
759,10,123,43,76,112,18,125,52,11
759,11,74,72,96,68,141,5,118,12
759,12,141,22,32,47,101,5,33,117
759,13,55,75,56,1,59,84,22,118
759,14,24,81,98,21,7,23,40,121
759,15,138,67,82,98,64,125,28,124
759,16,92,65,36,128,0,117,12,16
759,17,53,91,127,106,96,16,75,57
759,18,6,127,76,68,117,116,137,4
759,19,30,72,17,25,29,38,108,18
759,20,17,77,67,74,6,71,82,35
759,21,116,97,114,29,111,106,80,14
759,22,31,13,0,5,1,93,46,54
759,23,39,82,88,85,125,105,42,29
759,24,137,129,102,18,107,2,12,113
759,25,81,87,43,114,11,9,14,93
759,26,85,123,124,132,26,89,41,113
759,27,140,76,9,133,125,54,124,121
759,28,66,40,81,45,4,138,120,119
759,29,19,103,0,105,64,1,60,41
759,30,93,34,89,11,43,9,66,131
759,31,19,64,94,81,85,120,80,60
759,32,72,100,97,66,120,14,70,61
759,33,125,102,143,35,134,104,90,141
759,34,24,9,29,110,143,47,50,63
759,35,16,67,41,82,124,58,129,75
759,36,52,49,117,14,99,126,17,113
759,37,52,117,27,99,121,29,98,33
759,38,111,48,129,117,5,62,104,20
759,39,50,26,7,47,60,87,19,20
759,40,116,111,102,117,33,39,71,51
759,41,119,31,90,26,18,55,59,138
759,42,93,34,57,23,5,142,13,41
759,43,16,113,110,84,137,53,57,130
759,44,27,44,86,102,42,5,8,80
760,3,124,141,39,45,123,108,72,7
760,4,110,34,13,121,143,17,7,43
760,5,103,127,42,8,77,104,72,134
760,6,136,52,142,57,117,108,113,24
760,7,124,61,122,132,52,73,30,46
760,8,88,44,2,121,127,114,33,142
760,9,8,130,116,56,89,137,13,140
760,10,102,57,52,43,14,90,1,23
760,11,82,74,108,102,77,106,39,21
760,12,32,90,65,101,4,60,33,142
760,13,59,56,1,110,101,112,26,89
760,14,24,49,23,40,107,76,94,80
760,15,112,98,24,2,23,81,96,6
760,16,12,0,92,137,52,45,36,3
760,17,19,10,53,101,75,29,88,14
760,18,116,128,135,29,8,57,71,63
760,19,62,38,122,9,30,48,13,97
760,20,17,93,67,56,55,5,126,103
760,21,8,111,64,28,5,97,73,47
760,22,42,134,0,13,135,89,57,114
760,23,32,82,97,88,129,36,133,39
760,24,97,105,94,102,129,142,12,137
760,25,87,81,14,118,43,93,49,103
760,26,26,130,123,113,85,124,7,71
760,27,140,97,121,133,15,108,54,68
760,28,45,66,4,119,7,51,40,134
760,29,19,0,47,18,44,29,105,1
760,30,93,34,89,11,133,67,52,20
760,31,120,139,82,83,26,31,141,64
760,32,100,120,72,3,0,70,14,97
760,33,125,102,143,35,104,120,71,5
760,34,24,29,110,9,63,16,143,47
760,35,16,67,125,47,41,82,36,58
760,36,117,49,52,14,99,113,17,102
760,37,52,121,29,99,27,98,65,108
760,38,111,48,117,34,5,89,20,24
760,39,7,50,26,87,20,19,60,75
760,40,111,116,29,51,77,6,121,140
760,41,116,90,26,59,63,18,138,66
760,42,34,142,57,37,63,13,113,108
760,43,110,113,16,130,57,53,139,60
760,44,44,102,86,122,80,42,27,141
761,3,50,76,65,43,66,119,114,84
761,4,10,119,63,83,84,4,37,133
761,5,88,102,4,55,124,23,82,54
761,6,3,83,106,0,112,118,108,81
761,7,112,74,18,66,128,21,100,123
761,8,12,122,11,28,62,139,60,133
761,9,115,142,102,88,83,81,13,45
761,10,2,121,94,32,140,20,99,52
761,11,140,60,12,94,82,2,22,55
761,12,109,41,103,21,71,90,65,94
761,13,137,89,101,91,23,97,10,33
761,14,76,7,71,58,91,40,65,103
761,15,135,90,93,16,73,98,70,17
761,16,3,60,61,137,69,106,79,25
761,17,49,19,139,16,45,60,80,39
761,18,37,17,114,71,45,137,115,29
761,19,39,130,27,105,25,33,30,60
761,20,17,46,93,5,1,141,104,94
761,21,1,139,120,112,113,47,117,110
761,22,77,19,11,24,102,42,37,141
761,23,130,38,85,11,133,42,74,31
761,24,19,102,131,129,60,109,2,84
761,25,81,10,88,118,115,87,114,111
761,26,96,85,3,19,60,124,143,92
761,27,66,22,26,24,50,141,105,54
761,28,140,81,13,72,124,75,96,15
761,29,103,66,113,26,5,60,46,81
761,30,87,9,34,3,11,43,139,111
761,31,76,6,56,31,85,3,41,28
761,32,29,100,106,34,109,120,133,20
761,33,24,127,141,57,143,2,71,120
761,34,24,143,105,44,110,120,70,9
761,35,66,130,117,67,133,77,38,13
761,36,14,29,117,104,132,61,141,122
761,37,27,110,76,23,136,92,47,126
761,38,71,117,62,5,121,87,84,111
761,39,87,60,80,7,5,68,64,118
761,40,29,71,96,98,36,77,27,44
761,41,28,67,93,59,112,115,18,26
761,42,34,57,126,108,118,8,5,50
761,43,110,52,53,116,120,113,54,15
761,44,130,24,141,49,125,40,122,83
762,3,28,102,143,84,24,4,34,8
762,4,102,117,42,66,121,18,85,138
762,5,117,13,84,132,57,51,134,77
762,6,94,134,83,48,12,87,34,39
762,7,112,74,29,128,13,19,122,85
762,8,111,11,28,128,5,133,122,26
762,9,49,143,15,142,102,31,81,83
762,10,20,140,86,15,123,94,77,137
762,11,22,12,24,60,5,67,30,55
762,12,82,138,17,5,103,70,134,95
762,13,12,101,89,100,99,90,105,97
762,14,4,7,40,11,58,44,91,126
762,15,90,143,39,135,6,27,80,131
762,16,93,43,60,3,15,137,116,24
762,17,55,133,16,19,87,132,61,11
762,18,17,9,77,1,45,87,137,115
762,19,39,38,61,84,65,13,104,80
762,20,73,93,1,25,4,35,40,5
762,21,139,142,107,20,102,50,59,120
762,22,20,102,83,130,117,15,62,32
762,23,77,85,133,33,29,134,101,82
762,24,70,102,142,60,129,137,117,112
762,25,81,87,43,114,103,49,11,93
762,26,93,12,113,53,134,130,44,19
762,27,121,108,26,105,135,27,133,124
762,28,137,127,81,18,4,129,0,110
762,29,103,60,33,134,135,28,99,5
762,30,93,11,20,74,9,139,59,1
762,31,6,41,90,83,26,85,28,66
762,32,34,133,121,85,5,63,84,74
762,33,142,143,57,64,51,139,97,130
762,34,105,47,62,24,3,70,143,101
762,35,66,117,118,67,130,124,13,123
762,36,14,34,23,104,141,136,97,29
762,37,60,23,48,68,99,96,137,136
762,38,24,71,5,22,27,84,48,58
762,39,87,12,38,60,39,0,75,64
762,40,109,71,96,36,29,77,132,50
762,41,28,130,18,115,77,21,138,116
762,42,23,34,108,113,121,12,57,77
762,43,110,53,124,50,76,24,113,6
762,44,40,49,36,80,130,76,129,2
763,3,11,102,53,80,62,128,74,15
763,4,46,110,81,77,49,101,64,43
763,5,43,45,49,35,0,11,2,83
763,6,78,130,68,121,142,34,118,97
763,7,24,98,122,129,105,87,66,130
763,8,43,126,118,45,16,59,114,103
763,9,141,9,30,66,113,29,86,12
763,10,102,42,127,24,41,23,56,49
763,11,6,120,138,101,35,29,64,59
763,12,131,11,137,6,95,71,106,65
763,13,6,42,60,49,66,90,45,30
763,14,78,45,100,71,69,103,28,64
763,15,59,3,109,66,1,131,24,39
763,16,101,87,108,46,25,132,116,28
763,17,39,138,117,31,19,116,16,53
763,18,103,114,23,71,17,37,122,11
763,19,118,24,71,33,25,129,128,108
763,20,27,46,31,82,58,74,5,17
763,21,109,105,120,52,63,113,73,74
763,22,19,82,33,42,70,98,106,4
763,23,28,80,64,19,114,82,60,134
763,24,0,140,94,22,142,112,129,101
763,25,87,14,103,16,70,139,49,93
763,26,130,135,71,20,7,79,113,19
763,27,140,54,97,133,137,121,124,26
763,28,98,126,86,87,0,14,46,4
763,29,48,42,38,29,47,128,89,18
763,30,75,114,116,21,11,137,89,38
763,31,102,78,108,139,136,86,69,89
763,32,130,44,12,80,23,25,138,4
763,33,17,131,24,5,84,143,85,71
763,34,75,29,73,47,82,38,92,26
763,35,48,57,67,68,76,89,133,82
763,36,125,51,18,102,111,113,97,46
763,37,111,135,139,102,127,86,30,133
763,38,135,73,10,111,27,113,42,58
763,39,40,23,143,104,19,96,134,71
763,40,61,29,132,53,26,126,90,24
763,41,25,45,39,28,132,21,54,137
763,42,70,69,108,57,39,50,5,1
763,43,49,78,110,124,50,109,24,93
763,44,113,61,118,36,40,49,58,112
764,3,50,12,123,42,136,86,90,6
764,4,53,24,88,33,133,54,143,16
764,5,59,18,12,95,119,70,111,60
764,6,60,109,46,38,16,120,59,73
764,7,100,121,66,14,21,124,15,19
764,8,12,59,3,125,53,33,124,118
764,9,97,81,117,60,71,32,101,64
764,10,130,69,66,101,79,90,96,56
764,11,138,29,49,47,46,69,117,23
764,12,71,18,24,74,121,119,89,7
764,13,13,64,5,6,106,122,38,130
764,14,57,30,83,47,45,85,106,70
764,15,70,110,18,88,118,134,130,75
764,16,25,40,112,14,49,82,18,98
764,17,85,116,103,138,90,30,39,102
764,18,122,132,38,137,23,115,51,12
764,19,118,71,94,32,33,73,121,21
764,20,27,31,119,54,132,89,47,69
764,21,4,120,71,110,34,17,63,50
764,22,98,140,109,94,50,51,142,122
764,23,41,124,132,64,98,60,114,19
764,24,28,140,90,119,16,103,104,2
764,25,107,87,139,81,69,70,103,6
764,26,84,129,122,44,20,13,12,19
764,27,135,46,66,27,82,137,121,108
764,28,91,120,7,4,64,51,86,5
764,29,51,1,77,47,42,128,103,22
764,30,86,99,21,13,80,11,35,76
764,31,69,86,28,139,55,85,80,74
764,32,3,92,13,124,112,66,109,105
764,33,98,67,24,34,143,5,13,85
764,34,38,92,20,26,140,47,29,76
764,35,120,76,70,48,67,17,28,10
764,36,37,97,69,92,15,138,125,17
764,37,99,19,29,48,72,24,115,15
764,38,33,42,108,73,104,100,15,10
764,39,46,143,73,4,131,23,60,134
764,40,24,90,29,137,132,53,26,113
764,41,54,28,21,37,142,132,26,93
764,42,21,91,44,30,126,47,57,1
764,43,10,110,63,124,24,96,108,56
764,44,36,81,49,86,130,42,0,104
765,3,47,12,129,70,37,44,99,0
765,4,141,140,7,102,60,23,96,6
765,5,102,51,7,72,15,116,115,134
765,6,64,8,60,45,71,17,63,74
765,7,33,39,100,141,52,74,75,96
765,8,125,14,49,12,59,53,55,134
765,9,40,46,94,85,92,114,120,135
765,10,12,55,90,136,18,69,27,139
765,11,38,134,49,46,115,121,66,42
765,12,43,71,18,24,103,99,119,7
765,13,103,13,130,46,104,35,44,96
765,14,107,83,57,68,139,108,23,35
765,15,110,116,18,69,1,11,77,57
765,16,12,25,40,112,125,133,75,82
765,17,30,24,85,121,43,39,37,106
765,18,20,139,100,12,1,137,122,115
765,19,38,73,42,32,136,33,27,48
765,20,24,12,46,40,79,58,53,111
765,21,110,106,115,73,17,120,86,68
765,22,109,98,37,18,135,19,111,59
765,23,40,137,46,67,112,31,133,134
765,24,90,13,2,143,22,129,44,124
765,25,107,81,23,14,103,139,6,86
765,26,118,53,7,126,44,47,95,109
765,27,133,27,46,28,103,140,0,53
765,28,91,51,85,2,83,5,64,4
765,29,77,18,51,1,47,22,98,34
765,30,13,89,99,41,11,131,124,100
765,31,3,69,110,28,124,59,139,24
765,32,107,92,3,21,120,121,78,105
765,33,63,98,34,140,143,5,112,115
765,34,55,92,104,26,38,54,42,117
765,35,120,76,67,17,9,75,10,95
765,36,37,79,117,69,76,52,140,126
765,37,99,75,115,5,50,29,136,27
765,38,50,33,108,48,104,101,30,20
765,39,105,122,60,86,46,135,4,73
765,40,137,59,116,24,29,26,18,90
765,41,54,43,51,137,66,112,37,2
765,42,91,21,47,34,123,5,30,57
765,43,17,63,10,77,110,53,108,93
765,44,0,81,42,86,82,101,117,1
766,3,118,80,39,24,121,48,86,130
766,4,54,61,40,76,105,62,15,84
766,5,105,102,11,51,61,134,121,35
766,6,129,78,86,63,49,11,118,133
766,7,5,94,114,70,74,83,124,46
766,8,49,35,81,47,22,32,98,83
766,9,73,60,83,117,86,15,24,43
766,10,55,37,27,69,90,96,133,97
766,11,0,68,49,7,33,66,29,20
766,12,104,99,43,24,71,128,7,119
766,13,17,104,101,127,5,134,103,54
766,14,36,18,107,108,76,40,52,103
766,15,25,116,121,107,89,143,11,18
766,16,112,12,57,25,133,74,111,125
766,17,106,30,43,55,20,92,44,142
766,18,12,132,100,33,69,122,115,114
766,19,32,73,27,38,136,42,21,48
766,20,40,63,79,46,24,12,132,41
766,21,106,110,115,130,124,86,17,31
766,22,98,57,118,78,109,18,56,28
766,23,89,137,130,40,31,133,119,52
766,24,90,52,41,140,56,84,22,103
766,25,23,139,69,22,88,24,6,141
766,26,118,7,143,96,126,19,44,53
766,27,133,27,28,132,44,46,137,135
766,28,120,48,51,5,130,140,18,87
766,29,65,47,25,18,62,137,5,46
766,30,89,15,41,21,11,119,45,131
766,31,103,136,46,110,69,28,139,85
766,32,107,12,120,90,100,45,142,68
766,33,24,83,5,141,140,17,104,35
766,34,24,55,29,47,77,114,13,38
766,35,25,133,120,83,48,89,130,27
766,36,46,125,17,102,117,108,69,48
766,37,27,115,111,134,19,102,76,110
766,38,73,135,111,53,97,88,10,20
766,39,143,122,44,60,105,80,71,51
766,40,29,18,132,34,70,83,59,98
766,41,43,132,93,65,21,61,97,108
766,42,126,12,34,6,39,123,118,52
766,43,17,110,52,25,54,70,36,139
766,44,24,130,141,49,80,93,68,121
767,3,50,76,114,94,44,93,39,66
767,4,68,10,83,133,22,84,42,3
767,5,55,106,88,23,140,131,82,143
767,6,3,112,94,39,69,134,110,46
767,7,112,21,74,18,128,85,5,4
767,8,12,122,11,28,53,119,25,128
767,9,115,102,142,74,88,81,45,44
767,10,140,94,20,98,63,27,90,110
767,11,55,5,22,12,60,68,140,77
767,12,24,36,88,82,71,0,84,90
767,13,17,10,41,101,97,104,28,89
767,14,7,40,65,58,67,76,103,91
767,15,88,135,98,90,73,131,6,139
767,16,60,90,32,74,137,61,25,71
767,17,39,16,19,53,94,106,47,59
767,18,17,114,140,55,115,8,110,45
767,19,25,33,85,84,59,48,130,27
767,20,46,97,40,12,71,126,123,133
767,21,115,106,110,20,35,17,46,73
767,22,57,18,19,11,31,98,141,12
767,23,134,46,44,63,99,112,133,104
767,24,82,90,52,125,143,133,46,129
767,25,23,81,69,11,43,139,10,87
767,26,118,7,12,90,126,95,19,138
767,27,133,28,89,108,27,26,140,66
767,28,80,51,57,134,45,119,70,130
767,29,47,65,18,100,25,131,103,5
767,30,89,54,15,11,35,41,131,45
767,31,110,131,46,84,31,102,143,139
767,32,107,100,109,111,121,120,14,64
767,33,35,120,121,143,83,140,125,0
767,34,13,24,132,16,2,55,26,42
767,35,25,67,4,120,75,48,36,132
767,36,23,46,14,117,38,49,102,111
767,37,23,121,27,134,50,33,77,99
767,38,5,111,48,112,117,0,34,95
767,39,26,12,7,75,80,60,61,0
767,40,18,129,128,29,96,122,124,23
767,41,61,12,43,67,26,18,35,137
767,42,34,12,110,57,5,121,46,13
767,43,132,17,110,142,76,115,38,52
767,44,76,87,7,4,44,33,22,126
768,3,47,96,66,109,119,64,133,57
768,4,141,85,79,86,107,26,100,90
768,5,35,124,18,54,117,40,60,2
768,6,13,34,134,55,8,69,133,123
768,7,81,39,116,75,100,0,14,40
768,8,51,53,111,44,32,91,61,125
768,9,129,94,43,117,119,125,49,13
768,10,104,20,54,10,40,124,13,98
768,11,134,79,140,68,2,21,135,139
768,12,135,109,140,111,95,128,43,2
768,13,45,17,54,104,90,38,95,41
768,14,83,107,47,114,40,30,63,13
768,15,110,118,35,57,123,41,71,92
768,16,93,74,60,28,137,143,91,133
768,17,39,95,106,139,126,109,47,6
768,18,45,135,75,81,17,118,47,71
768,19,87,42,32,48,62,95,20,108
768,20,40,82,46,67,93,6,17,12
768,21,106,110,80,96,115,31,85,17
768,22,57,77,135,18,11,118,41,117
768,23,129,46,36,130,134,54,52,69
768,24,13,42,100,90,60,143,10,129
768,25,23,69,14,43,129,88,118,87
768,26,84,118,95,89,81,24,26,19
768,27,140,133,28,124,26,97,132,125
768,28,85,80,45,65,70,51,57,132
768,29,47,131,105,103,5,98,18,77
768,30,54,15,67,76,58,11,99,45
768,31,110,131,85,46,143,31,28,140
768,32,100,127,107,111,121,69,29,32
768,33,140,143,121,35,120,28,104,112
768,34,132,24,42,3,13,44,50,2
768,35,25,120,75,67,79,36,62,4
768,36,23,117,140,38,14,46,61,132
768,37,27,50,99,5,121,23,77,119
768,38,5,0,112,111,48,7,23,117
768,39,26,75,61,60,80,7,2,141
768,40,18,128,23,117,55,129,71,137
768,41,12,18,0,61,26,66,137,43
768,42,34,71,12,4,124,110,28,100
768,43,142,115,110,17,76,38,111,130
768,44,87,76,33,4,7,59,126,140
769,3,40,24,141,13,118,53,50,115
769,4,126,76,112,68,107,90,120,21
769,5,120,140,10,38,51,50,105,64
769,6,104,129,19,50,8,6,71,24
769,7,110,5,112,6,18,74,70,30
769,8,61,132,88,91,3,118,44,39
769,9,83,43,79,129,31,92,115,21
769,10,94,20,21,101,140,83,17,89
769,11,140,79,11,3,12,30,1,54
769,12,103,142,90,55,28,13,84,106
769,13,54,101,17,112,34,90,120,84
769,14,7,40,113,74,103,63,65,23
769,15,123,98,120,131,83,74,134,35
769,16,28,60,79,93,0,92,118,91
769,17,95,59,53,19,39,106,126,16
769,18,45,71,137,37,117,11,5,116
769,19,87,108,48,128,62,102,97,141
769,20,6,46,40,17,67,93,71,53
769,21,106,28,29,96,80,85,46,139
769,22,77,57,19,11,18,135,29,137
769,23,56,112,82,134,85,97,130,44
769,24,60,100,143,137,22,129,12,135
769,25,114,69,43,117,93,23,87,103
769,26,130,118,7,113,71,77,50,53
769,27,133,124,27,140,97,11,121,108
769,28,119,75,140,130,67,127,65,45
769,29,29,18,60,0,120,103,44,89
769,30,139,11,75,89,45,121,124,112
769,31,82,6,136,32,124,55,102,139
769,32,107,129,100,116,45,85,18,4
769,33,83,45,57,139,67,18,87,32
769,34,29,105,55,137,104,70,121,36
769,35,41,54,76,68,67,84,120,123
769,36,34,102,125,136,46,97,37,104
769,37,134,111,10,119,98,92,6,30
769,38,135,22,24,12,10,48,62,111
769,39,6,53,19,100,40,20,62,143
769,40,96,59,29,113,36,132,26,140
769,41,61,18,137,136,26,132,3,21
769,42,87,113,23,100,123,77,57,108
769,43,17,110,55,24,53,93,50,30
769,44,30,16,36,89,106,116,104,35
770,3,11,116,100,74,127,12,39,102
770,4,110,10,48,113,21,119,84,65
770,5,134,103,30,58,82,35,32,95
770,6,142,68,82,121,130,109,34,20
770,7,98,126,60,38,122,118,121,114
770,8,66,43,121,6,118,72,124,108
770,9,75,9,52,86,141,29,88,131
770,10,106,102,24,1,77,56,90,83
770,11,6,8,101,1,68,35,138,20
770,12,122,131,128,7,30,57,138,55
770,13,33,6,17,104,101,19,25,127
770,14,138,107,36,112,47,109,56,103
770,15,59,116,11,89,107,3,80,4
770,16,71,108,101,82,133,46,112,93
770,17,106,90,39,30,43,19,138,47
770,18,11,12,122,106,75,132,81,45
770,19,32,87,136,27,71,42,21,48
770,20,40,46,132,93,12,67,79,24
770,21,106,110,115,109,28,130,63,17
770,22,57,98,18,82,106,35,59,70
770,23,134,80,60,114,54,82,95,41
770,24,140,22,0,143,94,114,56,120
770,25,117,16,139,93,103,69,6,23
770,26,130,79,135,19,7,35,97,44
770,27,11,133,27,124,121,97,140,54
770,28,86,126,67,120,46,87,39,113
770,29,29,48,89,103,47,75,32,126
770,30,75,45,21,114,11,116,121,112
770,31,102,78,136,139,37,86,46,55
770,32,25,80,12,130,138,4,44,66
770,33,17,80,143,67,85,6,101,106
770,34,82,29,73,47,75,26,45,104
770,35,57,67,83,89,36,76,58,68
770,36,18,46,125,51,102,20,97,124
770,37,111,135,102,127,92,115,84,44
770,38,135,73,27,113,10,11,20,142
770,39,104,53,40,143,23,96,19,15
770,40,61,29,132,53,55,22,69,26
770,41,39,25,45,132,137,58,21,54
770,42,70,69,108,113,57,134,39,16
770,43,49,109,50,78,110,126,93,124
770,44,113,40,61,118,36,34,49,112
771,3,42,100,109,12,102,63,66,25
771,4,74,65,143,21,88,6,60,87
771,5,21,70,46,95,103,23,111,38
771,6,66,42,45,82,16,84,53,108
771,7,109,30,129,19,96,121,71,119
771,8,90,4,49,143,73,59,35,43
771,9,129,118,92,70,80,120,75,116
771,10,33,64,66,126,103,44,121,76
771,11,117,111,47,49,1,0,69,40
771,12,89,85,56,7,24,93,95,113
771,13,38,54,33,134,6,127,103,106
771,14,85,47,3,112,107,40,30,13
771,15,133,54,103,1,58,131,26,80
771,16,40,82,89,112,47,91,133,108
771,17,106,30,85,95,59,39,126,111
771,18,23,11,45,135,57,122,137,111
771,19,87,91,128,9,62,71,108,136
771,20,82,58,53,46,67,17,13,40
771,21,96,28,115,32,109,110,64,11
771,22,57,135,18,35,70,29,85,63
771,23,134,4,40,48,125,21,128,10
771,24,28,120,143,46,27,22,10,100
771,25,6,34,103,139,14,113,69,87
771,26,84,77,7,119,71,130,44,45
771,27,140,103,68,0,14,46,133,54
771,28,7,134,91,5,51,108,120,87
771,29,69,77,29,89,32,88,1,103
771,30,76,67,137,24,121,11,86,93
771,31,29,79,136,80,127,28,131,26
771,32,41,0,56,100,14,45,112,36
771,33,98,101,52,80,82,3,43,36
771,34,140,29,38,130,92,45,26,79
771,35,9,62,17,76,132,60,120,133
771,36,46,79,97,113,39,111,37,76
771,37,72,75,102,111,67,33,9,92
771,38,135,108,50,97,30,12,98,136
771,39,122,105,109,4,143,118,60,73
771,40,90,55,24,132,29,26,75,44
771,41,51,2,47,43,54,34,137,30
771,42,95,28,96,134,0,47,77,57
771,43,87,143,59,3,36,110,53,93
771,44,22,102,42,0,87,99,17,82
772,3,57,32,5,42,2,109,6,69
772,4,143,84,24,21,113,112,72,63
772,5,7,35,139,32,58,141,143,93
772,6,60,75,29,137,96,92,48,86
772,7,30,1,15,17,19,125,81,132
772,8,103,51,49,35,91,59,70,98
772,9,119,101,105,129,83,43,117,88
772,10,19,17,38,56,90,139,142,27
772,11,138,79,49,29,23,94,104,117
772,12,89,113,95,119,18,7,56,48
772,13,38,99,5,54,134,126,80,84
772,14,30,141,71,85,47,123,36,112
772,15,133,118,16,35,123,97,134,74
772,16,40,18,82,112,88,91,93,85
772,17,95,85,30,38,24,126,43,44
772,18,122,75,135,118,23,57,45,34
772,19,87,42,32,91,62,140,115,73
772,20,46,143,82,5,12,62,47,58
772,21,113,110,115,96,11,86,72,73
772,22,57,12,135,141,98,18,35,30
772,23,4,40,10,90,98,38,92,48
772,24,28,46,143,100,122,134,120,27
772,25,34,6,90,140,87,69,103,136
772,26,84,77,71,137,95,125,7,136
772,27,140,68,14,94,28,128,27,93
772,28,7,0,71,5,134,120,108,24
772,29,97,46,77,6,89,137,103,88
772,30,120,121,137,132,76,67,11,14
772,31,136,131,28,37,46,109,36,75
772,32,22,0,127,106,39,100,142,14
772,33,46,98,19,80,96,115,68,5
772,34,38,29,76,121,132,127,143,104
772,35,48,36,133,27,82,93,91,79
772,36,9,125,102,113,20,38,63,116
772,37,111,110,102,67,72,16,134,9
772,38,135,98,20,83,31,142,45,55
772,39,141,110,131,119,83,40,20,69
772,40,29,125,139,72,71,43,132,26
772,41,43,124,20,107,30,93,8,128
772,42,134,101,108,1,123,126,57,12
772,43,142,109,128,110,97,47,139,50
772,44,17,24,141,49,40,84,130,124
773,3,119,117,10,109,30,75,130,43
773,4,54,18,30,34,84,126,100,120
773,5,99,42,90,32,141,35,2,31
773,6,113,73,8,75,44,71,61,80
773,7,134,30,55,101,96,125,71,127
773,8,76,36,50,98,91,80,84,35
773,9,51,92,40,23,89,69,120,90
773,10,132,29,73,112,103,109,80,90
773,11,57,97,119,129,104,121,137,112
773,12,48,101,129,65,89,113,119,0
773,13,104,132,3,38,95,84,103,94
773,14,89,30,74,98,40,47,121,23
773,15,126,113,133,41,74,83,139,24
773,16,26,10,93,84,40,4,107,137
773,17,95,80,72,79,91,16,63,126
773,18,116,126,135,118,53,124,128,45
773,19,102,87,30,62,115,47,9,132
773,20,16,46,62,17,82,40,12,52
773,21,135,85,8,97,120,116,47,73
773,22,13,141,57,42,135,18,41,37
773,23,69,75,4,36,88,85,67,39
773,24,80,46,13,72,28,100,143,68
773,25,90,34,140,87,103,22,14,6
773,26,77,84,137,44,99,71,125,123
773,27,140,68,54,8,27,14,5,128
773,28,142,86,2,21,0,109,7,138
773,29,124,47,132,97,57,89,19,125
773,30,121,66,32,11,60,120,86,67
773,31,66,136,131,109,28,54,41,75
773,32,10,50,139,39,68,100,141,78
773,33,19,58,113,96,115,80,143,46
773,34,38,29,76,56,143,121,117,79
773,35,48,36,93,82,133,27,91,25
773,36,86,102,9,125,113,48,20,40
773,37,111,102,51,16,134,67,92,12
773,38,63,121,111,45,20,55,141,12
773,39,127,83,110,119,124,132,40,117
773,40,29,33,43,132,139,101,26,110
773,41,102,20,93,128,137,107,22,8
773,42,134,35,1,126,57,9,83,108
773,43,58,120,11,139,70,97,124,109
773,44,105,141,24,49,80,40,124,130
774,3,34,44,133,108,79,119,19,14
774,4,52,37,84,94,86,122,102,129
774,5,116,65,115,27,21,54,134,98
774,6,80,44,92,52,37,132,123,8
774,7,99,127,75,30,137,13,101,112
774,8,28,128,99,133,97,83,27,26
774,9,142,143,66,88,83,44,49,101
774,10,14,140,59,40,26,99,69,20
774,11,104,115,110,55,76,49,5,33
774,12,134,69,65,70,83,98,143,17
774,13,97,56,89,135,126,54,38,25
774,14,40,58,117,0,140,65,131,73
774,15,39,94,27,128,63,52,6,101
774,16,116,43,90,93,56,112,26,137
774,17,88,95,72,40,80,20,81,109
774,18,77,1,58,53,116,93,34,50
774,19,84,65,122,80,32,87,33,14
774,20,136,97,45,73,22,42,62,46
774,21,20,85,113,115,8,11,74,110
774,22,102,42,37,130,12,49,83,78
774,23,104,63,99,69,61,4,78,48
774,24,82,46,10,105,143,71,112,73
774,25,34,136,90,45,140,121,5,14
774,26,77,134,84,71,7,136,137,125
774,27,68,89,140,54,8,129,14,94
774,28,0,142,40,120,108,45,114,86
774,29,132,47,92,79,103,89,41,97
774,30,122,121,86,43,63,17,89,60
774,31,66,131,136,113,143,46,13,56
774,32,109,78,10,72,139,39,73,137
774,33,130,51,97,58,19,143,102,28
774,34,38,28,76,21,127,53,41,114
774,35,36,133,130,91,82,95,1,66
774,36,136,102,37,45,10,9,104,67
774,37,102,111,112,129,20,113,10,33
774,38,15,12,34,71,20,45,141,125
774,39,83,10,127,110,132,63,40,12
774,40,29,132,139,26,43,101,71,35
774,41,136,41,107,93,137,18,70,128
774,42,134,113,105,33,136,9,114,46
774,43,58,47,11,70,120,124,48,109
774,44,80,24,116,105,141,130,49,40
775,3,122,44,125,94,91,87,68,130
775,4,95,42,34,83,138,60,129,18
775,5,73,54,24,35,37,66,86,142
775,6,3,123,81,35,57,52,86,83
775,7,128,74,112,75,21,9,111,83
775,8,28,42,81,122,79,18,95,128
775,9,142,45,102,137,31,16,88,65
775,10,32,140,98,73,20,134,70,65
775,11,53,22,5,137,115,121,33,20
775,12,69,65,82,38,70,2,134,90
775,13,23,89,97,95,101,100,126,54
775,14,117,11,36,58,40,19,114,47
775,15,27,39,121,22,135,94,63,6
775,16,93,116,43,60,121,90,32,67
775,17,80,88,30,109,95,72,128,133
775,18,135,116,53,1,58,41,77,122
775,19,133,62,102,32,42,100,33,87
775,20,52,46,125,22,62,45,42,143
775,21,96,31,135,115,110,95,11,113
775,22,137,42,141,135,0,118,12,130
775,23,69,126,44,129,125,99,46,30
775,24,105,71,46,27,129,60,100,72
775,25,98,34,45,11,136,87,125,66
775,26,77,7,124,71,44,136,84,82
775,27,68,140,133,82,14,54,11,94
775,28,40,0,127,7,86,77,5,67
775,29,97,103,19,29,18,47,64,92
775,30,11,43,121,139,89,100,137,17
775,31,82,136,66,13,109,131,137,90
775,32,10,85,34,114,36,35,109,105
775,33,51,130,97,80,135,102,96,41
775,34,28,137,76,41,38,29,136,142
775,35,66,133,36,91,1,41,19,16
775,36,136,104,9,14,62,102,23,113
775,37,10,111,60,112,102,98,134,67
775,38,71,22,20,67,61,95,129,135
775,39,63,143,40,27,12,42,75,19
775,40,29,21,71,132,28,26,139,19
775,41,132,18,136,85,30,54,138,137
775,42,134,113,23,108,2,105,83,57
775,43,109,50,48,11,74,110,30,124
775,44,116,40,80,37,24,49,109,34
776,3,11,116,100,74,39,127,12,5
776,4,110,10,48,21,113,46,59,30
776,5,134,103,30,58,104,12,68,122
776,6,142,68,82,121,95,75,44,130
776,7,98,126,55,30,122,118,38,128
776,8,66,43,121,124,65,81,104,33
776,9,75,9,52,103,66,27,38,29
776,10,106,102,127,65,77,24,135,0
776,11,6,8,101,1,137,102,20,121
776,12,122,65,131,7,128,69,30,89
776,13,33,6,19,38,17,126,104,95
776,14,138,36,141,47,19,56,114,30
776,15,59,133,66,126,118,80,115,11
776,16,108,71,101,46,133,40,87,84
776,17,95,90,30,80,63,106,47,72
776,18,116,57,126,11,135,122,23,118
776,19,102,133,87,77,62,128,71,1
776,20,82,46,132,52,22,40,12,16
776,21,28,115,110,96,109,94,134,52
776,22,57,82,18,135,29,11,98,41
776,23,80,60,134,69,125,114,41,129
776,24,140,22,94,114,0,90,143,27
776,25,117,93,139,122,24,69,86,23
776,26,130,135,49,44,79,19,7,126
776,27,133,124,11,46,27,121,82,59
776,28,86,126,67,120,72,46,48,130
776,29,29,48,18,103,75,140,87,42
776,30,75,21,45,114,11,116,89,86
776,31,102,136,78,1,28,105,86,74
776,32,12,130,25,80,138,4,44,23
776,33,17,85,80,67,143,6,41,132
776,34,82,75,47,45,76,38,26,73
776,35,57,83,115,76,67,36,42,89
776,36,18,113,143,51,20,116,63,37
776,37,135,127,6,92,139,61,81,115
776,38,135,27,82,141,20,101,113,73
776,39,53,96,19,104,23,34,143,132
776,40,61,53,29,126,23,132,26,24
776,41,25,39,45,58,29,54,28,137
776,42,108,70,69,134,5,113,57,2
776,43,49,109,50,78,110,93,30,53
776,44,113,40,61,118,49,36,24,34
777,3,49,75,14,69,3,54,119,25
777,4,67,5,52,83,109,7,2,121
777,5,29,132,27,37,110,34,87,72
777,6,39,61,42,69,118,35,133,139
777,7,29,112,43,101,6,13,106,18
777,8,133,28,68,30,42,72,46,67
777,9,143,66,75,102,37,22,26,88
777,10,15,126,88,137,44,129,121,45
777,11,55,5,104,119,139,115,49,4
777,12,98,13,1,68,138,36,126,25
777,13,61,90,97,89,36,57,115,54
777,14,40,0,58,65,21,141,56,32
777,15,115,80,64,38,79,76,128,121
777,16,116,47,113,118,82,112,43,119
777,17,67,35,38,24,40,61,107,132
777,18,77,107,1,73,12,83,69,81
777,19,4,85,80,94,73,129,32,51
777,20,134,47,59,105,46,1,109,42
777,21,113,14,72,89,17,93,24,20
777,22,88,20,102,49,36,12,101,104
777,23,49,62,8,58,98,126,103,48
777,24,33,108,135,27,46,143,114,129
777,25,17,100,136,122,61,125,81,113
777,26,84,99,90,18,44,119,115,122
777,27,133,25,103,35,30,140,138,108
777,28,120,50,134,66,10,5,31,0
777,29,94,140,113,103,135,81,78,69
777,30,136,44,21,92,14,43,30,74
777,31,39,84,106,136,113,86,143,101
777,32,129,114,70,52,1,41,130,35
777,33,130,43,25,125,80,84,85,112
777,34,67,38,76,45,35,92,26,136
777,35,133,91,62,36,115,40,42,15
777,36,104,69,111,20,113,37,43,138
777,37,102,103,21,54,67,84,107,61
777,38,134,136,80,29,79,48,108,20
777,39,118,40,8,4,119,138,99,2
777,40,29,124,105,71,24,28,75,65
777,41,37,64,111,20,54,94,132,90
777,42,83,108,122,134,33,139,43,129
777,43,33,35,45,50,7,139,22,30
777,44,55,29,74,44,20,80,40,49
778,3,115,142,92,79,5,103,123,94
778,4,127,93,80,22,83,4,7,2
778,5,78,82,47,92,104,62,11,3
778,6,24,35,64,50,19,8,49,112
778,7,95,35,112,96,130,74,19,127
778,8,15,103,114,77,46,68,31,139
778,9,3,135,129,109,75,86,35,136
778,10,56,92,90,73,126,5,70,86
778,11,123,104,49,143,142,138,4,88
778,12,13,36,98,136,1,32,68,89
778,13,135,90,54,115,45,124,94,41
778,14,40,19,49,21,74,117,108,63
778,15,4,115,96,39,64,119,80,128
778,16,116,134,113,47,93,57,112,91
778,17,95,30,51,80,88,79,128,106
778,18,116,23,135,45,53,126,57,11
778,19,62,13,87,47,9,1,91,133
778,20,17,40,84,82,46,93,136,67
778,21,64,28,96,11,22,94,111,47
778,22,57,4,134,0,89,70,130,61
778,23,134,72,32,82,11,50,40,35
778,24,105,71,143,112,120,94,22,88
778,25,87,121,81,68,90,140,114,113
778,26,77,54,26,135,130,67,71,7
778,27,140,54,68,133,121,78,124,27
778,28,0,65,14,23,26,5,87,39
778,29,18,7,50,25,89,88,84,20
778,30,137,121,89,75,133,11,136,40
778,31,37,136,82,131,26,119,41,69
778,32,142,4,40,44,100,101,39,21
778,33,96,109,24,35,80,127,143,115
778,34,29,38,104,65,73,143,76,114
778,35,68,48,36,89,38,53,27,82
778,36,102,125,46,113,40,37,96,51
778,37,111,102,27,139,127,1,16,136
778,38,135,10,61,79,110,55,31,0
778,39,40,119,23,71,117,28,75,34
778,40,29,83,143,140,31,101,75,70
778,41,54,111,107,90,20,29,94,37
778,42,83,122,108,73,134,139,42,119
778,43,35,103,5,7,119,50,139,45
778,44,29,17,120,73,40,55,6,23
779,3,54,92,31,75,63,103,100,13
779,4,31,13,79,93,17,34,48,133
779,5,82,121,137,134,35,47,42,87
779,6,103,79,4,139,8,69,72,126
779,7,134,138,75,96,127,94,31,98
779,8,80,57,15,133,116,31,123,141
779,9,25,129,82,106,64,115,28,58
779,10,132,114,34,22,92,135,3,80
779,11,4,142,55,109,17,49,128,123
779,12,68,13,36,98,138,80,52,136
779,13,94,55,124,57,54,115,100,135
779,14,21,0,40,35,67,118,132,103
779,15,64,4,67,40,138,82,115,125
779,16,113,128,80,16,47,117,85,4
779,17,132,67,72,38,3,76,35,128
779,18,132,12,42,115,69,53,77,114
779,19,73,85,32,4,51,8,80,129
779,20,46,102,30,42,79,134,143,52
779,21,113,74,110,16,120,135,130,101
779,22,12,88,44,101,40,129,36,141
779,23,58,98,48,105,33,125,39,129
779,24,46,27,107,82,143,129,18,49
779,25,136,98,94,23,45,93,113,24
779,26,84,77,90,44,91,12,126,47
779,27,133,68,103,58,14,140,129,25
779,28,120,66,134,5,0,60,7,67
779,29,94,140,103,77,29,87,75,44
779,30,44,24,136,93,11,43,21,62
779,31,136,101,120,84,82,68,106,28
779,32,66,70,114,129,105,133,35,69
779,33,130,43,80,35,143,19,125,112
779,34,67,38,76,45,92,53,26,52
779,35,133,36,3,91,76,62,57,66
779,36,37,46,113,20,138,49,39,104
779,37,103,52,102,67,60,111,10,6
779,38,134,108,48,110,135,136,20,79
779,39,4,119,50,143,75,40,89,62
779,40,124,71,29,108,28,75,24,26
779,41,54,90,37,55,132,64,20,107
779,42,134,43,83,122,135,108,31,65
779,43,7,137,127,61,110,124,139,50
779,44,44,111,141,24,6,80,49,55
780,3,22,119,77,104,42,57,44,66
780,4,72,63,30,31,83,50,4,129
780,5,67,35,58,137,51,39,57,69
780,6,103,108,79,2,65,118,120,34
780,7,138,127,75,39,112,31,136,119
780,8,57,141,80,81,63,127,15,121
780,9,63,106,28,82,22,142,107,115
780,10,34,135,99,43,69,22,132,7
780,11,4,109,107,1,142,129,17,33
780,12,13,68,36,80,98,84,138,22
780,13,94,55,54,114,90,108,124,107
780,14,21,0,40,37,56,81,36,67
780,15,64,4,67,125,115,80,138,17
780,16,47,16,90,128,43,132,116,93
780,17,88,72,95,132,38,3,63,26
780,18,53,116,131,135,57,58,34,42
780,19,87,32,115,129,33,73,64,42
780,20,123,8,14,45,102,125,5,82
780,21,110,113,74,11,115,85,87,3
780,22,12,130,98,132,37,118,44,61
780,23,48,112,15,82,98,90,33,10
780,24,46,112,10,143,105,40,82,129
780,25,136,121,45,140,98,139,69,94
780,26,84,77,137,26,129,71,7,47
780,27,68,133,140,108,28,14,27,58
780,28,120,0,5,134,108,66,140,60
780,29,94,140,92,44,89,137,103,77
780,30,17,60,133,121,35,24,86,40
780,31,136,99,113,46,66,120,41,86
780,32,39,78,105,73,133,70,68,72
780,33,19,130,80,143,96,28,115,3
780,34,127,38,76,136,132,29,120,56
780,35,48,36,133,130,27,82,91,57
780,36,102,123,46,125,113,37,63,9
780,37,102,111,67,16,136,1,107,85
780,38,15,135,125,121,1,31,33,53
780,39,83,119,110,76,143,71,46,44
780,40,29,139,124,132,101,21,26,6
780,41,20,54,90,37,107,132,30,64
780,42,134,113,23,108,9,5,57,123
780,43,124,110,53,47,109,139,93,31
780,44,44,141,24,80,49,130,7,40
781,3,34,44,133,108,12,9,79,19
781,4,13,78,86,122,119,7,37,102
781,5,31,127,116,134,77,88,61,47
781,6,52,92,37,80,69,44,76,120
781,7,99,112,75,137,128,124,27,30
781,8,28,109,97,128,142,27,136,83
781,9,142,66,143,4,16,86,88,58
781,10,99,14,40,140,69,9,11,20
781,11,104,115,73,22,139,55,49,43
781,12,134,69,70,83,82,88,24,90
781,13,56,23,89,97,54,65,126,37
781,14,40,0,117,58,140,94,103,131
781,15,39,94,27,63,128,6,52,80
781,16,116,90,32,43,73,22,119,136
781,17,88,95,72,109,63,16,29,39
781,18,53,77,58,50,41,1,131,49
781,19,115,122,32,133,14,87,33,60
781,20,14,1,136,97,46,143,42,22
781,21,20,110,113,115,141,85,15,47
781,22,37,42,31,102,138,130,12,91
781,23,63,125,42,99,104,46,78,112
781,24,46,82,27,112,107,71,129,105
781,25,136,45,98,121,94,87,113,70
781,26,77,90,136,84,47,134,113,126
781,27,68,89,133,140,58,36,70,129
781,28,0,108,66,120,31,13,60,134
781,29,94,103,47,92,120,89,41,28
781,30,17,60,86,43,122,100,89,35
781,31,136,120,114,137,41,113,46,82
781,32,66,109,78,133,114,72,34,105
781,33,130,43,51,35,125,102,80,97
781,34,28,136,142,114,38,52,121,41
781,35,133,36,91,66,4,25,48,82
781,36,39,104,113,47,136,46,102,71
781,37,102,111,112,10,98,67,124,108
781,38,134,135,20,125,15,141,34,45
781,39,63,83,10,143,40,119,132,92
781,40,21,29,124,71,139,26,28,36
781,41,132,90,30,107,128,11,137,54
781,42,134,113,23,136,12,57,108,39
781,43,47,142,53,124,70,110,103,112
781,44,44,24,80,141,116,40,130,49
782,3,57,5,133,41,43,136,99,69
782,4,28,84,85,91,107,122,115,53
782,5,47,128,51,26,102,35,37,73
782,6,139,38,83,135,11,112,89,3
782,7,18,74,112,75,30,81,65,11
782,8,91,42,118,44,109,121,71,28
782,9,101,115,83,86,142,119,88,44
782,10,19,17,99,123,90,97,134,80
782,11,94,2,11,49,7,140,53,110
782,12,109,94,82,69,114,127,65,77
782,13,5,90,45,56,126,54,84,82
782,14,76,71,103,141,47,30,37,123
782,15,70,16,27,94,106,80,123,39
782,16,88,80,69,136,116,57,74,18
782,17,134,95,16,39,139,30,103,38
782,18,131,58,115,132,53,75,126,50
782,19,115,32,111,33,85,142,129,73
782,20,1,46,143,55,14,79,5,120
782,21,110,120,16,141,115,3,113,17
782,22,37,138,91,42,77,125,137,130
782,23,112,38,130,63,129,55,74,125
782,24,46,134,115,129,10,143,3,138
782,25,140,121,113,125,136,77,22,5
782,26,92,47,77,84,129,3,70,56
782,27,139,58,133,129,40,94,59,68
782,28,140,128,60,120,7,129,121,77
782,29,97,46,137,92,103,6,89,41
782,30,60,132,120,55,35,74,86,83
782,31,37,61,136,76,46,81,113,10
782,32,108,39,106,114,90,76,73,133
782,33,46,102,19,80,32,5,79,73
782,34,132,78,103,142,127,114,136,28
782,35,14,48,133,27,36,91,57,107
782,36,69,9,123,48,124,97,64,63
782,37,102,19,110,141,61,113,44,67
782,38,15,135,100,104,25,136,120,20
782,39,83,44,119,100,69,19,136,76
782,40,139,29,72,21,102,5,103,26
782,41,125,13,11,124,94,93,9,30
782,42,134,12,101,136,39,9,42,17
782,43,47,70,93,53,107,124,142,98
782,44,24,121,141,80,130,49,34,17
783,3,23,53,121,142,94,127,133,125
783,4,114,94,23,34,103,106,123,62
783,5,112,42,92,121,10,32,137,123
783,6,17,22,30,64,112,92,59,34
783,7,41,134,20,71,15,69,55,27
783,8,77,91,109,121,68,66,60,73
783,9,23,87,28,92,39,19,16,101
783,10,112,143,56,63,109,90,79,29
783,11,57,125,86,100,94,117,78,41
783,12,101,77,48,42,25,65,134,133
783,13,56,22,90,89,84,132,102,103
783,14,40,103,114,63,122,117,123,47
783,15,39,58,90,6,27,45,22,80
783,16,43,116,93,10,113,134,67,88
783,17,95,88,79,51,81,20,30,128
783,18,58,45,23,126,77,116,57,135
783,19,87,122,31,115,102,61,105,1
783,20,76,82,122,123,17,93,22,30
783,21,116,11,64,107,142,80,28,138
783,22,62,119,130,30,4,85,141,32
783,23,96,82,72,129,10,4,134,98
783,24,10,112,71,105,73,3,24,143
783,25,103,140,7,118,107,90,15,121
783,26,7,10,120,77,71,60,84,56
783,27,2,139,29,54,68,88,140,63
783,28,45,108,65,140,21,5,79,0
783,29,47,96,124,126,71,43,28,57
783,30,17,35,96,60,47,121,43,110
783,31,37,41,14,119,46,83,72,131
783,32,78,50,100,94,133,51,57,92
783,33,24,121,95,28,19,115,128,89
783,34,21,30,78,120,42,143,20,29
783,35,130,38,27,107,48,89,70,18
783,36,77,26,17,67,20,58,96,38
783,37,102,64,99,67,53,13,40,111
783,38,53,111,80,88,121,89,31,136
783,39,5,85,60,80,46,73,83,99
783,40,33,41,120,102,28,101,142,103
783,41,94,78,38,119,31,13,92,15
783,42,139,122,62,73,42,83,39,84
783,43,35,5,84,7,83,61,93,124
783,44,29,120,73,28,23,59,126,8
784,3,8,38,31,46,134,122,21,50
784,4,131,118,41,27,139,123,90,83
784,5,81,10,35,121,42,72,70,32
784,6,2,90,95,79,69,34,133,112
784,7,134,79,6,55,122,110,96,9
784,8,19,0,36,55,89,73,124,102
784,9,82,23,107,59,92,16,25,106
784,10,112,76,114,29,89,135,132,90
784,11,86,141,57,109,137,142,125,43
784,12,101,68,77,134,69,25,65,48
784,13,22,94,56,55,114,132,84,102
784,14,98,110,35,90,81,0,39,25
784,15,28,40,76,67,125,24,113,138
784,16,10,65,128,116,136,117,80,16
784,17,57,16,127,123,95,63,134,67
784,18,58,131,53,126,23,136,78,123
784,19,115,122,103,142,64,33,133,49
784,20,14,8,55,123,99,5,35,10
784,21,14,11,74,8,97,110,115,116
784,22,132,42,130,139,101,45,6,140
784,23,82,39,79,101,48,43,64,3
784,24,10,105,112,119,129,73,98,84
784,25,140,121,7,95,136,68,34,19
784,26,121,113,77,71,129,84,53,19
784,27,108,27,133,68,88,140,70,129
784,28,138,0,120,77,140,65,34,8
784,29,140,92,64,57,103,41,89,75
784,30,60,39,86,44,85,127,131,43
784,31,93,61,46,101,111,50,47,81
784,32,50,129,33,64,133,86,31,20
784,33,102,22,58,79,138,40,84,19
784,34,133,78,114,0,44,52,41,70
784,35,31,14,1,97,6,128,36,57
784,36,50,119,48,6,38,9,143,97
784,37,103,141,9,142,130,61,67,41
784,38,37,56,63,129,62,20,104,25
784,39,17,124,42,8,19,129,35,109
784,40,33,139,28,32,102,104,21,92
784,41,31,13,94,55,119,136,125,23
784,42,93,83,122,139,134,43,77,52
784,43,84,137,7,70,113,56,142,53
784,44,29,6,8,120,126,56,5,34
785,3,111,119,24,53,66,39,61,143
785,4,79,13,117,72,41,23,37,99
785,5,129,8,134,104,76,35,58,137
785,6,103,79,115,39,47,8,9,72
785,7,138,127,115,85,9,119,56,39
785,8,57,19,102,42,28,124,50,72
785,9,107,23,63,8,106,22,62,92
785,10,112,123,43,34,137,103,29,6
785,11,74,86,141,96,109,76,89,129
785,12,101,68,141,77,69,65,143,134
785,13,55,84,56,22,57,90,53,34
785,14,98,110,81,90,56,34,113,140
785,15,67,28,138,24,113,82,125,6
785,16,10,65,128,116,16,117,43,94
785,17,57,127,95,134,71,16,96,132
785,18,58,131,23,127,126,45,123,4
785,19,115,122,30,142,14,103,18,143
785,20,55,77,1,8,129,35,6,14
785,21,97,8,14,88,114,30,110,130
785,22,5,42,138,130,102,20,31,132
785,23,39,79,75,105,86,74,69,101
785,24,10,47,18,85,84,3,105,129
785,25,140,121,9,100,125,90,19,5
785,26,92,46,123,47,76,94,129,51
785,27,139,58,129,133,28,40,107,23
785,28,116,77,138,18,140,127,10,122
785,29,64,103,92,126,57,41,81,80
785,30,60,125,6,127,115,80,87,85
785,31,46,61,101,62,130,111,37,34
785,32,50,34,129,59,6,133,69,131
785,33,102,58,142,51,79,22,11,84
785,34,78,72,133,48,6,9,135,45
785,35,1,25,102,31,14,57,13,62
785,36,38,8,50,46,97,100,111,9
785,37,103,93,9,141,67,41,107,108
785,38,129,56,37,55,59,135,20,104
785,39,109,89,99,17,42,43,44,108
785,40,139,33,79,108,29,5,32,12
785,41,31,125,13,94,28,119,5,37
785,42,93,134,113,139,12,52,42,17
785,43,84,98,142,83,70,107,93,124
785,44,8,56,24,135,116,34,74,126
786,3,131,132,79,142,80,94,104,90
786,4,45,58,36,71,88,23,11,120
786,5,96,100,101,94,104,16,36,122
786,6,91,25,7,5,85,135,90,72
786,7,122,77,69,71,108,130,55,44
786,8,110,123,57,130,2,109,9,41
786,9,20,139,111,123,39,8,42,59
786,10,50,58,107,62,57,128,43,63
786,11,106,82,25,51,74,65,4,89
786,12,65,55,57,101,79,143,116,130
786,13,116,63,56,84,68,66,6,54
786,14,64,119,55,59,103,110,76,113
786,15,2,100,68,142,109,24,77,80
786,16,45,63,101,108,4,10,88,31
786,17,117,95,30,54,16,134,39,103
786,18,116,53,131,77,23,135,58,20
786,19,32,102,133,115,1,73,64,87
786,20,46,52,54,1,12,42,14,129
786,21,134,110,96,115,26,74,141,118
786,22,48,94,37,42,82,141,0,91
786,23,23,59,124,125,112,114,39,128
786,24,46,119,20,32,71,10,143,126
786,25,140,121,9,34,136,70,113,125
786,26,92,47,129,77,44,87,84,81
786,27,139,63,28,58,128,68,133,137
786,28,117,9,128,120,13,47,87,5
786,29,103,22,38,80,92,41,75,126
786,30,60,21,66,87,115,6,98,127
786,31,37,74,62,46,130,136,111,90
786,32,60,13,57,6,8,47,131,133
786,33,102,142,138,11,84,108,79,6
786,34,78,75,142,114,72,143,52,6
786,35,102,57,140,62,101,31,36,3
786,36,48,111,116,8,46,38,63,26
786,37,41,93,61,0,101,37,9,33
786,38,32,135,25,20,104,59,88,12
786,39,83,73,85,44,109,69,17,34
786,40,139,29,79,132,71,104,5,91
786,41,125,94,28,43,9,138,11,54
786,42,12,139,101,44,42,134,39,57
786,43,142,34,35,15,110,47,93,92
786,44,114,76,24,87,29,4,17,49
787,3,23,90,53,94,32,103,63,29
787,4,114,134,137,103,133,94,23,88
787,5,112,92,12,70,107,57,60,123
787,6,17,30,22,64,117,16,59,54
787,7,41,134,71,122,74,55,32,91
787,8,77,110,15,109,121,31,27,43
787,9,78,23,35,139,87,59,120,16
787,10,112,143,63,50,107,56,61,99
787,11,69,57,125,100,82,14,65,4
787,12,101,75,26,48,143,97,86,106
787,13,22,16,68,117,31,116,135,84
787,14,59,98,79,103,119,64,94,24
787,15,45,142,119,126,113,98,100,24
787,16,113,45,10,136,88,75,116,96
787,17,54,95,134,63,39,118,88,127
787,18,131,53,58,78,139,126,132,60
787,19,115,87,103,138,60,96,32,33
787,20,14,27,5,3,1,55,52,123
787,21,118,110,120,97,86,11,16,30
787,22,45,48,93,130,37,98,138,118
787,23,39,112,59,43,23,42,121,69
787,24,10,105,115,33,112,117,137,129
787,25,140,9,121,38,113,7,90,5
787,26,92,3,47,129,123,87,110,70
787,27,139,25,63,28,27,58,80,59
787,28,116,13,138,142,122,128,9,10
787,29,64,57,103,126,92,47,71,7
787,30,66,60,87,6,43,57,115,47
787,31,62,46,130,57,136,34,105,7
787,32,50,26,35,51,129,100,6,8
787,33,58,102,22,35,5,81,79,19
787,34,16,114,91,142,133,72,130,52
787,35,25,140,31,130,101,112,62,97
787,36,38,46,48,7,50,26,9,78
787,37,101,50,141,103,93,102,61,41
787,38,56,129,31,79,55,88,111,100
787,39,109,60,51,85,34,73,124,42
787,40,33,5,129,41,29,132,28,79
787,41,31,125,94,28,23,119,12,38
787,42,139,12,95,122,42,83,62,73
787,43,142,35,16,5,84,59,15,95
787,44,29,4,87,76,120,73,102,28
788,3,111,4,75,58,109,15,97,143
788,4,98,19,37,56,59,102,9,117
788,5,129,76,24,35,27,62,58,107
788,6,41,103,93,102,110,39,79,47
788,7,78,9,101,138,127,46,112,122
788,8,57,19,63,78,28,142,124,69
788,9,107,63,23,130,8,69,5,78
788,10,34,123,112,56,73,137,43,135
788,11,74,141,86,137,89,21,115,109
788,12,101,86,68,141,65,48,75,69
788,13,55,22,84,56,125,53,79,30
788,14,98,81,94,24,79,23,83,44
788,15,67,126,28,138,113,125,24,64
788,16,65,128,16,10,117,88,126,43
788,17,127,120,71,16,54,95,67,72
788,18,58,131,127,126,57,53,45,81
788,19,115,30,18,87,142,32,103,86
788,20,55,62,77,8,82,16,123,35
788,21,97,8,29,30,14,80,12,114
788,22,5,13,130,44,20,93,31,75
788,23,39,75,86,63,69,43,44,105
788,24,10,47,117,18,131,85,84,46
788,25,140,90,121,7,136,9,34,137
788,26,92,94,141,47,87,46,77,143
788,27,139,28,23,125,114,27,58,129
788,28,116,13,57,142,138,10,96,5
788,29,64,103,47,92,7,69,126,68
788,30,60,66,87,35,6,55,115,127
788,31,62,130,46,136,131,34,93,101
788,32,26,50,100,51,34,129,35,127
788,33,102,58,81,79,22,51,130,5
788,34,16,72,142,114,13,39,79,41
788,35,25,140,112,97,62,101,13,136
788,36,38,46,7,88,9,48,26,50
788,37,101,50,134,61,107,98,141,103
788,38,56,31,129,79,71,111,20,75
788,39,109,17,51,2,26,60,34,76
788,40,5,33,29,6,139,132,111,79
788,41,125,31,28,12,37,137,26,89
788,42,12,95,34,93,105,49,42,83
788,43,142,84,16,59,120,15,12,83
788,44,87,76,4,102,24,8,27,22
789,3,64,41,8,99,47,24,3,112
789,4,24,102,42,128,105,122,7,85
789,5,4,77,31,42,14,65,20,23
789,6,41,83,80,35,123,45,39,3
789,7,5,74,61,112,18,0,27,130
789,8,61,2,132,109,140,101,9,28
789,9,43,15,31,88,8,49,142,116
789,10,20,94,86,99,126,140,69,83
789,11,140,79,22,82,137,21,99,2
789,12,13,65,114,109,142,70,2,125
789,13,54,45,77,101,57,89,103,17
789,14,7,76,94,34,40,42,113,103
789,15,39,123,98,90,131,139,16,111
789,16,0,28,116,79,43,107,114,88
789,17,19,95,16,94,98,10,126,0
789,18,53,37,77,131,58,34,1,93
789,19,87,39,115,66,5,130,41,143
789,20,55,1,17,128,62,14,123,63
789,21,80,95,29,116,120,31,85,142
789,22,77,102,130,138,37,19,128,142
789,23,130,112,85,42,61,133,126,82
789,24,137,129,105,117,100,10,131,46
789,25,5,136,121,125,98,140,9,81
789,26,92,47,77,57,126,9,19,70
789,27,140,133,139,28,58,129,54,68
789,28,140,75,0,5,116,127,120,10
789,29,64,103,123,60,25,92,89,87
789,30,60,87,20,6,17,132,74,139
789,31,76,136,20,46,2,130,102,87
789,32,34,116,26,35,4,100,130,87
789,33,102,87,16,57,127,51,13,135
789,34,103,75,29,114,72,118,70,121
789,35,133,1,57,91,41,36,53,13
789,36,111,113,143,129,104,63,116,48
789,37,98,68,61,108,33,134,139,88
789,38,125,73,71,20,22,24,75,129
789,39,63,135,83,17,11,96,60,121
789,40,6,29,5,132,21,71,56,77
789,41,67,137,115,28,23,107,125,128
789,42,23,134,105,113,8,114,136,108
789,43,1,47,110,133,116,11,132,70
789,44,24,130,49,135,40,125,83,121
790,3,80,128,11,62,56,102,53,54
790,4,46,110,81,49,64,14,117,77
790,5,43,9,0,11,2,83,32,16
790,6,78,121,130,68,142,85,38,49
790,7,98,24,87,71,122,126,81,84
790,8,43,126,59,118,109,56,96,33
790,9,141,9,30,52,134,88,66,29
790,10,102,127,42,23,56,49,24,41
790,11,6,138,120,35,8,82,29,99
790,12,55,11,131,137,65,130,21,6
790,13,6,42,56,66,59,54,49,126
790,14,64,100,78,69,71,103,119,47
790,15,59,3,66,109,1,142,74,139
790,16,101,87,108,46,43,0,77,116
790,17,95,54,117,63,72,16,39,1
790,18,53,57,103,58,134,48,131,49
790,19,37,32,103,87,115,102,105,64
790,20,46,31,67,8,82,5,14,52
790,21,52,105,74,109,110,28,134,115
790,22,82,13,0,55,42,11,141,33
790,23,28,125,114,46,80,101,88,6
790,24,140,94,0,46,112,22,129,105
790,25,70,136,98,139,69,87,16,23
790,26,135,130,71,7,44,126,136,77
790,27,133,68,140,11,121,124,137,54
790,28,86,98,126,67,14,39,5,46
790,29,48,38,29,103,42,89,65,75
790,30,21,75,114,116,89,118,11,112
790,31,102,78,108,136,74,69,28,89
790,32,130,44,4,12,80,25,138,59
790,33,17,80,131,43,6,128,41,143
790,34,75,82,73,47,26,45,38,36
790,35,57,67,42,95,76,91,36,124
790,36,18,113,51,143,111,133,97,116
790,37,6,86,139,92,127,135,61,97
790,38,73,27,135,20,101,141,104,108
790,39,96,23,143,134,22,19,118,135
790,40,61,29,53,26,132,23,126,44
790,41,25,39,45,21,137,28,132,107
790,42,108,70,69,77,57,134,83,5
790,43,49,50,78,110,30,93,53,12
790,44,113,61,40,118,112,36,130,141
791,3,99,7,6,128,102,70,24,76
791,4,28,130,88,125,142,139,79,7
791,5,59,4,12,10,55,103,39,88
791,6,29,4,9,16,46,140,71,75
791,7,52,14,100,116,126,137,75,19
791,8,22,49,80,39,139,53,43,108
791,9,138,89,79,105,119,120,38,1
791,10,66,54,90,69,23,96,38,9
791,11,29,49,111,47,11,20,0,33
791,12,56,7,24,51,135,89,18,21
791,13,33,103,130,45,19,38,6,59
791,14,71,33,85,31,3,40,103,25
791,15,92,89,16,65,91,39,103,11
791,16,18,71,57,112,14,110,69,91
791,17,90,49,24,95,30,117,38,116
791,18,132,11,20,57,75,115,12,122
791,19,102,77,128,21,32,136,73,33
791,20,46,132,82,12,31,40,79,39
791,21,110,115,28,109,86,63,96,17
791,22,11,57,18,63,59,64,78,114
791,23,46,137,134,114,101,3,125,40
791,24,16,90,140,22,46,129,120,42
791,25,69,94,16,23,121,98,31,70
791,26,95,137,126,53,89,138,13,44
791,27,94,133,68,124,140,58,54,46
791,28,65,7,87,57,5,60,0,76
791,29,6,84,65,44,89,75,103,18
791,30,119,89,15,21,121,137,24,118
791,31,3,103,59,136,110,28,43,131
791,32,21,80,127,51,78,36,120,83
791,33,140,80,35,34,127,143,89,24
791,34,45,63,38,104,117,143,26,29
791,35,79,120,140,36,67,89,47,3
791,36,140,113,111,135,133,62,49,69
791,37,119,102,76,5,111,56,57,61
791,38,135,110,120,0,108,20,50,143
791,39,110,22,83,143,60,119,135,34
791,40,23,29,87,137,26,6,140,8
791,41,108,97,43,30,21,107,93,37
791,42,134,129,108,29,57,5,18,39
791,43,118,50,110,70,47,53,109,127
791,44,24,40,141,130,80,57,34,124
792,3,57,4,86,63,130,109,28,133
792,4,81,137,15,142,83,88,100,13
792,5,87,122,41,2,35,106,23,94
792,6,48,134,18,118,98,92,16,71
792,7,91,55,52,4,1,40,109,68
792,8,45,127,49,69,134,32,109,51
792,9,118,33,77,79,24,138,116,12
792,10,106,109,64,103,82,54,90,65
792,11,97,29,47,117,11,49,110,70
792,12,129,7,135,85,127,113,33,56
792,13,120,121,33,27,56,134,45,8
792,14,25,31,33,29,94,30,76,19
792,15,104,103,92,89,116,98,91,74
792,16,71,126,69,4,74,110,89,133
792,17,30,59,90,49,111,95,54,72
792,18,53,135,116,138,77,1,105,132
792,19,102,133,87,95,62,32,77,33
792,20,52,46,143,45,42,132,14,82
792,21,46,110,115,28,141,96,85,19
792,22,11,63,141,118,42,57,29,89
792,23,46,125,128,69,31,40,90,38
792,24,46,90,107,42,16,88,112,129
792,25,94,69,23,14,121,98,66,81
792,26,95,89,137,53,138,90,77,87
792,27,94,68,133,124,140,129,54,58
792,28,65,5,57,7,0,118,23,109
792,29,6,85,44,7,89,34,47,105
792,30,137,15,121,89,123,92,11,93
792,31,59,136,110,75,131,28,3,34
792,32,21,141,127,36,100,107,29,78
792,33,140,46,80,143,135,5,19,89
792,34,117,104,29,63,38,26,143,79
792,35,79,120,36,48,67,68,133,63
792,36,140,62,125,113,124,135,97,102
792,37,5,102,111,119,125,27,92,56
792,38,135,0,110,100,55,37,61,104
792,39,110,119,83,75,40,22,60,63
792,40,23,29,110,140,137,26,132,70
792,41,43,40,114,107,137,132,37,93
792,42,134,71,9,12,126,57,5,42
792,43,128,76,31,139,15,29,142,110
792,44,141,24,33,80,17,49,130,124
793,3,9,71,134,142,130,125,25,127
793,4,94,88,2,99,23,34,7,79
793,5,90,115,113,65,140,80,118,44
793,6,26,113,108,135,99,12,70,71
793,7,3,52,67,9,101,128,30,134
793,8,44,91,65,27,58,109,73,118
793,9,19,77,69,29,51,101,75,120
793,10,29,106,67,90,96,73,9,131
793,11,92,63,68,47,94,110,70,29
793,12,119,135,127,14,128,103,7,138
793,13,27,132,120,33,17,8,126,38
793,14,31,51,50,40,25,74,7,117
793,15,113,79,104,91,39,116,94,74
793,16,74,69,71,84,106,112,110,54
793,17,90,59,30,95,16,134,106,63
793,18,138,116,135,53,118,77,49,45
793,19,102,62,87,95,47,33,27,101
793,20,46,40,52,84,143,82,132,55
793,21,28,110,111,115,22,10,11,94
793,22,57,11,118,37,98,29,63,0
793,23,69,46,90,134,10,40,101,85
793,24,89,129,46,88,90,122,42,139
793,25,94,69,81,14,90,113,23,5
793,26,137,77,95,118,89,7,84,26
793,27,140,68,94,54,133,124,8,40
793,28,21,65,2,0,109,118,5,23
793,29,132,7,85,25,89,120,92,5
793,30,123,121,137,71,11,32,132,60
793,31,54,136,131,28,110,82,137,15
793,32,139,100,68,107,36,39,42,29
793,33,5,80,127,96,46,143,115,130
793,34,29,38,104,132,65,26,127,114
793,35,36,63,48,68,133,38,91,67
793,36,125,102,124,113,86,9,40,20
793,37,16,111,102,27,59,12,7,20
793,38,55,135,37,31,100,53,115,12
793,39,127,119,110,83,40,60,44,71
793,40,29,31,43,140,26,101,98,132
793,41,93,43,55,102,22,128,82,107
793,42,35,134,126,12,42,67,9,5
793,43,120,60,58,139,15,110,12,54
793,44,24,121,141,49,122,80,130,117
794,3,6,72,109,10,45,88,74,47
794,4,42,16,86,62,92,52,132,33
794,5,135,116,83,32,89,28,23,132
794,6,31,39,17,112,85,49,99,139
794,7,74,75,112,22,81,120,45,96
794,8,20,28,142,133,85,26,72,56
794,9,45,90,97,66,3,58,127,129
794,10,59,10,90,140,103,81,126,89
794,11,63,68,104,128,75,22,115,139
794,12,140,2,111,65,90,103,138,105
794,13,4,17,95,59,120,27,89,104
794,14,74,89,40,114,58,34,10,83
794,15,74,39,41,22,35,6,126,58
794,16,116,85,43,54,71,31,121,93
794,17,16,79,26,106,80,113,59,90
794,18,116,135,128,118,53,77,111,5
794,19,62,102,133,138,80,143,20,13
794,20,40,1,46,77,136,42,52,125
794,21,49,20,104,80,28,74,31,135
794,22,0,102,57,118,41,20,86,130
794,23,104,61,78,69,85,129,50,79
794,24,117,129,80,71,139,16,46,105
794,25,114,81,69,45,134,121,94,31
794,26,26,99,134,113,89,67,77,60
794,27,124,68,140,133,54,94,95,8
794,28,65,40,4,13,23,127,0,113
794,29,120,29,79,19,132,85,92,103
794,30,122,121,45,139,43,12,66,88
794,31,54,110,82,28,43,137,122,131
794,32,110,139,100,40,36,85,133,71
794,33,14,51,130,80,96,5,143,83
794,34,70,29,65,127,38,143,112,88
794,35,36,66,133,42,120,41,48,128
794,36,136,14,104,124,48,125,37,102
794,37,119,102,111,59,136,60,68,108
794,38,37,22,111,71,135,10,125,20
794,39,127,83,40,110,53,117,27,62
794,40,29,79,105,43,102,35,6,132
794,41,18,27,132,93,128,137,30,136
794,42,134,100,35,42,67,136,51,5
794,43,58,60,120,54,4,37,104,12
794,44,49,105,141,80,24,130,121,82
795,3,143,13,34,104,133,28,134,116
795,4,90,27,119,117,88,1,14,75
795,5,33,64,114,117,25,143,37,88
795,6,83,81,71,135,69,57,39,70
795,7,103,99,26,130,27,134,139,124
795,8,28,99,104,26,122,114,46,71
795,9,142,66,143,49,14,76,38,98
795,10,59,20,44,69,47,83,138,128
795,11,63,30,128,137,77,116,22,5
795,12,63,70,65,5,138,83,81,25
795,13,101,17,100,137,120,97,37,89
795,14,40,117,34,58,74,56,99,114
795,15,39,128,134,93,94,73,74,6
795,16,116,90,114,126,112,131,83,67
795,17,16,109,133,80,106,126,66,88
795,18,53,116,34,77,17,1,111,41
795,19,62,80,87,100,130,0,8,28
795,20,76,40,17,1,14,47,46,136
795,21,95,104,28,74,15,20,119,135
795,22,0,70,102,83,137,118,57,130
795,23,85,50,99,69,134,82,79,126
795,24,129,105,37,71,3,112,72,10
795,25,45,114,11,69,81,136,94,23
795,26,134,113,7,126,49,71,77,26
795,27,124,133,68,140,89,121,94,108
795,28,65,40,127,77,113,23,67,25
795,29,29,120,103,18,41,28,89,5
795,30,45,122,75,74,139,20,55,88
795,31,82,136,28,43,139,6,102,131
795,32,36,85,100,40,4,95,64,42
795,33,51,96,80,130,143,91,5,112
795,34,29,127,70,38,137,65,143,110
795,35,41,36,123,66,67,48,79,53
795,36,136,14,113,111,46,104,71,62
795,37,119,102,112,60,111,23,10,108
795,38,22,24,37,12,135,111,71,10
795,39,53,12,110,62,63,143,127,83
795,40,19,6,29,26,132,21,105,103
795,41,18,30,137,132,128,59,107,136
795,42,100,134,23,113,108,5,57,8
795,43,50,24,109,74,48,110,60,93
795,44,80,24,40,37,116,130,141,36
796,3,11,116,100,74,127,99,39,94
796,4,110,10,113,128,15,88,91,92
796,5,95,134,103,104,58,68,143,12
796,6,142,68,82,85,106,121,118,95
796,7,98,122,126,118,38,128,11,130
796,8,66,43,121,104,126,124,99,49
796,9,75,9,29,52,141,38,86,69
796,10,106,102,127,65,128,24,69,62
796,11,6,8,1,101,138,63,35,120
796,12,122,131,55,7,65,126,128,57
796,13,33,27,6,17,59,95,120,104
796,14,50,74,34,40,47,138,78,69
796,15,59,66,39,104,74,106,41,117
796,16,71,101,108,46,74,133,56,79
796,17,90,106,16,30,26,95,39,59
796,18,11,116,53,135,75,45,111,118
796,19,95,102,87,62,128,77,100,21
796,20,46,132,40,84,82,70,31,53
796,21,28,115,110,106,74,109,134,120
796,22,57,82,70,18,0,89,11,77
796,23,134,80,60,85,114,50,88,112
796,24,140,22,94,0,129,126,32,69
796,25,117,122,6,93,24,139,23,70
796,26,130,135,49,126,79,44,19,3
796,27,133,124,46,11,27,121,58,138
796,28,86,67,126,130,18,7,48,98
796,29,29,48,18,103,42,75,87,32
796,30,75,45,21,114,11,86,74,105
796,31,136,102,78,105,28,86,139,51
796,32,25,130,12,80,4,138,45,31
796,33,17,143,85,67,132,80,79,71
796,34,82,26,47,45,104,76,138,36
796,35,57,83,76,67,115,37,124,85
796,36,51,18,20,97,113,13,37,46
796,37,127,135,6,67,139,61,92,81
796,38,47,27,42,104,141,7,11,20
796,39,53,104,135,22,23,120,15,118
796,40,53,61,23,132,69,22,26,126
796,41,25,39,45,58,54,21,137,37
796,42,70,69,108,113,55,16,57,5
796,43,49,50,78,109,110,93,124,24
796,44,113,61,118,40,36,112,34,141
797,3,15,102,133,129,78,17,46,66
797,4,101,50,142,63,13,143,35,65
797,5,95,124,32,103,115,59,136,83
797,6,64,98,45,102,3,106,108,76
797,7,4,109,40,38,19,95,67,71
797,8,46,45,127,4,66,73,53,109
797,9,116,70,92,118,89,120,62,86
797,10,103,64,82,123,79,100,66,68
797,11,117,47,111,69,71,1,29,110
797,12,85,12,7,134,24,48,89,3
797,13,121,33,103,120,86,10,89,38
797,14,33,3,85,25,76,112,40,107
797,15,103,54,88,39,53,74,11,24
797,16,110,82,89,47,74,126,91,90
797,17,111,59,72,95,40,6,30,128
797,18,116,53,135,34,77,37,129,42
797,19,100,87,73,32,95,102,129,5
797,20,46,71,125,45,47,91,8,143
797,21,74,135,85,104,113,115,46,110
797,22,141,18,12,11,118,37,29,30
797,23,46,112,98,128,10,4,125,134
797,24,46,143,27,22,140,126,129,100
797,25,117,23,94,24,98,136,45,113
797,26,84,126,49,90,44,77,60,137
797,27,133,58,68,94,24,14,46,82
797,28,7,120,66,130,134,5,67,129
797,29,14,105,94,29,6,77,69,44
797,30,130,24,76,40,93,45,67,62
797,31,136,3,86,120,84,60,28,43
797,32,41,21,45,105,14,72,56,36
797,33,130,43,35,80,46,19,143,127
797,34,38,67,76,117,140,45,58,122
797,35,62,36,129,9,76,3,16,133
797,36,37,46,138,49,113,39,69,52
797,37,52,102,115,77,60,67,72,6
797,38,112,48,108,110,136,134,20,111
797,39,50,4,110,22,89,109,120,119
797,40,75,124,111,29,24,71,26,21
797,41,54,47,90,58,139,107,59,29
797,42,48,63,134,13,28,51,5,10
797,43,143,57,110,53,83,127,139,70
797,44,7,44,22,24,82,59,34,126
798,3,118,68,121,80,28,130,128,47
798,4,61,14,54,62,40,20,86,55
798,5,105,95,42,80,13,75,82,33
798,6,78,140,86,129,11,118,117,85
798,7,5,94,38,74,120,112,17,60
798,8,49,35,81,121,118,31,100,22
798,9,73,116,43,60,83,142,79,52
798,10,106,69,44,89,19,90,20,140
798,11,0,94,29,49,2,78,117,101
798,12,104,12,7,114,82,28,89,71
798,13,54,33,134,36,121,27,5,120
798,14,76,71,18,33,36,40,103,109
798,15,25,121,107,11,9,36,41,128
798,16,57,110,112,74,6,47,82,90
798,17,38,111,24,85,6,95,30,43
798,18,132,114,12,75,69,122,115,55
798,19,73,32,95,1,77,140,21,51
798,20,46,79,143,12,82,47,58,23
798,21,113,110,115,86,17,92,85,94
798,22,12,37,141,35,18,98,91,57
798,23,112,137,4,140,98,48,3,54
798,24,52,46,140,143,22,129,27,13
798,25,113,23,139,93,94,117,5,81
798,26,47,143,77,3,126,84,48,44
798,27,58,133,24,28,31,25,92,94
798,28,120,48,83,50,5,95,134,140
798,29,25,65,103,62,41,88,137,75
798,30,60,115,87,45,86,21,79,54
798,31,136,103,106,62,84,86,28,51
798,32,12,131,25,57,45,76,2,137
798,33,5,129,11,19,28,67,46,24
798,34,76,136,38,67,36,43,142,120
798,35,133,36,57,95,55,124,87,25
798,36,111,46,113,116,49,143,85,122
798,37,115,67,113,7,136,102,44,16
798,38,16,14,20,74,73,141,121,131
798,39,17,71,26,99,134,118,108,2
798,40,29,71,92,101,89,44,78,53
798,41,20,93,67,138,43,86,128,89
798,42,134,126,114,108,12,51,136,44
798,43,64,53,124,110,70,47,71,50
798,44,24,141,49,130,40,121,124,80
799,3,15,122,125,89,41,134,52,51
799,4,42,95,122,83,102,99,38,129
799,5,124,106,116,136,47,76,134,17
799,6,83,37,42,47,110,99,35,3
799,7,99,112,6,75,18,65,57,38
799,8,28,34,21,128,71,124,122,99
799,9,142,66,98,143,49,4,137,67
799,10,44,83,125,55,59,99,71,142
799,11,116,53,104,77,5,139,121,115
799,12,69,70,24,134,52,103,82,143
799,13,97,89,37,90,126,65,115,131
799,14,35,0,103,131,116,11,58,82
799,15,27,94,39,128,6,52,124,80
799,16,93,90,116,73,34,80,54,23
799,17,16,20,133,39,26,82,108,42
799,18,77,88,1,41,113,34,108,17
799,19,80,87,52,84,33,75,60,61
799,20,1,42,105,46,14,79,9,76
799,21,110,20,14,115,58,120,141,30
799,22,37,138,91,49,42,141,130,20
799,23,78,112,104,61,57,63,29,15
799,24,82,46,33,84,143,52,115,129
799,25,5,113,9,136,14,94,134,93
799,26,47,57,92,48,77,110,134,60
799,27,89,133,59,2,28,94,24,80
799,28,13,50,103,120,31,108,134,47
799,29,25,120,0,94,103,65,41,58
799,30,87,60,135,79,115,122,86,118
799,31,136,93,62,71,114,79,106,10
799,32,39,51,110,138,135,133,78,131
799,33,5,138,28,81,130,51,125,139
799,34,67,21,120,119,33,135,143,16
799,35,14,50,1,25,36,42,4,140
799,36,10,48,26,138,39,6,47,104
799,37,112,67,129,136,102,20,28,50
799,38,14,121,45,55,12,20,29,136
799,39,17,27,99,12,83,118,51,42
799,40,101,65,29,92,32,44,71,125
799,41,86,20,128,70,74,13,89,77
799,42,134,114,22,52,96,51,136,15
799,43,124,47,83,54,97,120,135,60
799,44,141,49,24,130,73,125,26,53
800,3,122,7,80,56,38,121,138,115
800,4,42,86,117,27,135,121,5,15
800,5,139,53,27,18,137,54,61,143
800,6,65,112,28,52,20,61,44,70
800,7,22,26,128,25,112,18,65,40
800,8,68,12,136,127,71,142,28,121
800,9,31,143,136,115,49,137,112,86
800,10,85,16,32,103,20,86,76,77
800,11,22,53,24,12,104,30,69,128
800,12,69,70,68,86,13,99,18,136
800,13,12,23,89,97,100,37,90,0
800,14,58,131,11,103,40,65,0,82
800,15,39,27,94,61,6,73,129,63
800,16,43,15,34,73,124,116,67,24
800,17,109,133,65,128,124,72,16,39
800,18,77,9,1,113,41,10,87,49
800,19,83,80,87,65,0,142,20,130
800,20,1,17,30,91,22,76,14,40
800,21,20,142,85,23,15,95,104,31
800,22,62,137,130,83,138,102,20,101
800,23,104,61,29,78,105,101,15,8
800,24,82,117,67,73,84,115,46,53
800,25,9,5,81,113,134,94,109,14
800,26,134,47,92,57,126,77,90,19
800,27,133,58,28,89,70,2,93,63
800,28,13,120,103,50,31,134,23,47
800,29,120,25,0,103,65,41,28,94
800,30,60,115,87,118,79,46,124,86
800,31,136,62,93,51,79,86,2,42
800,32,39,34,114,105,138,41,110,131
800,33,130,138,51,5,81,125,28,83
800,34,119,38,67,136,34,16,120,52
800,35,14,1,27,133,36,9,42,95
800,36,48,111,69,113,47,104,138,10
800,37,102,129,136,10,68,67,6,112
800,38,134,14,12,20,30,136,48,141
800,39,17,12,44,76,89,83,135,27
800,40,29,68,81,124,106,5,12,49
800,41,20,77,128,115,13,138,107,137
800,42,134,136,108,83,22,126,121,15
800,43,47,83,53,74,60,123,12,120
800,44,141,49,24,135,130,126,101,65
801,3,34,44,108,133,116,19,51,12
801,4,94,116,87,37,133,86,102,13
801,5,12,68,124,27,40,110,140,20
801,6,52,65,123,44,80,92,69,37
801,7,99,85,12,65,43,13,86,9
801,8,28,97,133,142,136,53,83,128
801,9,142,143,134,27,101,86,88,62
801,10,32,14,9,40,20,103,90,99
801,11,76,115,96,110,128,49,41,53
801,12,134,69,70,68,77,71,82,1
801,13,23,56,89,97,90,37,126,103
801,14,40,58,117,140,94,43,131,75
801,15,39,27,63,128,94,6,26,58
801,16,116,73,99,32,67,93,114,34
801,17,109,88,16,35,63,82,39,72
801,18,77,53,1,58,50,17,116,41
801,19,84,133,122,61,87,143,14,80
801,20,1,136,46,133,52,14,42,91
801,21,74,113,15,95,110,101,104,141
801,22,137,130,138,37,42,103,141,101
801,23,112,85,99,57,125,63,46,50
801,24,46,82,18,105,115,27,84,129
801,25,9,45,113,136,5,134,94,125
801,26,47,126,92,57,77,70,3,115
801,27,58,89,68,133,129,59,70,139
801,28,130,120,77,129,40,0,10,103
801,29,25,120,103,0,65,47,87,92
801,30,60,115,45,86,118,55,62,127
801,31,136,62,82,113,93,114,10,106
801,32,34,137,114,130,69,74,41,8
801,33,138,51,130,83,11,5,102,97
801,34,136,34,142,10,43,52,65,70
801,35,14,1,133,36,140,57,95,124
801,36,48,136,46,49,113,111,104,20
801,37,10,112,6,102,129,113,67,94
801,38,134,12,20,131,141,143,136,65
801,39,17,135,89,52,63,83,26,27
801,40,29,124,71,139,21,103,12,26
801,41,13,30,90,137,107,11,136,48
801,42,23,134,113,136,108,8,5,51
801,43,47,109,142,83,48,70,53,107
801,44,24,44,116,80,141,130,49,126
802,3,11,54,74,53,102,37,82,56
802,4,46,110,81,103,136,77,49,83
802,5,43,9,104,35,95,16,141,73
802,6,78,68,130,142,121,118,85,0
802,7,98,24,126,87,21,94,107,5
802,8,43,126,118,81,73,45,59,16
802,9,141,9,30,57,42,66,138,29
802,10,102,42,127,23,24,65,56,67
802,11,6,138,120,101,8,35,102,137
802,12,55,131,11,21,7,52,65,0
802,13,6,42,78,66,41,122,96,86
802,14,100,103,143,138,66,64,69,65
802,15,59,66,3,20,109,74,99,142
802,16,101,87,108,46,74,132,77,54
802,17,16,30,40,103,39,117,26,6
802,18,132,77,53,90,75,40,129,135
802,19,95,133,77,1,21,73,111,85
802,20,46,143,52,42,1,31,79,105
802,21,110,141,109,134,120,135,105,115
802,22,82,141,42,33,18,57,114,101
802,23,125,112,80,28,60,134,46,114
802,24,140,94,126,0,108,22,27,129
802,25,70,81,24,98,139,23,122,117
802,26,135,126,130,44,79,49,19,3
802,27,133,11,121,46,124,58,27,128
802,28,86,98,67,126,130,18,10,120
802,29,48,29,38,42,103,18,87,89
802,30,21,75,11,114,55,86,74,45
802,31,102,78,136,108,28,105,130,106
802,32,130,12,4,80,25,138,44,23
802,33,17,85,79,143,11,128,131,67
802,34,75,47,82,76,26,73,45,18
802,35,57,76,67,115,124,58,34,99
802,36,97,18,63,113,133,143,51,20
802,37,6,135,127,92,139,99,61,84
802,38,27,73,42,104,20,141,11,101
802,39,96,23,60,22,19,118,135,68
802,40,61,53,29,105,23,126,69,44
802,41,25,39,45,28,111,21,113,64
802,42,70,108,69,57,5,77,113,134
802,43,49,50,110,78,12,93,53,30
802,44,113,61,40,118,112,130,36,141
803,3,54,25,32,14,108,44,39,51
803,4,42,5,83,121,90,117,135,120
803,5,27,132,37,120,29,42,138,86
803,6,35,92,27,73,47,114,44,90
803,7,43,29,112,75,13,30,101,110
803,8,133,28,117,124,63,121,26,81
803,9,22,143,49,102,142,129,42,128
803,10,15,88,129,22,73,66,101,45
803,11,128,5,104,49,119,55,22,115
803,12,36,13,52,98,143,126,14,70
803,13,107,97,135,94,37,89,57,54
803,14,40,36,117,0,18,105,52,19
803,15,128,17,115,64,80,119,39,38
803,16,118,57,122,113,116,47,82,128
803,17,67,38,61,107,66,110,12,35
803,18,77,73,1,114,17,8,108,0
803,19,4,80,32,129,73,85,25,51
803,20,113,27,59,134,47,1,51,105
803,21,89,113,73,20,14,120,81,17
803,22,88,19,12,36,102,20,104,101
803,23,49,8,58,98,62,15,103,48
803,24,33,108,135,67,119,18,27,3
803,25,17,61,136,81,9,5,125,122
803,26,18,84,99,90,122,3,119,138
803,27,25,103,138,133,135,14,35,30
803,28,120,134,31,10,5,66,50,138
803,29,94,140,135,78,103,113,77,66
803,30,136,21,44,66,55,104,74,9
803,31,84,39,62,106,105,114,68,28
803,32,1,70,41,35,56,52,14,114
803,33,130,25,84,5,43,41,125,143
803,34,67,140,92,110,50,39,102,93
803,35,115,76,62,133,67,9,58,124
803,36,37,93,20,138,49,69,104,143
803,37,115,103,116,21,6,54,136,130
803,38,134,29,27,104,116,136,80,69
803,39,56,4,77,2,8,100,133,82
803,40,124,105,75,142,44,62,120,71
803,41,37,54,64,111,94,55,90,24
803,42,83,122,73,108,139,43,15,2
803,43,33,35,110,22,59,119,50,7
803,44,55,74,44,120,130,20,73,29
804,3,115,142,92,5,44,74,39,108
804,4,127,39,101,120,2,116,80,93
804,5,78,82,37,28,47,42,20,70
804,6,24,112,39,50,42,81,139,35
804,7,95,35,6,112,74,30,59,127
804,8,15,103,109,124,81,114,105,59
804,9,3,135,142,105,139,87,131,111
804,10,56,92,22,128,99,103,80,90
804,11,123,101,71,4,128,41,32,142
804,12,136,36,13,108,98,68,52,106
804,13,135,115,54,107,94,141,90,124
804,14,40,21,49,19,0,103,118,108
804,15,119,64,4,115,17,76,36,112
804,16,141,113,134,47,57,132,116,70
804,17,32,30,116,90,95,24,38,85
804,18,11,57,122,23,103,115,17,72
804,19,71,118,21,136,94,32,12,33
804,20,69,31,82,40,79,140,24,39
804,21,105,63,109,115,106,110,4,34
804,22,57,98,33,22,142,18,140,51
804,23,134,132,80,19,41,98,6,77
804,24,140,22,94,0,102,143,50,19
804,25,117,81,14,23,118,43,6,78
804,26,130,7,135,121,77,19,44,129
804,27,27,82,46,108,121,133,88,132
804,28,120,5,14,51,7,67,39,91
804,29,18,20,50,140,44,88,89,38
804,30,11,75,35,137,89,116,52,40
804,31,136,102,69,139,86,16,28,24
804,32,44,95,121,25,66,100,4,130
804,33,24,143,67,104,119,141,5,121
804,34,38,92,26,132,76,24,47,104
804,35,67,76,89,120,19,9,57,58
804,36,37,92,51,111,117,61,69,18
804,37,99,48,27,86,87,136,7,62
804,38,42,108,73,101,44,10,79,111
804,39,134,23,80,105,46,60,20,75
804,40,24,90,29,132,116,55,127,121
804,41,54,57,111,38,45,28,110,136
804,42,83,122,73,139,108,10,42,15
804,43,35,119,103,5,7,24,110,50
804,44,29,120,73,17,23,55,54,15
805,3,54,92,31,50,18,118,75,100
805,4,31,56,41,39,55,59,81,89
805,5,82,58,23,35,127,42,37,70
805,6,103,79,4,81,139,76,66,75
805,7,134,138,127,35,75,6,84,136
805,8,80,57,141,89,59,22,116,123
805,9,25,82,83,135,142,20,52,64
805,10,132,22,34,92,135,99,114,80
805,11,32,4,142,128,1,111,41,17
805,12,68,13,80,138,98,136,25,36
805,13,94,55,115,57,124,135,54,107
805,14,21,0,40,35,118,37,48,18
805,15,64,4,40,17,125,82,115,76
805,16,128,113,117,47,141,132,16,57
805,17,38,67,132,3,66,72,96,39
805,18,114,132,73,0,107,31,12,70
805,19,73,32,129,13,85,4,33,38
805,20,46,79,47,27,102,76,30,42
805,21,113,74,110,121,135,89,120,16
805,22,12,19,44,98,37,135,101,114
805,23,98,58,48,129,118,54,29,15
805,24,46,50,143,129,82,107,140,33
805,25,81,136,9,139,24,23,122,125
805,26,84,126,47,77,90,99,44,19
805,27,133,103,58,135,25,50,108,82
805,28,120,134,66,130,5,13,48,18
805,29,94,140,103,66,77,75,25,78
805,30,21,44,30,104,11,74,93,76
805,31,62,84,136,29,39,51,121,28
805,32,66,41,56,35,114,87,98,138
805,33,130,43,129,143,9,71,36,5
805,34,140,110,67,132,26,3,76,100
805,35,67,57,76,133,28,62,115,124
805,36,37,113,138,69,143,142,20,71
805,37,115,99,103,10,33,27,20,137
805,38,134,48,136,29,20,9,104,62
805,39,4,7,68,43,60,135,0,34
805,40,124,71,29,108,26,24,117,39
805,41,54,55,90,37,24,64,137,59
805,42,43,96,83,5,130,55,108,57
805,43,110,137,7,127,53,103,74,139
805,44,111,44,120,80,141,130,55,6
806,3,34,38,35,119,55,39,85,3
806,4,141,131,118,15,9,85,7,103
806,5,86,76,35,58,137,143,131,51
806,6,79,81,4,10,57,37,34,120
806,7,138,127,112,30,69,136,78,114
806,8,57,141,19,16,124,116,127,81
806,9,106,63,82,28,29,142,22,83
806,10,135,76,34,99,22,43,132,80
806,11,109,4,32,128,1,17,5,0
806,12,13,68,71,36,80,22,138,25
806,13,94,55,114,107,90,115,54,57
806,14,21,0,40,36,81,37,72,18
806,15,64,4,17,125,82,112,127,105
806,16,128,47,117,57,27,132,16,141
806,17,38,3,61,53,39,19,94,132
806,18,17,114,113,116,118,47,40,30
806,19,87,32,33,114,80,123,73,13
806,20,46,17,65,76,85,82,79,40
806,21,74,106,16,87,113,123,54,50
806,22,19,12,37,130,61,44,141,57
806,23,48,82,133,72,113,137,98,129
806,24,143,46,22,35,129,40,112,109
806,25,81,87,136,94,133,49,113,83
806,26,47,99,7,126,90,77,19,48
806,27,133,26,140,58,94,115,108,63
806,28,120,66,130,48,4,87,5,70
806,29,94,25,76,51,103,140,66,77
806,30,121,137,11,60,21,79,93,55
806,31,26,136,37,62,121,127,85,39
806,32,66,41,128,20,14,96,87,56
806,33,24,130,143,5,141,129,138,71
806,34,132,29,110,114,42,26,3,24
806,35,67,58,89,9,47,82,5,28
806,36,113,116,117,93,46,111,37,56
806,37,27,115,99,102,103,15,105,47
806,38,48,135,134,5,101,9,62,96
806,39,7,4,68,80,93,118,60,135
806,40,124,29,117,83,43,6,140,39
806,41,54,90,37,24,64,55,59,116
806,42,55,5,34,57,9,118,51,78
806,43,110,53,120,124,130,103,13,137
806,44,44,80,141,130,24,124,49,7
807,3,50,76,114,94,12,119,43,85
807,4,133,83,100,49,119,10,69,15
807,5,55,88,77,70,82,31,4,106
807,6,112,3,94,65,134,69,44,81
807,7,112,74,18,128,21,39,5,57
807,8,12,28,122,109,119,11,139,67
807,9,115,102,142,81,14,88,58,44
807,10,99,140,98,20,32,94,83,73
807,11,22,55,12,77,5,128,49,29
807,12,36,71,103,82,90,24,1,0
807,13,23,10,89,54,28,30,97,90
807,14,40,7,65,103,58,117,67,69
807,15,90,98,135,39,73,63,115,69
807,16,60,90,32,25,20,122,29,61
807,17,19,53,16,109,94,39,66,61
807,18,17,114,45,137,8,47,37,115
807,19,85,39,130,25,60,59,27,80
807,20,17,46,97,71,93,76,1,65
807,21,20,95,135,74,17,113,106,16
807,22,12,19,137,20,102,37,141,11
807,23,99,44,85,133,57,38,112,74
807,24,46,125,82,129,143,91,107,100
807,25,81,9,136,103,45,94,111,139
807,26,90,47,126,77,99,92,110,19
807,27,70,133,58,26,105,89,129,94
807,28,120,66,70,119,13,4,130,23
807,29,58,103,100,94,116,5,66,25
807,30,10,135,121,11,104,87,16,86
807,31,26,62,136,37,85,28,143,31
807,32,66,109,100,32,14,128,59,111
807,33,125,130,43,0,143,71,120,141
807,34,132,110,67,3,114,29,2,105
807,35,129,67,9,58,4,78,62,80
807,36,23,135,14,113,117,39,124,49
807,37,23,27,99,115,94,88,97,105
807,38,48,135,0,134,20,5,29,101
807,39,4,7,75,34,135,93,62,17
807,40,18,124,117,83,71,96,51,44
807,41,90,80,26,89,0,130,59,30
807,42,111,34,12,57,5,134,123,76
807,43,110,130,132,15,142,76,139,53
807,44,44,130,141,124,7,80,76,24
808,3,99,1,7,0,94,78,53,106
808,4,28,100,85,23,72,101,60,79
808,5,4,112,95,44,140,42,10,55
808,6,29,140,42,131,114,100,44,117
808,7,100,116,71,137,42,55,128,81
808,8,111,121,109,80,22,118,40,66
808,9,138,119,105,59,86,108,99,135
808,10,54,103,99,97,23,69,9,71
808,11,94,11,70,29,0,27,33,1
808,12,109,94,127,28,17,0,103,1
808,13,45,70,54,90,99,41,27,95
808,14,31,71,103,33,40,85,124,63
808,15,16,92,73,36,98,117,40,41
808,16,20,74,69,80,59,18,55,116
808,17,39,139,38,60,16,31,121,141
808,18,114,132,115,105,90,12,36,138
808,19,95,85,32,111,25,73,93,64
808,20,46,143,79,1,76,12,101,3
808,21,110,113,120,17,74,58,124,92
808,22,37,91,141,19,138,98,12,41
808,23,38,137,112,42,40,74,54,48
808,24,46,129,42,89,115,121,138,131
808,25,81,94,103,5,142,113,9,51
808,26,92,47,95,77,57,143,3,53
808,27,94,140,133,129,28,58,26,139
808,28,83,87,57,7,140,70,23,81
808,29,85,6,34,25,100,103,5,26
808,30,123,121,137,24,96,11,87,21
808,31,26,136,59,37,62,99,130,84
808,32,127,83,21,29,32,100,60,57
808,33,140,24,46,80,129,138,124,71
808,34,29,132,26,114,110,90,117,104
808,35,79,58,63,67,132,36,82,46
808,36,140,113,124,16,117,48,68,97
808,37,27,5,117,115,102,69,16,19
808,38,135,0,100,87,128,126,20,110
808,39,17,83,75,44,93,60,34,86
808,40,92,83,29,117,23,71,140,98
808,41,114,40,30,43,89,26,107,137
808,42,12,34,71,134,57,5,124,9
808,43,110,76,64,15,29,120,47,54
808,44,130,76,141,33,109,122,124,87
809,3,138,121,26,134,74,42,4,60
809,4,112,107,39,86,85,24,76,99
809,5,10,41,54,106,21,42,130,133
809,6,114,104,77,45,65,83,37,1
809,7,112,22,75,18,74,37,103,106
809,8,61,28,12,119,11,71,65,84
809,9,83,44,143,77,49,34,107,115
809,10,140,20,137,26,45,25,85,9
809,11,99,22,140,5,76,75,123,115
809,12,2,111,4,82,5,140,25,103
809,13,89,132,110,95,112,90,43,101
809,14,7,83,63,40,70,23,44,35
809,15,123,98,81,74,83,96,90,120
809,16,54,10,137,88,0,125,85,57
809,17,16,73,47,12,80,92,53,19
809,18,116,118,71,126,65,8,45,128
809,19,9,122,62,87,30,109,130,17
809,20,17,1,56,136,93,110,55,46
809,21,80,111,17,64,98,42,8,68
809,22,42,134,102,130,138,103,141,117
809,23,85,61,36,42,133,57,101,82
809,24,129,80,44,60,115,131,84,13
809,25,81,5,22,87,125,9,45,111
809,26,92,57,47,3,81,96,77,70
809,27,140,107,63,28,54,26,59,27
809,28,140,103,58,114,132,75,9,47
809,29,79,92,120,5,19,103,73,46
809,30,12,87,60,121,41,50,11,45
809,31,76,41,85,51,143,93,131,62
809,32,116,100,139,29,125,32,28,128
809,33,100,80,104,63,141,108,138,73
809,34,29,132,90,115,26,110,114,88
809,35,19,77,27,36,14,58,82,132
809,36,48,19,26,41,78,6,67,124
809,37,117,141,27,102,69,68,24,98
809,38,126,100,114,53,111,106,55,20
809,39,83,128,17,86,39,110,127,60
809,40,92,29,139,98,140,59,102,43
809,41,41,9,59,107,137,112,13,26
809,42,134,9,5,39,110,42,8,123
809,43,74,47,110,125,120,77,60,104
809,44,130,24,89,141,125,107,49,80
810,3,73,70,143,89,4,76,93,135
810,4,40,20,95,14,13,108,79,121
810,5,77,37,83,84,58,82,102,80
810,6,94,28,83,35,3,82,7,52
810,7,110,112,99,75,74,13,65,90
810,8,28,65,128,37,122,42,124,34
810,9,142,1,88,135,128,102,81,140
810,10,14,86,15,52,5,90,126,82
810,11,105,61,104,7,5,76,33,73
810,12,70,52,82,5,17,3,47,25
810,13,89,97,93,37,0,132,44,8
810,14,117,122,52,40,116,0,38,80
810,15,39,134,128,94,76,27,80,106
810,16,114,121,116,137,13,131,34,93
810,17,10,16,98,88,19,47,109,136
810,18,53,88,77,34,1,57,116,19
810,19,103,80,5,28,61,143,115,41
810,20,17,1,67,76,97,35,93,14
810,21,20,142,14,59,95,116,111,15
810,22,20,138,130,61,0,26,62,129
810,23,78,104,105,61,82,101,29,112
810,24,112,117,115,129,105,10,113,84
810,25,9,7,5,125,61,134,81,113
810,26,92,57,134,47,136,13,126,70
810,27,111,127,74,107,54,129,118,58
810,28,13,31,103,132,63,9,34,23
810,29,92,103,25,28,131,62,46,5
810,30,60,87,46,122,6,2,131,115
810,31,62,93,63,143,51,41,131,85
810,32,100,133,32,75,47,110,86,88
810,33,81,108,138,132,71,68,40,135
810,34,105,132,41,0,51,102,85,110
810,35,36,19,42,46,27,0,124,87
810,36,19,39,6,26,78,63,68,48
810,37,117,141,98,108,88,136,68,33
810,38,126,20,111,83,105,62,26,136
810,39,17,128,39,100,57,83,10,27
810,40,92,102,29,11,79,139,51,71
810,41,41,9,59,77,26,13,71,89
810,42,121,134,9,39,42,5,112,78
810,43,74,47,83,110,132,97,77,56
810,44,130,89,49,141,64,80,135,70
811,3,118,18,26,4,63,24,48,64
811,4,105,125,100,29,7,1,9,23
811,5,130,88,8,10,22,128,127,76
811,6,105,42,65,69,83,118,3,20
811,7,22,50,102,112,0,94,20,88
811,8,95,46,143,0,11,93,142,122
811,9,143,13,14,142,114,71,96,73
811,10,32,94,101,83,85,113,97,5
811,11,0,30,67,112,119,34,44,45
811,12,77,46,28,114,142,91,116,82
811,13,110,101,22,23,90,112,56,38
811,14,7,40,24,70,23,91,65,76
811,15,98,120,139,39,81,63,6,74
811,16,36,0,107,114,125,136,92,93
811,17,10,16,53,19,12,47,109,142
811,18,53,57,8,58,68,126,116,71
811,19,103,115,25,87,122,5,62,48
811,20,17,123,14,1,97,128,110,56
811,21,142,95,92,20,116,80,38,110
811,22,42,120,137,54,130,61,102,116
811,23,82,85,101,7,74,112,105,44
811,24,112,105,10,129,115,73,6,84
811,25,81,125,9,69,89,5,7,11
811,26,92,57,47,3,68,15,124,136
811,27,111,54,127,107,118,140,15,37
811,28,103,40,6,25,9,47,34,140
811,29,103,5,60,25,92,73,131,87
811,30,87,88,2,121,60,135,6,136
811,31,63,37,62,131,41,2,136,68
811,32,100,32,133,18,59,86,128,52
811,33,81,40,138,73,68,41,108,70
811,34,132,105,85,41,29,2,51,8
811,35,36,19,46,84,0,66,72,124
811,36,48,19,85,41,122,136,27,63
811,37,117,141,98,88,136,68,60,108
811,38,126,107,111,20,62,100,69,105
811,39,17,128,77,57,44,85,43,71
811,40,11,92,102,71,29,51,139,121
811,41,9,89,26,59,137,111,13,138
811,42,121,42,112,31,2,134,5,101
811,43,74,136,106,61,53,40,112,120
811,44,89,64,17,135,126,103,82,59
812,3,91,80,16,39,87,67,136,10
812,4,40,15,60,14,64,115,129,8
812,5,82,106,130,78,58,72,14,26
812,6,121,55,53,18,34,73,83,27
812,7,39,74,18,22,52,73,13,11
812,8,8,101,1,44,3,43,63,88
812,9,42,96,128,125,71,40,21,130
812,10,143,139,138,116,83,77,97,140
812,11,21,2,125,96,60,135,97,67
812,12,4,77,114,53,33,138,76,103
812,13,26,22,77,40,90,103,0,56
812,14,97,1,98,95,23,42,40,107
812,15,98,1,119,104,6,111,83,74
812,16,92,52,136,137,12,80,25,0
812,17,16,19,53,109,91,134,86,128
812,18,6,78,57,71,5,111,65,29
812,19,17,72,38,29,108,130,30,25
812,20,17,67,1,74,93,46,112,126
812,21,111,80,116,78,17,14,106,43
812,22,138,20,0,99,134,77,116,137
812,23,88,85,133,16,130,42,57,112
812,24,29,129,115,131,70,84,113,117
812,25,7,125,5,28,81,105,29,126
812,26,92,3,58,57,19,47,99,22
812,27,107,65,17,58,50,104,127,105
812,28,75,9,44,103,132,118,122,138
812,29,34,103,39,24,5,54,2,0
812,30,6,34,86,55,19,16,96,131
812,31,37,111,50,61,124,105,63,34
812,32,100,87,75,128,86,46,31,74
812,33,13,4,99,139,57,138,68,137
812,34,132,139,133,29,143,51,114,110
812,35,0,133,143,14,46,116,82,95
812,36,85,11,42,21,19,93,143,129
812,37,141,0,98,143,9,140,88,22
812,38,107,104,139,39,56,19,45,62
812,39,52,77,83,17,2,85,129,133
812,40,11,102,40,121,73,69,36,104
812,41,119,120,41,13,111,9,138,23
812,42,101,9,77,122,42,126,55,73
812,43,22,110,83,103,47,74,53,67
812,44,120,47,17,62,45,64,107,141
813,3,23,53,36,12,63,39,142,82
813,4,114,117,68,66,23,69,135,122
813,5,112,92,58,52,123,95,90,85
813,6,22,17,30,34,64,102,48,100
813,7,41,93,55,98,25,120,8,48
813,8,77,15,12,43,27,96,60,55
813,9,87,23,28,135,112,35,59,127
813,10,112,22,1,143,103,63,52,77
813,11,125,21,57,100,3,33,14,99
813,12,38,25,6,137,103,71,36,29
813,13,89,97,101,100,126,91,8,6
813,14,40,7,114,65,74,103,117,83
813,15,90,39,98,24,6,126,131,123
813,16,137,60,93,25,28,116,90,73
813,17,19,133,53,55,126,44,95,1
813,18,17,45,29,23,116,135,77,137
813,19,39,87,38,9,108,48,54,61
813,20,17,93,67,40,76,73,53,13
813,21,111,50,106,40,90,64,63,134
813,22,57,70,130,19,120,135,32,17
813,23,82,72,113,134,52,77,11,28
813,24,94,129,22,143,70,90,112,102
813,25,43,87,114,118,93,117,88,14
813,26,130,120,81,85,71,101,45,89
813,27,140,88,63,133,27,11,121,54
813,28,14,65,51,87,67,0,66,39
813,29,50,84,16,47,63,88,20,89
813,30,96,89,137,79,14,11,52,25
813,31,37,99,131,85,46,119,56,75
813,32,100,44,137,141,94,88,78,55
813,33,24,104,131,141,63,122,73,143
813,34,132,38,26,90,24,46,30,29
813,35,27,130,38,89,48,67,82,46
813,36,77,38,117,17,132,122,4,15
813,37,102,27,48,99,86,111,39,76
813,38,135,88,80,121,53,120,83,24
813,39,83,60,80,7,110,44,23,67
813,40,29,139,143,34,87,132,134,121
813,41,68,28,11,41,86,10,87,107
813,42,122,139,62,108,83,42,41,57
813,43,24,5,7,119,50,73,23,69
813,44,120,66,28,29,6,73,40,140
814,3,111,31,134,25,109,119,75,142
814,4,131,117,68,98,41,32,33,136
814,5,129,36,52,19,35,135,44,132
814,6,79,143,41,93,84,133,119,120
814,7,134,120,127,112,139,75,123,17
814,8,57,19,80,88,29,142,71,68
814,9,28,82,22,130,8,140,23,81
814,10,112,34,89,1,52,135,74,65
814,11,141,109,21,18,107,68,131,75
814,12,32,77,101,141,60,82,90,4
814,13,22,55,1,56,26,59,97,89
814,14,24,98,52,44,19,0,83,81
814,15,125,98,67,76,28,79,6,96
814,16,36,92,0,65,137,117,12,4
814,17,53,91,127,16,10,101,106,96
814,18,58,68,127,45,88,6,57,53
814,19,115,30,103,25,72,29,5,48
814,20,17,77,74,123,67,35,44,71
814,21,116,97,114,29,142,44,14,40
814,22,19,120,5,54,42,1,20,55
814,23,39,105,82,101,72,125,48,85
814,24,137,29,10,112,22,94,129,64
814,25,7,114,103,9,81,70,11,112
814,26,92,47,51,57,26,3,18,62
814,27,25,140,76,54,111,67,107,127
814,28,103,138,0,119,47,58,116,110
814,29,60,103,5,75,64,62,25,92
814,30,121,87,115,137,12,55,44,113
814,31,41,62,136,124,70,135,121,97
814,32,31,100,74,143,135,57,133,75
814,33,81,57,134,125,137,71,138,68
814,34,29,105,110,108,132,8,2,102
814,35,36,0,68,42,46,136,67,133
814,36,27,50,68,48,124,133,105,129
814,37,98,141,60,22,88,9,136,6
814,38,56,104,129,135,13,20,62,36
814,39,17,52,124,8,83,43,130,40
814,40,102,108,104,33,117,11,63,71
814,41,119,31,55,111,136,32,52,59
814,42,93,83,122,42,72,91,119,65
814,43,22,36,137,84,66,112,83,7
814,44,27,111,8,120,63,82,16,11
815,3,102,54,62,32,76,12,56,78
815,4,46,81,137,136,66,64,94,72
815,5,73,17,9,35,131,104,41,67
815,6,68,78,130,89,41,70,34,102
815,7,87,98,130,105,94,25,75,17
815,8,43,1,12,27,60,24,2,124
815,9,141,134,117,139,93,101,36,135
815,10,5,24,23,11,103,63,56,142
815,11,4,138,99,33,14,21,106,134
815,12,34,137,25,78,95,67,93,83
815,13,6,20,15,9,101,38,4,8
815,14,138,100,57,47,40,108,109,141
815,15,38,87,3,59,107,133,128,31
815,16,112,46,87,101,40,134,71,138
815,17,138,34,129,131,43,85,39,90
815,18,122,72,12,69,100,77,132,38
815,19,12,21,22,69,33,9,18,106
815,20,31,140,64,73,13,79,81,134
815,21,27,63,130,122,71,134,91,68
815,22,142,51,22,30,23,98,19,105
815,23,6,70,51,41,133,2,65,54
815,24,79,103,53,14,113,38,84,129
815,25,139,60,40,65,81,113,79,70
815,26,15,0,3,122,140,68,19,79
815,27,30,11,137,92,24,58,83,70
815,28,20,10,33,48,95,126,47,61
815,29,74,130,30,103,42,43,108,75
815,30,126,43,86,110,80,141,9,74
815,31,88,136,130,17,8,78,75,122
815,32,57,117,87,138,131,95,115,9
815,33,1,85,3,5,121,6,79,73
815,34,25,138,39,106,50,130,75,128
815,35,98,15,3,57,124,135,42,37
815,36,96,93,97,64,1,59,137,22
815,37,45,44,63,107,74,9,15,92
815,38,131,54,104,67,74,27,62,102
815,39,43,108,95,76,120,141,53,138
815,40,7,104,12,124,29,13,32,66
815,41,138,57,137,4,82,44,30,59
815,42,93,39,91,83,122,42,61,41
815,43,5,24,66,84,83,119,112,106
815,44,111,27,6,120,75,65,126,8
816,3,38,34,35,31,55,45,73,130
816,4,131,141,118,101,9,108,66,85
816,5,86,104,115,51,12,98,72,127
816,6,133,2,115,89,10,131,57,102
816,7,138,93,112,18,59,128,75,85
816,8,19,53,76,0,88,29,58,100
816,9,107,29,8,132,57,125,117,104
816,10,123,43,76,112,18,125,103,11
816,11,72,74,96,141,68,118,107,19
816,12,141,32,101,47,13,22,33,77
816,13,55,75,1,22,56,59,114,26
816,14,24,98,81,21,121,83,23,110
816,15,67,138,64,98,82,125,28,105
816,16,92,36,65,0,128,4,25,60
816,17,53,16,91,96,127,75,86,106
816,18,6,71,127,135,116,45,76,29
816,19,30,17,72,108,38,25,29,48
816,20,17,67,77,6,46,93,74,71
816,21,116,29,111,106,114,80,97,44
816,22,0,120,134,118,135,57,64,130
816,23,88,85,125,39,82,72,29,105
816,24,129,29,84,137,8,65,60,18
816,25,81,5,9,87,125,103,11,113
816,26,92,47,57,51,62,3,18,85
816,27,140,76,54,111,67,129,23,58
816,28,103,58,47,140,23,81,54,61
816,29,60,5,103,62,101,87,75,92
816,30,121,87,137,115,55,96,60,34
816,31,41,136,37,62,124,137,93,26
816,32,31,133,18,100,143,128,142,32
816,33,81,57,125,137,138,71,79,102
816,34,29,105,132,9,124,110,24,143
816,35,36,102,0,68,84,99,136,133
816,36,27,62,68,70,30,48,90,134
816,37,98,60,88,27,6,141,138,136
816,38,135,56,104,129,58,24,62,88
816,39,17,130,43,69,26,30,52,136
816,40,102,71,117,44,18,29,63,92
816,41,119,20,31,52,111,89,59,19
816,42,93,121,36,124,42,5,134,77
816,43,84,83,53,106,137,110,139,39
816,44,27,8,105,5,2,75,82,74
817,3,124,141,45,39,123,34,17,83
817,4,110,34,13,40,7,23,17,109
817,5,103,104,8,127,77,42,134,95
817,6,136,52,142,57,24,74,34,44
817,7,124,61,132,122,75,73,6,118
817,8,88,44,2,121,134,89,114,68
817,9,8,130,56,116,104,140,137,52
817,10,102,57,43,52,73,1,90,14
817,11,82,74,77,102,106,108,137,61
817,12,32,90,101,4,65,142,82,33
817,13,59,1,110,56,112,101,26,0
817,14,49,24,103,40,29,7,107,110
817,15,112,24,98,74,2,41,23,83
817,16,25,0,45,137,143,92,28,118
817,17,19,16,53,47,41,10,126,44
817,18,116,135,71,45,118,53,5,126
817,19,62,87,9,13,48,122,100,54
817,20,17,93,46,67,56,136,104,82
817,21,64,111,10,100,28,136,19,8
817,22,57,70,42,89,134,4,29,130
817,23,134,32,82,97,85,73,133,72
817,24,94,105,17,71,95,129,88,97
817,25,81,87,118,140,49,11,78,103
817,26,54,77,123,120,130,71,135,47
817,27,140,133,27,9,58,97,94,68
817,28,14,120,39,7,142,87,51,21
817,29,53,7,66,103,5,75,19,89
817,30,138,86,121,137,87,19,124,134
817,31,37,109,7,136,57,66,32,19
817,32,128,53,33,76,14,20,89,138
817,33,14,36,138,79,11,71,73,49
817,34,113,79,55,102,117,8,142,136
817,35,46,88,136,109,26,80,72,111
817,36,88,25,97,129,143,47,10,139
817,37,65,88,59,136,25,97,133,126
817,38,12,67,84,29,133,6,111,127
817,39,27,141,44,2,87,126,102,43
817,40,104,80,84,94,29,35,7,11
817,41,20,52,116,16,3,59,132,10
817,42,37,121,101,61,134,9,77,34
817,43,106,139,53,83,39,103,24,116
817,44,27,103,89,30,2,130,122,34
818,3,88,139,36,60,2,19,24,113
818,4,43,74,60,63,9,79,64,143
818,5,25,54,102,124,78,70,14,140
818,6,59,53,57,39,83,123,120,114
818,7,123,85,143,139,74,11,72,132
818,8,40,108,79,1,53,101,60,114
818,9,5,42,8,118,49,99,44,90
818,10,116,139,38,4,23,90,57,131
818,11,110,39,82,138,101,137,102,135
818,12,76,21,8,140,32,65,101,116
818,13,38,131,95,112,90,78,102,135
818,14,66,103,74,42,23,89,114,123
818,15,51,111,99,83,74,126,6,22
818,16,77,80,143,10,53,25,0,94
818,17,41,16,26,60,76,12,80,134
818,18,135,115,0,71,118,116,128,90
818,19,62,111,129,25,115,33,30,114
818,20,17,1,46,55,0,112,136,56
818,21,120,17,58,16,91,8,98,79
818,22,138,85,25,91,37,130,41,2
818,23,16,57,112,42,101,133,139,3
818,24,115,89,121,46,129,128,84,111
818,25,126,81,90,5,87,61,125,89
818,26,92,47,57,62,15,110,77,70
818,27,140,54,58,8,129,94,2,26
818,28,103,1,23,109,83,21,13,4
818,29,133,136,39,7,57,25,103,5
818,30,121,87,137,60,48,55,16,86
818,31,136,41,37,137,62,131,93,59
818,32,27,115,142,100,133,128,88,53
818,33,69,137,5,138,73,23,132,75
818,34,68,29,65,123,108,132,74,53
818,35,31,132,125,46,59,36,131,23
818,36,83,125,30,70,124,68,113,102
818,37,111,104,21,88,136,12,61,9
818,38,141,135,98,36,104,87,20,100
818,39,17,130,48,93,42,136,43,44
818,40,40,92,29,117,140,125,4,12
818,41,48,17,5,89,119,30,65,23
818,42,101,124,50,31,134,77,42,5
818,43,83,22,53,30,103,139,51,31
818,44,111,142,17,135,130,82,117,140
819,3,10,30,119,90,94,106,17,65
819,4,89,39,95,20,6,94,69,109
819,5,90,142,70,13,35,17,36,52
819,6,69,85,82,34,73,42,56,20
819,7,134,80,14,19,74,22,55,32
819,8,36,8,108,58,76,26,71,2
819,9,23,92,45,90,91,86,120,41
819,10,29,114,112,52,53,3,107,77
819,11,57,86,137,73,141,108,135,110
819,12,101,140,65,48,49,25,8,76
819,13,132,95,114,59,90,89,112,131
819,14,74,98,90,121,23,114,40,35
819,15,126,113,17,28,81,22,24,74
819,16,10,5,77,25,143,94,16,54
819,17,16,127,79,26,41,80,142,120
819,18,116,71,126,63,118,135,128,45
819,19,30,9,62,47,115,97,13,48
819,20,17,56,93,1,22,77,84,35
819,21,8,64,97,135,111,47,98,49
819,22,57,134,42,13,15,20,0,5
819,23,32,75,88,39,82,36,85,69
819,24,129,117,68,71,89,80,131,111
819,25,90,87,81,61,140,32,19,103
819,26,92,57,123,47,54,26,3,4
819,27,140,54,27,18,8,139,129,58
819,28,142,138,103,109,23,81,2,13
819,29,57,19,136,124,64,62,7,90
819,30,121,87,39,60,55,96,16,34
819,31,62,41,136,137,131,105,34,59
819,32,50,27,10,88,100,74,2,53
819,33,58,102,22,137,69,23,138,125
819,34,29,68,108,79,114,22,122,132
819,35,125,31,131,36,46,42,30,10
819,36,86,40,124,113,70,38,88,7
819,37,111,136,114,12,6,72,24,103
819,38,111,63,20,141,10,75,87,12
819,39,17,124,40,93,126,117,90,118
819,40,33,29,92,117,140,81,9,101
819,41,5,31,93,89,27,125,137,59
819,42,124,134,42,50,78,112,31,136
819,43,84,139,83,103,38,111,15,0
819,44,8,56,122,130,59,82,49,33
820,3,107,109,10,138,74,44,90,49
820,4,34,6,89,63,4,35,10,57
820,5,98,13,82,65,42,58,4,60
820,6,82,80,90,34,55,73,39,3
820,7,74,75,81,61,112,9,48,3
820,8,36,108,140,35,88,72,26,68
820,9,45,21,130,7,8,125,1,84
820,10,52,138,110,29,73,80,109,84
820,11,137,108,22,86,30,99,135,95
820,12,140,65,14,111,101,66,90,0
820,13,112,95,132,87,1,89,71,90
820,14,74,70,114,83,63,23,7,90
820,15,22,81,74,58,98,120,126,39
820,16,10,77,85,94,0,83,5,25
820,17,79,16,26,81,17,77,142,102
820,18,116,71,128,118,135,101,2,63
820,19,62,13,97,47,9,30,133,132
820,20,17,56,1,55,22,84,35,46
820,21,8,80,136,100,16,49,64,15
820,22,134,138,4,89,17,130,103,117
820,23,32,85,36,69,61,133,82,42
820,24,117,97,121,68,129,115,80,17
820,25,90,87,81,61,32,5,126,14
820,26,92,57,47,26,126,62,70,12
820,27,140,54,8,27,58,67,68,2
820,28,103,109,13,23,142,81,120,38
820,29,57,79,19,25,124,136,62,122
820,30,87,121,12,60,47,55,96,115
820,31,136,93,137,131,51,124,48,130
820,32,27,128,51,133,52,142,42,75
820,33,58,138,81,69,75,80,5,16
820,34,29,52,119,10,72,68,85,9
820,35,46,36,136,125,91,10,53,42
820,36,68,113,129,48,127,124,19,119
820,37,111,78,136,6,88,102,32,79
820,38,111,10,13,20,75,59,6,12
820,39,17,40,117,27,60,44,70,126
820,40,29,92,35,33,101,9,125,44
820,41,5,115,93,59,137,23,125,92
820,42,126,134,50,131,42,124,119,78
820,43,139,0,1,97,61,84,38,54
820,44,56,49,121,141,8,130,59,17
821,3,6,72,109,10,47,45,51,115
821,4,16,12,105,125,33,115,39,52
821,5,61,80,65,8,136,62,141,89
821,6,80,82,9,123,11,85,40,12
821,7,74,112,22,59,81,120,75,61
821,8,20,28,26,5,97,38,133,72
821,9,45,97,90,66,8,136,122,3
821,10,10,81,138,25,88,80,90,52
821,11,137,30,108,41,31,123,99,128
821,12,140,2,65,111,82,143,63,49
821,13,95,87,59,61,89,4,8,92
821,14,74,89,40,58,23,56,44,114
821,15,74,39,22,76,41,37,62,123
821,16,85,77,10,116,97,83,110,31
821,17,16,79,40,26,80,109,76,92
821,18,116,118,108,128,111,132,115,5
821,19,62,102,109,122,133,95,33,80
821,20,46,1,22,17,55,35,129,133
821,21,80,74,111,135,38,98,14,94
821,22,20,138,0,57,64,93,4,23
821,23,61,104,105,32,88,134,85,74
821,24,117,36,46,94,105,129,139,84
821,25,81,69,93,23,113,24,45,70
821,26,126,57,47,26,44,51,4,135
821,27,133,67,121,58,27,132,137,59
821,28,110,130,120,39,23,40,137,103
821,29,19,103,53,64,5,33,75,60
821,30,86,20,87,115,19,55,96,127
821,31,83,19,46,124,93,109,62,82
821,32,34,53,28,8,121,133,85,95
821,33,51,138,102,142,81,84,80,139
821,34,70,9,142,105,44,110,35,62
821,35,125,57,121,13,87,10,42,124
821,36,68,124,129,48,31,136,25,14
821,37,117,96,27,136,65,94,6,29
821,38,71,111,106,136,20,95,22,128
821,39,17,44,19,135,52,110,83,87
821,40,92,79,29,35,15,32,77,89
821,41,115,5,85,59,137,99,122,27
821,42,134,136,83,51,10,131,5,31
821,43,98,66,61,113,0,54,85,4
821,44,49,56,19,127,130,141,1,117
822,3,143,104,13,27,133,63,89,28
822,4,90,27,88,19,1,72,13,117
822,5,33,108,88,143,13,131,28,64
822,6,82,18,83,33,90,44,70,12
822,7,103,22,99,139,121,26,25,59
822,8,28,99,89,46,108,127,26,20
822,9,45,66,142,14,76,112,67,125
822,10,2,20,121,138,32,52,26,59
822,11,137,108,30,128,77,82,139,76
822,12,65,140,63,107,88,81,0,105
822,13,137,101,112,90,89,136,17,95
822,14,74,40,23,63,9,83,34,114
822,15,39,105,74,22,24,73,98,44
822,16,77,10,56,116,5,25,126,83
822,17,79,16,26,76,41,73,53,44
822,18,116,128,135,71,126,53,111,101
822,19,62,13,47,9,133,122,54,30
822,20,17,56,46,93,22,55,35,1
822,21,8,102,64,95,136,111,135,104
822,22,0,4,70,57,15,89,130,13
822,23,32,82,99,7,83,134,57,30
822,24,94,137,105,140,22,69,112,129
822,25,81,70,5,125,133,24,9,113
822,26,51,72,57,135,126,47,26,20
822,27,133,67,137,58,27,140,24,132
822,28,103,120,4,110,36,67,39,129
822,29,103,18,0,48,87,25,128,5
822,30,75,11,21,30,115,87,74,125
822,31,136,83,102,90,101,124,62,79
822,32,34,130,4,80,83,28,138,128
822,33,142,138,143,91,30,129,102,85
822,34,75,47,26,73,9,52,36,88
822,35,57,76,67,19,102,89,124,115
822,36,113,37,18,111,51,124,48,71
822,37,61,131,139,8,115,32,77,6
822,38,73,20,95,113,102,109,27,136
822,39,52,17,44,89,135,26,98,19
822,40,92,90,24,48,32,120,117,29
822,41,115,28,54,55,137,24,138,111
822,42,23,108,2,134,122,83,20,57
822,43,109,36,24,50,110,112,124,32
822,44,129,40,36,106,113,95,82,130
823,3,53,11,37,102,74,80,45,79
823,4,46,77,49,81,110,83,88,140
823,5,43,45,104,35,49,60,95,26
823,6,78,68,130,97,121,85,142,101
823,7,98,24,87,108,105,66,123,119
823,8,43,96,70,60,84,59,121,118
823,9,141,9,134,117,29,86,52,36
823,10,102,127,42,24,49,65,41,56
823,11,6,138,120,101,35,29,64,33
823,12,131,137,11,55,6,0,21,17
823,13,6,42,95,59,143,78,90,116
823,14,103,78,100,65,74,64,69,45
823,15,59,3,20,66,109,74,17,11
823,16,101,87,108,46,80,132,45,110
823,17,117,39,16,103,30,76,95,53
823,18,114,132,103,90,115,11,134,75
823,19,37,32,24,114,108,33,136,64
823,20,46,31,1,39,82,12,79,35
823,21,109,52,74,105,110,115,106,98
823,22,19,82,114,33,57,98,18,46
823,23,28,125,80,82,114,60,134,41
823,24,140,94,22,0,126,129,84,108
823,25,70,16,139,81,103,24,23,125
823,26,130,135,126,7,44,19,3,71
823,27,11,133,27,58,46,137,63,97
823,28,86,98,126,67,14,39,18,117
823,29,48,42,38,18,29,103,50,89
823,30,21,75,11,114,116,86,74,100
823,31,102,108,78,136,28,86,69,139
823,32,130,44,12,80,138,25,4,36
823,33,17,131,6,80,24,85,41,143
823,34,75,47,82,73,26,76,110,143
823,35,57,67,95,19,89,76,124,133
823,36,18,111,113,51,97,46,143,102
823,37,86,139,111,102,135,84,67,92
823,38,135,73,113,27,136,20,104,141
823,39,23,96,19,20,134,57,118,90
823,40,126,61,53,132,29,26,24,90
823,41,25,45,39,28,21,54,137,139
823,42,69,70,108,134,57,39,83,77
823,43,49,109,78,50,110,124,24,53
823,44,113,61,40,118,112,36,34,49
824,3,42,100,102,25,12,109,3,17
824,4,74,65,88,143,90,15,64,60
824,5,21,59,111,46,95,103,70,138
824,6,66,42,16,135,108,102,82,49
824,7,109,129,96,19,30,66,124,6
824,8,90,4,59,73,121,32,49,133
824,9,129,118,92,70,120,80,117,114
824,10,33,64,44,123,103,121,76,81
824,11,117,47,111,49,29,102,1,143
824,12,89,85,56,7,113,21,116,131
824,13,38,54,134,111,59,49,96,120
824,14,3,47,85,103,38,40,74,52
824,15,133,54,103,58,26,41,79,132
824,16,40,82,89,14,47,126,91,116
824,17,85,116,30,90,6,95,24,38
824,18,11,57,122,23,132,20,118,139
824,19,118,136,33,71,21,87,32,140
824,20,82,46,79,31,132,12,50,127
824,21,110,115,96,109,86,9,28,5
824,22,57,18,135,109,98,63,114,41
824,23,134,41,4,125,101,46,137,10
824,24,28,140,22,46,90,120,143,100
824,25,117,139,6,113,24,107,14,23
824,26,84,77,71,44,3,7,19,129
824,27,103,11,46,58,14,0,68,140
824,28,7,5,120,134,51,91,76,64
824,29,69,77,97,1,103,18,88,32
824,30,76,67,11,137,28,121,24,40
824,31,29,79,136,127,131,80,69,28
824,32,41,0,56,100,54,121,14,74
824,33,98,101,52,80,35,6,41,143
824,34,140,38,26,119,92,130,45,117
824,35,9,62,17,83,76,19,120,132
824,36,46,79,37,111,113,39,9,97
824,37,72,75,102,99,87,67,6,9
824,38,108,135,50,97,30,42,12,111
824,39,122,105,4,109,118,20,27,90
824,40,90,55,24,132,26,6,117,113
824,41,51,47,2,43,54,26,89,137
824,42,95,28,0,134,96,47,42,57
824,43,87,143,59,3,36,53,110,83
824,44,22,102,42,0,87,17,82,59
825,3,57,32,5,42,2,69,6,109
825,4,143,24,84,21,113,137,126,72
825,5,7,139,35,141,143,60,73,64
825,6,60,75,15,96,29,56,38,48
825,7,30,1,15,19,125,120,35,9
825,8,103,51,35,91,10,59,49,16
825,9,119,101,105,83,117,43,3,88
825,10,19,17,56,27,90,38,142,131
825,11,138,79,49,29,137,47,53,0
825,12,113,89,69,103,56,28,43,95
825,13,38,5,54,99,134,84,126,77
825,14,30,141,47,71,74,85,113,58
825,15,133,118,74,97,16,123,39,121
825,16,40,18,88,93,85,26,91,116
825,17,95,38,63,30,72,6,85,126
825,18,57,132,116,23,53,135,118,34
825,19,87,73,102,62,100,133,1,27
825,20,46,143,82,62,52,63,79,45
825,21,110,96,33,86,19,101,129,119
825,22,135,12,141,18,57,44,98,41
825,23,4,40,38,31,89,130,98,69
825,24,46,28,100,143,140,129,89,13
825,25,34,87,113,117,140,139,136,90
825,26,84,77,71,44,95,54,7,3
825,27,94,68,140,58,14,11,5,9
825,28,7,5,140,76,109,121,142,81
825,29,97,46,6,77,103,88,18,89
825,30,120,137,121,132,11,76,67,21
825,31,136,131,109,79,29,28,46,102
825,32,0,22,106,127,36,74,114,124
825,33,46,98,80,137,19,87,6,143
825,34,76,38,140,104,132,143,29,117
825,35,83,36,48,25,19,57,82,58
825,36,9,113,125,97,143,102,20,63
825,37,110,102,111,72,134,6,9,44
825,38,135,98,142,20,55,47,136,93
825,39,141,131,119,110,53,83,34,93
825,40,29,125,132,21,26,71,90,72
825,41,43,124,107,93,9,128,30,8
825,42,134,101,57,77,28,123,51,108
825,43,142,128,109,110,25,11,70,103
825,44,17,84,24,124,57,40,141,49
826,3,53,47,109,119,90,129,135,37
826,4,17,85,33,6,116,63,100,143
826,5,102,60,42,35,82,39,44,32
826,6,69,134,37,75,8,48,85,92
826,7,33,30,14,124,96,66,125,74
826,8,5,109,59,103,16,73,51,40
826,9,40,85,120,15,117,75,64,46
826,10,39,10,12,89,143,103,80,62
826,11,38,134,127,86,79,143,104,89
826,12,43,89,135,129,4,101,119,113
826,13,103,38,17,5,132,54,44,22
826,14,30,107,141,112,47,117,103,34
826,15,41,110,133,118,121,39,126,92
826,16,74,10,40,12,82,83,133,107
826,17,95,101,30,38,91,80,139,69
826,18,57,126,116,118,23,45,62,128
826,19,102,87,115,1,128,9,62,108
826,20,82,46,52,12,143,16,39,58
826,21,116,96,110,37,5,47,94,77
826,22,57,141,135,18,70,11,41,112
826,23,36,40,31,85,55,4,69,46
826,24,13,46,129,140,100,143,121,111
826,25,34,140,139,90,87,86,103,113
826,26,77,84,44,71,7,91,21,54
826,27,14,94,58,140,68,5,11,46
826,28,85,142,109,7,5,81,83,76
826,29,97,34,103,88,18,77,46,39
826,30,121,137,11,132,120,76,66,14
826,31,136,131,109,143,86,28,43,66
826,32,137,10,22,29,105,57,36,121
826,33,46,98,80,143,6,19,84,30
826,34,76,38,79,104,36,121,143,117
826,35,36,25,68,48,3,57,58,12
826,36,9,113,102,143,62,125,63,124
826,37,111,102,110,27,49,6,44,67
826,38,135,27,119,65,143,142,20,71
826,39,127,119,53,83,141,19,110,34
826,40,71,29,132,26,87,122,43,117
826,41,124,93,107,30,35,20,54,89
826,42,134,101,57,108,12,77,83,2
826,43,109,142,50,110,70,25,139,24
826,44,24,40,17,141,49,124,34,130
827,3,119,117,10,109,75,30,66,138
827,4,54,18,34,126,32,93,63,7
827,5,90,99,27,6,141,42,35,71
827,6,113,12,69,73,134,75,136,42
827,7,134,30,33,55,101,83,139,130
827,8,36,76,50,49,83,73,118,58
827,9,92,64,51,40,23,57,114,29
827,10,29,132,73,112,143,52,80,109
827,11,57,97,129,38,86,104,123,137
827,12,101,129,43,48,65,4,89,69
827,13,104,132,103,17,38,84,94,120
827,14,89,74,30,121,47,9,23,34
827,15,126,113,41,133,39,74,24,22
827,16,10,26,107,74,16,5,93,133
827,17,80,95,79,91,132,120,96,63
827,18,116,126,135,57,128,53,63,118
827,19,102,47,133,62,30,87,115,9
827,20,16,46,52,17,62,58,82,50
827,21,135,8,96,97,116,1,94,77
827,22,13,0,57,141,135,11,42,18
827,23,69,75,126,36,56,88,85,129
827,24,68,72,80,71,129,13,100,46
827,25,90,34,87,14,139,140,113,81
827,26,77,71,84,137,44,123,26,108
827,27,5,68,140,8,14,58,28,95
827,28,142,109,86,138,2,23,81,5
827,29,124,57,132,47,64,19,92,103
827,30,66,121,43,60,11,100,32,86
827,31,66,131,136,54,50,45,109,46
827,32,10,50,139,36,39,141,105,31
827,33,58,19,143,80,113,121,112,102
827,34,56,38,76,117,14,143,132,24
827,35,36,25,82,31,12,93,63,27
827,36,86,9,40,102,113,104,63,37
827,37,102,111,51,16,12,67,92,134
827,38,71,141,63,20,129,55,92,121
827,39,127,83,119,110,53,60,132,34
827,40,29,33,132,43,110,139,78,26
827,41,102,93,8,107,20,137,128,11
827,42,134,35,12,113,105,57,1,126
827,43,58,120,70,109,124,139,25,93
827,44,105,24,141,40,80,49,124,34
828,3,34,44,133,89,108,106,19,12
828,4,52,94,37,13,84,65,132,7
828,5,116,65,27,115,134,54,33,98
828,6,80,44,52,37,132,85,125,123
828,7,99,127,101,112,13,9,30,136
828,8,28,97,128,83,99,119,106,27
828,9,142,143,66,83,88,92,138,27
828,10,14,59,140,26,80,99,73,20
828,11,104,55,115,137,76,5,116,43
828,12,69,134,70,65,81,82,83,10
828,13,98,17,89,97,56,126,54,37
828,14,140,58,0,117,131,40,116,19
828,15,39,27,94,6,128,52,58,63
828,16,116,90,67,73,93,56,131,121
828,17,88,40,30,20,80,133,109,63
828,18,116,53,77,135,41,42,57,1
828,19,133,100,102,62,87,61,32,54
828,20,52,46,136,14,131,45,71,128
828,21,104,135,20,74,95,113,96,115
828,22,141,135,138,20,83,31,102,132
828,23,104,69,61,99,105,50,57,78
828,24,82,46,105,117,44,37,129,53
828,25,34,136,45,98,11,113,125,139
828,26,77,134,57,71,47,136,125,84
828,27,89,68,58,36,140,28,5,46
828,28,40,108,0,127,7,142,23,5
828,29,47,103,64,19,97,92,18,57
828,30,122,43,63,86,121,139,100,60
828,31,131,136,66,50,109,46,106,6
828,32,137,34,105,10,110,114,109,139
828,33,51,58,143,130,97,19,80,102
828,34,38,28,76,137,41,143,127,70
828,35,36,41,66,4,1,91,133,25
828,36,136,9,104,14,113,62,102,143
828,37,102,111,10,112,129,60,108,20
828,38,71,34,91,20,12,129,104,141
828,39,127,10,83,12,132,110,63,53
828,40,29,132,71,139,43,26,63,21
828,41,136,11,107,93,8,128,77,137
828,42,134,105,113,20,57,136,23,10
828,43,48,58,120,70,47,11,124,109
828,44,116,80,24,105,40,141,49,124
829,3,122,68,125,94,87,134,44,80
829,4,95,42,138,125,34,60,18,17
829,5,73,54,142,24,37,65,57,35
829,6,3,123,81,35,52,86,57,83
829,7,74,128,112,75,9,83,21,13
829,8,28,42,81,122,95,18,26,114
829,9,142,45,64,16,137,101,121,17
829,10,32,98,140,73,77,71,52,100
829,11,53,22,137,5,33,121,76,115
829,12,65,69,82,38,134,98,70,129
829,13,23,17,95,104,54,126,89,97
829,14,117,11,19,58,40,36,114,99
829,15,39,27,94,63,121,135,22,74
829,16,60,93,90,121,26,116,107,67
829,17,80,95,88,109,30,79,63,72
829,18,116,135,1,41,53,77,42,118
829,19,102,62,133,73,32,33,42,87
829,20,52,46,82,1,55,84,128,22
829,21,31,95,58,135,110,67,104,15
829,22,137,138,141,83,75,57,21,98
829,23,85,57,99,69,44,30,50,101
829,24,105,36,37,137,140,46,129,94
829,25,34,45,114,11,98,125,81,70
829,26,77,57,124,7,3,136,82,71
829,27,11,121,133,58,82,70,132,27
829,28,40,127,5,137,67,77,7,130
829,29,18,97,103,64,19,47,113,27
829,30,11,43,139,135,60,54,143,20
829,31,136,6,131,66,109,82,90,86
829,32,10,137,114,4,85,34,36,31
829,33,51,102,97,6,135,143,83,142
829,34,137,28,76,41,29,38,36,123
829,35,41,66,19,57,4,12,1,83
829,36,9,136,14,143,113,104,62,122
829,37,10,60,134,111,112,108,137,6
829,38,71,129,22,20,5,61,27,101
829,39,63,53,87,127,132,19,57,12
829,40,29,71,19,132,26,6,94,113
829,41,136,130,18,30,138,128,58,137
829,42,23,134,105,113,20,108,57,39
829,43,48,109,124,50,110,132,74,120
829,44,116,40,109,80,130,24,49,60
830,3,11,116,100,74,39,12,127,24
830,4,110,10,113,49,21,59,136,125
830,5,134,68,30,95,103,109,58,36
830,6,142,68,82,121,95,75,78,40
830,7,98,126,55,38,122,118,136,30
830,8,66,121,43,81,124,45,99,134
830,9,75,9,52,88,7,27,38,64
830,10,106,102,65,24,127,0,1,56
830,11,6,8,1,102,20,35,49,138
830,12,122,65,131,7,55,89,30,21
830,13,33,6,17,38,44,19,54,104
830,14,138,141,103,56,28,30,66,21
830,15,59,66,133,118,80,41,127,11
830,16,108,101,71,133,46,83,91,87
830,17,90,95,30,80,117,101,39,106
830,18,57,11,126,45,4,75,116,115
830,19,102,128,9,136,108,115,38,77
830,20,46,82,132,24,39,31,58,79
830,21,28,109,116,110,115,1,58,44
830,22,82,138,57,33,59,97,35,11
830,23,57,60,80,114,41,134,63,101
830,24,140,22,114,94,0,115,101,36
830,25,70,139,24,117,122,93,6,23
830,26,49,130,57,79,3,135,44,126
830,27,124,46,27,11,121,59,117,132
830,28,86,126,67,10,130,98,48,18
830,29,29,48,42,140,103,18,32,87
830,30,75,45,21,11,114,116,86,115
830,31,102,136,78,1,109,24,74,9
830,32,130,12,25,138,80,4,44,135
830,33,85,17,143,3,6,101,112,67
830,34,82,26,75,47,110,36,38,3
830,35,57,67,76,83,19,89,115,17
830,36,18,143,92,51,113,97,111,50
830,37,139,99,92,81,135,6,137,127
830,38,42,104,87,109,141,20,119,100
830,39,53,134,23,104,19,81,105,90
830,40,53,61,90,126,24,55,132,29
830,41,25,45,39,54,21,58,35,128
830,42,69,70,108,113,39,57,5,134
830,43,49,109,50,78,110,124,93,112
830,44,40,61,113,118,84,112,36,6
831,3,50,123,12,42,136,87,6,63
831,4,53,33,24,6,88,66,130,139
831,5,95,70,18,12,136,6,110,111
831,6,60,109,46,142,70,4,118,82
831,7,100,66,126,121,21,14,15,38
831,8,12,59,125,3,53,98,16,134
831,9,81,71,0,117,75,36,60,62
831,10,130,66,69,44,90,79,62,99
831,11,49,138,29,46,47,23,117,58
831,12,71,24,18,95,21,119,121,7
831,13,19,13,33,38,64,6,130,122
831,14,57,30,85,83,103,135,106,67
831,15,70,18,110,133,134,16,36,94
831,16,40,25,82,112,14,18,91,83
831,17,90,85,101,30,59,24,75,103
831,18,57,11,23,137,69,122,38,75
831,19,21,32,136,73,140,12,118,27
831,20,132,39,46,73,31,79,12,140
831,21,115,109,42,110,130,17,4,91
831,22,109,98,142,19,59,104,63,68
831,23,41,140,134,60,2,6,98,101
831,24,140,28,16,90,22,143,94,101
831,25,107,139,24,117,70,141,6,23
831,26,44,49,130,19,79,3,135,84
831,27,46,11,27,82,88,58,108,66
831,28,91,120,51,5,18,7,86,48
831,29,51,1,29,77,32,31,103,73
831,30,99,86,21,45,11,13,80,43
831,31,136,24,86,31,3,139,69,28
831,32,3,92,124,138,66,35,27,121
831,33,34,98,67,85,101,143,6,3
831,34,38,20,26,92,140,79,117,104
831,35,76,120,67,70,17,133,10,19
831,36,37,92,1,128,97,138,15,69
831,37,99,29,115,72,6,75,20,105
831,38,42,33,108,87,100,104,136,141
831,39,46,119,131,15,9,73,53,135
831,40,24,90,137,29,53,26,132,69
831,41,54,58,26,37,3,51,142,2
831,42,21,30,47,91,44,55,123,57
831,43,10,63,77,15,110,108,103,96
831,44,81,0,86,42,104,84,36,124
832,3,47,129,12,70,37,44,99,122
832,4,141,7,140,102,23,60,96,85
832,5,102,51,7,109,79,72,134,124
832,6,64,60,8,63,118,17,74,71
832,7,33,39,52,100,126,15,74,75
832,8,125,49,14,59,55,53,12,63
832,9,46,40,94,92,116,75,129,120
832,10,12,55,18,136,96,79,90,139
832,11,38,134,46,49,29,115,42,1
832,12,43,71,24,18,99,119,7,103
832,13,103,130,104,13,35,134,33,17
832,14,107,83,57,67,85,40,35,23
832,15,116,110,18,11,133,43,107,79
832,16,12,25,40,112,125,82,133,71
832,17,30,106,24,90,55,85,43,59
832,18,132,69,12,57,100,129,20,61
832,19,38,32,136,73,27,140,21,42
832,20,24,79,53,39,82,46,40,73
832,21,115,106,110,96,107,17,86,91
832,22,109,98,57,18,59,63,11,138
832,23,31,46,63,57,67,101,133,137
832,24,90,140,19,13,101,129,56,44
832,25,23,107,24,139,113,125,115,81
832,26,118,7,84,109,71,3,143,46
832,27,27,133,11,46,44,103,108,125
832,28,91,51,85,132,47,48,130,10
832,29,18,77,98,1,51,138,113,32
832,30,11,89,13,99,45,41,76,100
832,31,3,136,124,77,24,139,47,110
832,32,107,92,3,102,35,100,21,66
832,33,34,98,140,143,63,5,6,71
832,34,26,104,38,55,24,110,117,5
832,35,120,76,67,17,9,26,10,58
832,36,37,79,117,52,1,114,9,20
832,37,99,75,115,72,97,27,50,29
832,38,33,50,108,84,20,104,87,100
832,39,105,122,46,60,86,19,0,120
832,40,137,24,59,116,29,26,90,117
832,41,54,43,51,137,48,2,37,20
832,42,91,21,47,30,34,124,4,5
832,43,17,63,77,10,110,108,53,87
832,44,0,42,81,86,22,82,140,101
833,3,80,58,16,134,49,73,93,57
833,4,76,61,126,125,40,6,105,64
833,5,50,97,133,28,11,105,102,47
833,6,129,114,77,83,96,63,133,139
833,7,64,5,123,128,102,114,66,112
833,8,139,49,35,12,81,47,3,64
833,9,73,83,60,14,126,49,21,110
833,10,55,37,69,27,20,18,106,98
833,11,0,68,49,71,29,115,121,53
833,12,99,104,103,43,36,71,24,82
833,13,17,101,104,134,127,27,120,126
833,14,108,36,123,18,109,40,91,107
833,15,128,121,107,116,70,94,71,131
833,16,57,112,137,25,125,76,74,133
833,17,106,30,43,59,55,39,44,92
833,18,12,132,114,100,69,106,67,38
833,19,32,27,136,73,48,21,140,38
833,20,40,63,46,79,82,93,39,110
833,21,106,110,130,115,31,17,124,86
833,22,98,57,118,77,11,71,133,18
833,23,89,130,137,31,133,54,101,44
833,24,90,19,140,129,7,6,52,143
833,25,23,69,10,113,139,98,22,88
833,26,118,96,143,46,138,7,91,50
833,27,133,11,28,140,27,63,58,132
833,28,87,81,10,57,48,120,132,5
833,29,65,47,18,62,5,73,46,103
833,30,137,11,15,89,21,132,54,131
833,31,103,110,37,46,85,136,57,124
833,32,107,29,100,90,94,106,120,121
833,33,24,104,141,143,19,121,87,73
833,34,24,29,8,132,13,26,55,2
833,35,67,25,132,77,82,125,75,83
833,36,46,125,117,17,63,132,61,68
833,37,27,110,7,76,115,136,111,44
833,38,135,73,111,117,16,5,88,96
833,39,44,71,93,60,80,7,0,19
833,40,83,34,29,18,117,88,43,98
833,41,93,43,137,108,112,63,97,67
833,42,34,118,101,5,57,120,16,126
833,43,110,17,52,54,53,120,25,117
833,44,93,130,141,24,49,17,68,80
834,3,28,102,143,84,89,4,24,136
834,4,102,117,121,18,40,76,3,42
834,5,84,110,57,117,35,124,77,29
834,6,134,83,94,39,81,48,33,34
834,7,112,74,128,13,70,29,85,91
834,8,111,28,11,128,5,116,127,71
834,9,102,143,15,81,67,134,142,59
834,10,20,140,98,123,137,86,84,85
834,11,22,60,5,55,12,24,68,76
834,12,82,103,118,17,33,138,90,136
834,13,12,101,17,100,89,0,63,41
834,14,4,7,40,0,65,11,58,67
834,15,90,135,143,39,6,98,76,103
834,16,60,93,15,137,57,28,32,45
834,17,39,106,55,133,16,118,1,12
834,18,17,23,9,45,77,88,113,114
834,19,87,32,39,20,48,128,61,80
834,20,40,93,46,82,73,51,110,63
834,21,106,20,117,142,123,110,50,119
834,22,57,20,102,11,83,41,18,36
834,23,104,78,82,107,63,61,133,105
834,24,102,82,129,90,19,88,52,45
834,25,81,23,11,118,88,113,43,139
834,26,134,118,95,132,12,84,91,124
834,27,66,22,28,132,94,9,133,141
834,28,81,80,51,45,119,132,25,2
834,29,47,28,18,65,131,103,44,60
834,30,15,11,54,89,139,43,35,63
834,31,110,85,46,131,31,94,124,56
834,32,107,100,111,109,29,121,94,79
834,33,35,143,141,121,24,140,83,60
834,34,24,63,2,55,117,120,13,105
834,35,25,67,130,117,124,36,75,66
834,36,14,46,117,23,132,20,49,61
834,37,121,23,27,134,129,77,136,17
834,38,84,111,5,97,48,88,117,72
834,39,12,26,75,132,80,60,0,93
834,40,18,129,23,36,29,124,71,117
834,41,61,77,40,137,28,26,43,130
834,42,34,12,121,118,57,113,5,32
834,43,130,110,17,142,132,120,38,54
834,44,76,130,87,4,80,49,141,135
835,3,50,76,114,12,94,27,105,85
835,4,133,49,116,56,10,83,69,86
835,5,88,6,55,131,4,82,54,94
835,6,65,40,35,112,134,94,3,114
835,7,112,18,74,85,57,5,115,21
835,8,28,12,122,139,11,118,67,119
835,9,115,81,102,142,88,69,36,14
835,10,32,20,98,140,84,94,86,132
835,11,55,77,22,12,67,5,140,60
835,12,36,71,103,82,90,81,17,112
835,13,23,17,10,41,89,141,54,101
835,14,40,7,65,124,63,56,103,67
835,15,63,90,135,73,131,98,83,39
835,16,60,90,28,57,74,0,32,116
835,17,39,109,106,53,139,94,16,10
835,18,45,17,23,114,8,71,137,37
835,19,87,27,128,130,108,25,39,33
835,20,40,46,82,17,71,93,123,126
835,21,106,110,117,20,142,123,120,133
835,22,137,57,11,19,77,102,41,83
835,23,99,85,82,133,107,101,97,56
835,24,129,102,42,90,82,52,118,60
835,25,23,129,81,113,11,69,114,87
835,26,118,7,84,71,12,95,52,134
835,27,89,133,28,125,70,58,140,9
835,28,80,119,45,70,48,51,57,81
835,29,47,103,65,18,131,5,44,105
835,30,54,11,15,139,89,135,43,137
835,31,110,46,85,31,84,124,131,137
835,32,107,100,111,121,109,94,129,69
835,33,35,143,120,121,140,66,141,24
835,34,24,16,13,42,132,44,3,105
835,35,25,4,67,36,75,120,77,100
835,36,23,46,117,38,49,14,61,20
835,37,23,121,27,99,50,134,101,57
835,38,5,48,111,112,84,0,117,20
835,39,26,75,12,60,80,7,61,0
835,40,18,129,128,117,124,23,29,71
835,41,61,12,130,43,18,0,137,26
835,42,34,12,124,110,71,118,4,57
835,43,142,17,110,132,76,115,130,38
835,44,87,76,4,7,33,22,140,59
836,3,99,3,24,128,41,109,53,62
836,4,86,76,7,23,85,42,59,107
836,5,4,48,54,6,117,40,131,11
836,6,77,3,35,96,23,114,65,50
836,7,112,128,18,115,22,74,42,52
836,8,61,28,128,109,142,133,55,12
836,9,43,31,115,45,94,83,49,86
836,10,94,20,38,40,140,12,77,63
836,11,140,22,60,79,30,55,5,2
836,12,109,142,114,103,96,92,107,90
836,13,54,10,17,101,45,89,34,100
836,14,7,76,65,40,63,74,113,33
836,15,123,135,120,73,90,131,93,39
836,16,60,28,137,79,57,0,32,118
836,17,39,106,139,95,126,19,109,90
836,18,17,45,37,135,8,47,71,75
836,19,87,39,130,27,30,36,128,5
836,20,40,46,82,93,67,103,89,106
836,21,106,80,28,85,110,31,102,68
836,22,77,57,137,130,118,42,83,18
836,23,130,82,85,30,133,52,101,128
836,24,60,137,129,100,10,65,140,102
836,25,114,117,103,11,81,87,23,69
836,26,50,7,118,44,19,71,126,130
836,27,27,133,140,11,97,58,121,82
836,28,119,140,75,130,127,67,81,137
836,29,60,18,29,103,44,80,0,120
836,30,139,11,137,43,41,89,121,100
836,31,6,37,124,76,82,136,26,57
836,32,107,116,18,102,100,85,36,19
836,33,57,45,83,87,120,71,143,139
836,34,105,137,29,55,26,31,103,24
836,35,41,67,68,54,13,120,76,19
836,36,34,37,110,102,111,76,143,97
836,37,134,6,111,98,17,23,105,115
836,38,135,24,22,87,20,10,95,71
836,39,11,6,20,135,121,19,55,40
836,40,96,123,26,113,71,132,32,4
836,41,61,43,137,54,67,88,132,136
836,42,87,23,113,60,123,32,34,121
836,43,17,110,55,106,103,96,93,19
836,44,30,16,106,116,82,104,35,129
837,3,11,54,53,80,102,62,39,45
837,4,46,110,49,81,77,10,14,15
837,5,43,45,35,95,111,104,9,34
837,6,78,130,121,68,142,118,29,34
837,7,98,24,126,119,105,21,123,38
837,8,43,126,16,139,6,59,63,116
837,9,141,9,30,75,138,113,73,134
837,10,102,42,127,49,23,24,56,41
837,11,6,120,138,8,68,35,64,29
837,12,137,55,131,11,103,95,7,126
837,13,17,6,104,42,20,44,96,78
837,14,138,69,103,143,119,78,100,109
837,15,59,3,66,128,1,131,109,123
837,16,101,108,12,87,46,25,28,137
837,17,106,39,30,138,116,6,43,50
837,18,11,23,122,57,45,12,113,115
837,19,38,87,136,32,71,128,33,1
837,20,24,40,82,39,46,58,31,79
837,21,110,105,109,102,133,96,63,52
837,22,57,98,82,33,18,106,94,77
837,23,80,19,77,41,114,101,82,60
837,24,140,0,22,94,142,81,103,3
837,25,117,70,139,24,54,23,141,16
837,26,135,130,19,44,35,79,7,77
837,27,11,27,82,121,58,46,133,137
837,28,86,98,126,67,120,39,46,18
837,29,42,38,48,29,32,103,80,75
837,30,75,116,21,11,114,80,55,45
837,31,102,78,108,136,24,57,86,28
837,32,12,130,25,44,138,80,66,118
837,33,45,67,24,3,85,101,91,143
837,34,38,26,20,76,82,92,66,24
837,35,57,76,67,83,58,68,89,10
837,36,37,51,92,18,138,128,97,1
837,37,99,135,115,127,139,27,136,105
837,38,42,104,108,54,27,135,101,11
837,39,134,138,20,136,53,19,22,81
837,40,24,90,53,61,55,29,132,26
837,41,54,25,45,20,39,21,137,58
837,42,69,70,108,39,57,16,103,6
837,43,49,78,110,50,93,24,96,11
837,44,113,118,61,112,36,40,34,141
838,3,50,123,12,42,136,87,86,6
838,4,53,33,88,24,130,54,15,121
838,5,59,95,18,12,103,70,111,119
838,6,60,109,46,120,16,5,80,70
838,7,100,121,66,14,126,21,38,15
838,8,12,59,125,3,32,53,33,16
838,9,81,117,97,99,46,60,89,71
838,10,130,66,69,79,90,101,96,44
838,11,138,29,49,47,46,69,117,23
838,12,71,18,24,119,95,121,85,140
838,13,13,19,64,6,140,122,46,5
838,14,57,30,83,70,85,3,36,106
838,15,110,18,88,70,118,128,133,101
838,16,40,25,82,112,14,49,18,98
838,17,116,30,85,106,101,75,138,55
838,18,11,57,23,122,69,38,103,93
838,19,136,38,1,71,9,118,32,27
838,20,39,31,79,69,140,24,58,10
838,21,109,105,63,130,4,136,133,34
838,22,98,109,94,140,33,142,51,22
838,23,41,19,132,64,81,98,140,80
838,24,140,28,119,103,54,96,16,13
838,25,117,107,141,139,24,118,70,60
838,26,35,44,84,77,19,129,122,71
838,27,66,58,82,135,11,46,27,88
838,28,91,120,5,51,7,18,99,92
838,29,51,1,77,22,66,125,32,31
838,30,99,13,86,11,76,21,35,40
838,31,69,62,136,86,28,80,139,18
838,32,3,92,66,105,13,121,32,87
838,33,98,121,143,24,67,5,101,130
838,34,38,92,20,140,76,24,26,47
838,35,76,120,67,9,17,16,133,70
838,36,37,138,15,69,1,14,38,110
838,37,99,115,72,20,136,105,75,48
838,38,42,33,108,104,10,48,111,136
838,39,46,4,73,19,135,60,134,119
838,40,24,29,90,137,132,53,26,69
838,41,54,142,51,110,20,21,26,37
838,42,21,30,47,44,76,91,1,6
838,43,10,63,110,108,77,96,11,15
838,44,81,0,42,104,86,36,122,17
839,3,118,39,80,68,74,24,86,136
839,4,61,54,102,15,22,27,4,6
839,5,105,35,7,82,29,109,121,15
839,6,78,49,133,81,86,8,85,63
839,7,5,94,70,74,114,112,120,14
839,8,49,35,47,32,98,122,63,9
839,9,73,60,24,120,83,15,89,43
839,10,37,69,27,90,71,52,99,96
839,11,0,49,7,29,57,69,66,138
839,12,104,99,24,18,128,7,126,116
839,13,101,127,19,49,108,128,115,63
839,14,36,40,18,108,109,57,9,91
839,15,25,121,69,89,128,107,1,11
839,16,112,25,57,6,47,67,82,125
839,17,55,30,43,85,142,34,37,107
839,18,12,132,122,70,81,114,100,140
839,19,32,136,71,73,1,94,27,95
839,20,79,63,46,41,127,106,138,111
839,21,110,107,130,86,17,63,119,10
839,22,98,91,141,18,142,133,41,23
839,23,137,89,40,41,54,6,31,130
839,24,52,22,140,143,129,114,138,13
839,25,117,113,141,139,16,118,14,60
839,26,35,77,91,143,130,71,135,103
839,27,132,66,11,28,63,58,128,140
839,28,5,87,48,120,99,81,83,14
839,29,65,84,47,20,25,3,137,5
839,30,11,137,21,32,93,59,25,45
839,31,136,103,46,65,79,37,41,62
839,32,100,25,66,12,45,44,120,95
839,33,24,104,67,19,131,101,46,141
839,34,38,24,2,132,114,63,47,77
839,35,19,89,83,67,17,27,16,133
839,36,15,17,125,132,113,38,117,110
839,37,86,134,99,27,141,20,69,105
839,38,111,135,73,0,31,42,53,83
839,39,75,110,20,23,7,132,19,22
839,40,29,34,23,139,121,21,132,26
839,41,40,87,137,63,30,142,28,9
839,42,134,123,1,57,112,39,44,34
839,43,110,11,54,70,47,56,64,74
839,44,141,130,24,49,36,124,104,84
840,3,100,94,76,39,66,134,43,68
840,4,17,22,54,63,33,83,7,60
840,5,122,90,111,34,95,110,143,47
840,6,15,69,65,53,59,12,134,83
840,7,73,108,52,114,92,124,14,70
840,8,56,108,22,79,118,49,53,121
840,9,7,69,0,32,89,120,79,75
840,10,23,74,61,97,66,134,64,89
840,11,135,0,78,49,20,46,73,104
840,12,56,51,53,7,84,8,118,95
840,13,30,111,130,101,126,90,2,127
840,14,100,112,40,36,3,103,106,79
840,15,71,89,69,91,65,132,18,73
840,16,120,57,84,112,143,82,71,137
840,17,19,39,118,90,12,121,30,47
840,18,23,20,122,113,115,38,17,8
840,19,91,71,20,105,33,128,94,32
840,20,93,0,17,53,76,79,120,22
840,21,111,97,31,64,17,63,60,119
840,22,85,19,109,91,41,18,70,14
840,23,4,137,40,31,129,82,142,69
840,24,6,59,16,90,143,129,124,103
840,25,103,43,118,87,107,139,113,141
840,26,120,35,3,122,71,26,49,96
840,27,63,54,140,132,68,9,58,128
840,28,87,34,71,0,5,81,118,2
840,29,84,16,51,125,103,5,66,41
840,30,89,117,96,15,137,121,11,25
840,31,29,103,41,131,37,36,110,46
840,32,3,37,100,45,66,142,141,105
840,33,73,24,84,34,99,128,122,140
840,34,29,38,121,16,115,36,52,65
840,35,48,70,82,27,36,120,133,69
840,36,102,62,113,17,48,45,125,124
840,37,111,76,102,50,40,27,99,101
840,38,135,0,120,108,50,48,20,121
840,39,40,75,96,5,105,89,138,117
840,40,29,34,87,26,28,70,132,83
840,41,108,132,93,137,107,136,40,21
840,42,134,120,12,108,57,39,5,2
840,43,109,76,50,139,51,30,110,70
840,44,40,93,49,24,141,57,17,34
841,3,4,30,43,65,39,48,77,61
841,4,15,74,142,68,40,13,72,22
841,5,94,67,121,11,107,0,8,35
841,6,16,18,74,15,48,59,102,27
841,7,91,39,73,96,52,75,4,40
841,8,127,56,44,50,45,68,121,46
841,9,118,51,120,92,86,116,108,46
841,10,109,64,5,82,61,103,125,96
841,11,97,89,117,69,29,46,39,135
841,12,129,56,118,113,95,82,7,85
841,13,120,112,121,0,90,131,1,33
841,14,25,47,40,9,31,103,89,33
841,15,104,41,89,58,103,74,71,53
841,16,4,120,89,57,71,126,47,91
841,17,19,90,111,59,39,118,72,65
841,18,23,77,57,34,45,75,8,29
841,19,33,71,32,48,62,27,46,133
841,20,45,67,71,46,93,30,22,35
841,21,111,110,86,46,115,31,28,91
841,22,85,12,18,30,135,130,63,131
841,23,4,69,56,129,10,134,125,73
841,24,6,35,92,10,90,84,143,16
841,25,43,103,98,68,118,94,125,139
841,26,137,120,125,44,77,99,71,53
841,27,68,63,133,54,140,58,2,94
841,28,90,5,80,0,87,34,21,66
841,29,59,16,105,44,125,84,132,5
841,30,92,89,15,43,121,83,117,11
841,31,75,45,3,110,29,41,120,32
841,32,100,21,3,141,70,69,45,72
841,33,73,35,130,43,80,19,34,84
841,34,117,16,38,76,127,110,115,143
841,35,129,36,16,27,28,133,46,91
841,36,135,62,125,102,46,49,67,138
841,37,111,52,102,121,50,77,141,136
841,38,48,134,79,37,15,95,83,16
841,39,83,50,110,127,40,119,132,117
841,40,110,29,111,139,43,132,28,124
841,41,93,90,20,137,132,56,8,71
841,42,134,13,48,136,57,5,6,10
841,43,57,47,139,120,54,70,50,109
841,44,105,141,80,40,7,24,44,59
842,3,122,89,125,91,134,94,68,130
842,4,90,95,34,42,129,60,138,3
842,5,115,105,2,65,34,66,54,84
842,6,123,3,108,44,112,40,39,69
842,7,112,128,74,75,99,111,70,136
842,8,28,122,128,81,18,34,95,26
842,9,142,45,16,88,102,108,59,67
842,10,73,140,98,90,20,40,123,77
842,11,77,5,22,53,104,76,115,139
842,12,82,69,38,70,129,105,134,98
842,13,120,112,97,25,37,0,89,126
842,14,40,117,11,58,19,114,47,25
842,15,27,39,104,22,58,135,121,106
842,16,90,120,4,60,56,26,43,131
842,17,72,79,90,30,111,63,88,80
842,18,116,53,135,57,77,34,23,42
842,19,102,133,62,100,95,33,32,5
842,20,45,46,71,52,22,17,93,42
842,21,111,31,19,74,104,135,95,110
842,22,0,12,83,31,102,54,11,85
842,23,126,69,129,99,4,50,46,3
842,24,6,105,107,82,109,42,90,130
842,25,43,98,87,94,136,118,45,69
842,26,120,77,99,136,138,3,26,128
842,27,68,140,54,63,94,9,82,107
842,28,5,80,0,34,66,40,57,87
842,29,94,105,44,5,92,85,103,84
842,30,15,89,93,117,96,43,11,60
842,31,110,131,29,3,120,45,13,36
842,32,100,3,21,35,45,70,129,78
842,33,73,130,35,43,143,140,80,66
842,34,16,46,117,38,63,110,29,36
842,35,16,36,69,91,120,67,140,46
842,36,62,46,125,52,49,14,113,102
842,37,52,60,111,50,121,99,102,136
842,38,48,108,37,110,79,111,0,134
842,39,50,75,40,5,110,30,132,27
842,40,111,29,129,110,132,124,18,139
842,41,90,47,137,139,71,56,43,26
842,42,134,63,48,12,5,57,136,6
842,43,57,142,110,76,139,53,48,74
842,44,44,7,80,116,4,109,59,82
843,3,99,7,1,106,102,69,0,6
843,4,28,37,72,142,101,90,22,109
843,5,112,95,107,8,104,54,44,138
843,6,29,140,102,59,108,60,133,1
843,7,100,1,116,95,30,75,73,19
843,8,44,111,27,73,56,80,66,118
843,9,138,119,105,15,83,86,120,16
843,10,54,89,96,90,19,131,109,103
843,11,11,94,29,70,63,4,46,76
843,12,109,56,82,38,94,95,127,96
843,13,112,120,45,27,99,90,0,126
843,14,31,33,71,25,85,66,40,36
843,15,92,16,104,121,41,89,106,58
843,16,120,69,18,71,57,74,90,112
843,17,90,19,139,39,95,47,30,63
843,18,75,105,138,23,122,53,57,118
843,19,95,62,71,133,87,128,20,136
843,20,46,93,132,53,143,52,82,22
843,21,111,110,115,28,67,63,119,3
843,22,57,85,56,99,11,70,55,77
843,23,46,134,4,31,38,90,137,69
843,24,6,42,89,129,90,140,130,26
843,25,94,23,81,14,69,87,113,118
843,26,95,120,77,138,3,89,99,122
843,27,94,68,132,140,95,54,82,9
843,28,57,5,118,0,34,80,81,7
843,29,85,7,6,44,34,5,125,113
843,30,15,96,123,54,117,89,22,137
843,31,59,110,131,29,80,37,36,47
843,32,127,21,100,102,45,78,0,3
843,33,140,73,46,99,130,143,96,89
843,34,63,38,143,29,117,114,76,104
843,35,79,120,47,36,132,63,25,82
843,36,140,62,125,102,106,1,48,107
843,37,5,111,102,60,99,128,27,101
843,38,0,110,108,106,53,20,135,70
843,39,75,40,97,5,119,30,110,60
843,40,23,29,105,70,36,132,27,71
843,41,114,130,40,43,137,132,26,12
843,42,71,12,2,134,57,124,5,10
843,43,76,29,142,110,28,139,108,53
843,44,109,76,33,116,34,87,17,124
844,3,119,117,10,9,75,109,25,30
844,4,54,18,120,15,84,23,76,65
844,5,99,106,41,90,28,61,35,2
844,6,113,135,99,73,71,12,42,133
844,7,134,75,141,101,55,13,74,124
844,8,76,44,36,80,58,2,119,91
844,9,51,92,77,23,89,106,28,133
844,10,29,132,112,80,73,109,83,63
844,11,57,97,63,68,22,104,70,30
844,12,129,101,65,124,14,2,105,119
844,13,104,132,3,112,27,118,120,94
844,14,31,50,89,98,74,121,82,58
844,15,126,113,41,103,24,26,39,139
844,16,69,10,120,26,4,74,71,84
844,17,80,90,95,30,26,139,134,47
844,18,116,128,138,126,118,53,37,57
844,19,102,47,95,62,115,30,133,87
844,20,16,46,62,143,82,17,120,84
844,21,111,97,135,31,138,8,110,5
844,22,11,13,89,118,41,57,63,99
844,23,69,126,75,73,90,36,56,67
844,24,6,68,80,129,72,105,44,114
844,25,90,94,81,87,14,140,114,93
844,26,82,77,89,123,120,95,54,99
844,27,140,94,8,95,68,5,54,18
844,28,86,142,109,2,5,138,21,0
844,29,47,124,85,57,120,7,19,92
844,30,66,121,34,43,11,39,60,15
844,31,66,131,54,137,88,50,110,28
844,32,10,50,100,72,36,139,142,78
844,33,58,89,113,73,96,97,130,80
844,34,143,29,38,115,110,26,36,132
844,35,31,36,82,91,68,132,14,67
844,36,86,40,102,124,9,106,113,38
844,37,111,51,102,16,126,103,108,141
844,38,63,111,55,10,20,141,92,53
844,39,127,40,124,78,119,110,60,117
844,40,33,29,26,110,101,102,27,132
844,41,102,93,137,28,46,128,26,111
844,42,134,124,35,110,126,83,9,5
844,43,100,120,139,58,110,113,97,12
844,44,105,49,141,121,24,40,130,59
845,3,143,34,13,104,28,89,9,133
845,4,52,117,123,1,86,90,31,4
845,5,65,115,98,116,6,33,77,143
845,6,44,80,99,3,52,135,70,39
845,7,99,26,127,121,124,112,128,13
845,8,28,2,99,119,79,67,122,124
845,9,143,66,45,142,14,49,59,27
845,10,73,52,59,20,99,103,44,77
845,11,63,137,30,128,116,76,82,5
845,12,65,129,70,82,105,95,38,5
845,13,17,101,112,95,132,89,97,120
845,14,40,58,50,117,34,74,99,0
845,15,39,93,126,134,128,73,74,24
845,16,116,74,56,26,131,90,67,121
845,17,80,16,90,79,113,26,88,106
845,18,116,128,53,77,23,111,135,34
845,19,62,102,47,87,51,95,80,143
845,20,46,55,52,84,136,42,70,40
845,21,95,104,22,38,64,74,28,111
845,22,89,0,20,11,62,83,114,26
845,23,69,85,113,30,99,50,134,88
845,24,137,105,129,94,72,109,50,119
845,25,43,114,118,16,81,136,87,139
845,26,85,77,7,130,113,123,26,128
845,27,132,121,140,82,58,11,108,124
845,28,40,14,5,81,18,23,67,77
845,29,20,120,47,33,19,5,103,125
845,30,34,11,93,137,25,43,88,51
845,31,57,136,66,124,46,131,64,65
845,32,100,10,85,66,25,75,36,72
845,33,89,128,130,51,70,83,97,119
845,34,143,110,38,28,132,2,16,36
845,35,89,82,19,41,66,83,36,37
845,36,136,97,104,106,40,110,48,26
845,37,60,108,112,102,51,141,10,52
845,38,111,105,135,83,20,125,22,24
845,39,78,23,57,93,12,44,110,30
845,40,29,139,34,19,53,6,12,21
845,41,128,136,30,9,85,137,139,77
845,42,134,105,23,57,112,115,113,9
845,43,48,74,110,32,132,136,139,115
845,44,80,116,9,37,49,24,130,34
846,3,131,132,102,74,104,90,127,2
846,4,36,45,103,88,1,10,83,23
846,5,100,95,35,104,80,38,103,138
846,6,91,72,5,25,44,59,80,95
846,7,69,122,98,71,108,128,130,55
846,8,123,130,127,44,43,66,73,118
846,9,20,111,39,86,83,119,64,76
846,10,58,50,128,69,76,90,103,81
846,11,106,63,138,82,137,0,101,20
846,12,21,57,65,79,62,55,82,33
846,13,112,63,125,120,6,104,64,27
846,14,50,119,55,64,63,36,82,47
846,15,132,100,68,2,126,142,69,41
846,16,120,3,26,138,46,45,14,57
846,17,90,49,39,30,80,138,95,117
846,18,11,116,118,75,53,48,139,23
846,19,102,105,95,115,128,37,71,24
846,20,46,93,141,16,52,54,53,39
846,21,134,1,110,28,119,63,97,111
846,22,114,0,18,89,57,82,33,41
846,23,113,23,134,125,129,28,6,69
846,24,50,22,140,32,19,94,102,119
846,25,43,16,118,81,139,87,68,98
846,26,77,130,85,99,67,7,123,128
846,27,140,132,11,58,107,9,97,66
846,28,117,14,5,45,81,39,67,7
846,29,20,18,88,5,44,84,103,47
846,30,34,137,11,121,21,93,25,40
846,31,74,65,46,135,37,57,49,103
846,32,100,25,66,102,23,4,13,0
846,33,128,24,101,35,130,143,122,9
846,34,143,2,24,26,114,132,110,38
846,35,19,89,67,82,85,9,83,75
846,36,113,17,110,125,18,117,49,126
846,37,86,27,76,139,69,108,111,102
846,38,135,111,32,83,101,20,48,97
846,39,23,93,105,5,20,19,57,117
846,40,34,29,139,23,90,55,111,117
846,41,108,40,9,137,26,28,21,43
846,42,123,44,134,57,39,29,112,9
846,43,110,34,47,117,11,54,77,116
846,44,141,130,104,24,124,34,80,49
847,3,15,102,78,97,9,129,57,41
847,4,101,50,134,65,142,35,15,63
847,5,12,91,95,23,124,103,35,32
847,6,98,64,109,66,4,42,27,71
847,7,109,4,40,69,55,38,95,19
847,8,46,45,127,143,24,69,134,18
847,9,116,118,89,92,78,129,120,16
847,10,64,103,82,76,68,67,33,143
847,11,117,47,69,72,71,61,89,46
847,12,85,12,21,3,79,134,41,82
847,13,125,121,120,45,63,49,64,38
847,14,33,55,25,40,85,112,47,9
847,15,103,54,132,88,131,57,106,74
847,16,110,3,89,126,4,82,26,57
847,17,111,80,49,72,90,79,38,63
847,18,53,116,37,57,135,17,77,45
847,19,102,100,87,62,133,48,86,5
847,20,17,123,67,141,16,46,71,30
847,21,110,29,1,11,85,117,134,96
847,22,135,11,18,114,120,12,89,23
847,23,46,38,129,125,113,98,107,3
847,24,107,19,112,42,46,143,100,22
847,25,98,129,14,136,43,113,93,20
847,26,84,77,81,89,99,71,35,45
847,27,125,94,118,103,140,82,132,11
847,28,7,66,5,0,80,91,21,134
847,29,105,14,94,5,44,88,131,69
847,30,93,67,11,34,76,130,137,43
847,31,3,120,46,37,136,135,143,43
847,32,100,102,72,0,21,45,23,141
847,33,130,35,43,143,141,101,122,46
847,34,110,46,132,16,26,2,38,90
847,35,16,62,67,36,129,82,19,46
847,36,52,125,38,46,138,37,49,78
847,37,52,117,141,60,99,108,72,50
847,38,48,108,112,79,30,135,111,83
847,39,50,128,122,105,4,93,20,34
847,40,111,139,29,124,12,105,129,51
847,41,47,90,56,139,9,43,137,26
847,42,63,48,112,28,134,123,0,13
847,43,143,57,110,74,59,103,36,62
847,44,7,44,22,126,87,4,59,64
848,3,99,7,6,1,106,15,86,12
848,4,28,72,20,142,91,37,79,88
848,5,112,95,80,104,85,139,35,4
848,6,140,29,13,1,71,100,39,70
848,7,100,1,116,4,109,19,38,14
848,8,111,80,5,73,125,31,117,127
848,9,138,119,105,116,120,79,86,135
848,10,54,96,90,19,99,89,38,9
848,11,11,29,94,47,70,134,129,69
848,12,18,109,82,127,31,94,12,33
848,13,99,27,45,125,121,120,130,49
848,14,33,31,71,85,40,112,9,56
848,15,92,88,16,131,98,118,37,127
848,16,110,18,3,69,74,112,91,82
848,17,49,39,111,90,105,36,38,34
848,18,139,138,105,81,113,20,38,17
848,19,128,102,87,136,38,33,48,108
848,20,46,58,12,79,82,24,67,5
848,21,120,110,1,117,67,35,129,86
848,22,11,18,37,57,114,19,41,135
848,23,46,38,69,129,57,101,113,40
848,24,42,22,143,46,90,129,111,138
848,25,81,94,129,98,139,117,113,93
848,26,95,77,7,89,3,99,71,123
848,27,94,132,133,58,11,95,9,107
848,28,57,7,5,85,45,48,95,81
848,29,85,6,44,47,7,5,14,88
848,30,137,24,11,121,123,22,66,132
848,31,59,136,57,26,135,46,3,37
848,32,100,127,21,102,0,23,64,32
848,33,140,46,5,143,135,128,70,137
848,34,132,110,63,2,26,114,38,29
848,35,79,19,82,67,27,75,46,31
848,36,140,125,38,7,78,40,26,110
848,37,5,117,141,102,27,49,69,56
848,38,0,135,110,112,111,126,101,83
848,39,75,51,128,117,86,60,93,1
848,40,23,29,105,46,12,21,98,51
848,41,40,43,114,9,112,137,26,102
848,42,123,112,71,124,134,34,101,99
848,43,74,29,110,76,31,115,60,40
848,44,89,33,17,76,124,64,130,126
849,3,91,80,39,16,87,67,136,42
849,4,40,84,92,8,1,60,15,37
849,5,41,106,113,78,13,82,137,118
849,6,121,55,99,18,61,129,80,110
849,7,39,74,22,18,75,13,17,112
849,8,8,101,1,63,88,44,28,109
849,9,77,42,96,40,79,21,137,128
849,10,143,138,139,80,116,20,90,112
849,11,21,2,96,60,97,63,72,135
849,12,4,142,33,77,53,13,43,103
849,13,77,26,44,22,120,56,121,27
849,14,97,50,1,42,23,40,24,65
849,15,98,104,72,116,43,41,111,1
849,16,52,92,28,110,12,137,91,60
849,17,16,95,111,53,54,91,19,134
849,18,6,37,117,57,71,53,93,45
849,19,72,17,38,87,108,130,36,29
849,20,6,67,17,46,123,1,45,143
849,21,29,80,110,31,112,72,116,68
849,22,77,134,99,11,120,0,135,86
849,23,85,130,88,56,127,16,125,131
849,24,129,60,70,29,137,131,22,100
849,25,114,129,48,126,7,113,55,81
849,26,58,92,81,3,72,19,77,95
849,27,107,94,118,17,24,132,20,5
849,28,75,127,44,9,5,10,0,81
849,29,34,103,5,39,24,92,41,88
849,30,6,11,43,12,100,139,64,93
849,31,37,50,6,111,31,46,143,59
849,32,100,87,116,83,134,31,64,24
849,33,13,139,99,141,143,135,108,9
849,34,132,139,78,103,137,110,29,107
849,35,1,0,133,123,47,143,26,95
849,36,11,85,42,110,143,94,1,20
849,37,141,0,76,143,117,134,104,108
849,38,71,107,83,45,104,20,139,22
849,39,76,93,20,69,68,79,2,47
849,40,102,121,69,40,29,63,1,96
849,41,41,141,9,137,120,17,138,26
849,42,9,113,101,42,57,77,55,39
849,43,110,47,103,3,93,113,12,74
849,44,120,38,141,135,107,24,130,17
850,3,136,143,52,26,76,48,67,74
850,4,117,68,135,7,133,16,95,111
850,5,55,58,142,52,143,48,98,106
850,6,94,90,110,89,35,138,82,72
850,7,112,74,132,70,75,95,13,119
850,8,30,28,11,12,142,116,72,25
850,9,102,13,132,88,130,59,142,64
850,10,1,14,52,20,84,2,9,112
850,11,10,77,108,73,21,99,112,12
850,12,60,4,71,36,32,90,5,117
850,13,56,89,110,44,26,49,54,97
850,14,40,24,122,65,7,80,97,23
850,15,98,96,63,39,46,35,80,6
850,16,90,92,0,36,12,28,60,4
850,17,53,106,96,16,54,75,72,91
850,18,57,6,45,58,11,77,53,29
850,19,72,25,36,29,38,103,115,30
850,20,67,17,71,82,123,74,8,3
850,21,116,29,102,56,95,52,74,138
850,22,19,12,120,136,20,0,51,77
850,23,99,30,125,44,82,101,43,98
850,24,137,60,19,102,94,129,82,109
850,25,114,118,81,87,98,43,141,139
850,26,77,93,85,71,7,3,123,89
850,27,132,58,133,9,94,11,82,140
850,28,75,5,127,14,45,7,81,36
850,29,5,120,88,60,103,105,44,33
850,30,93,137,43,34,11,131,106,103
850,31,90,6,79,135,68,65,46,124
850,32,100,4,34,85,23,36,102,79
850,33,128,139,57,122,143,32,9,142
850,34,110,137,29,2,114,143,26,36
850,35,16,13,67,19,89,85,78,54
850,36,52,125,113,110,124,117,126,105
850,37,8,134,108,68,6,142,111,98
850,38,135,71,51,111,20,48,24,22
850,39,93,20,57,143,69,58,40,80
850,40,71,139,96,29,130,140,12,44
850,41,61,115,137,26,111,138,28,18
850,42,23,123,57,113,34,143,5,20
850,43,110,121,130,116,56,103,113,90
850,44,106,30,36,82,34,126,2,55
851,3,131,132,90,2,104,127,99,12
851,4,58,45,88,103,66,79,101,17
851,5,96,101,95,100,103,138,128,78
851,6,25,5,91,7,48,90,72,73
851,7,122,98,69,108,77,126,71,50
851,8,130,43,126,110,66,12,73,27
851,9,20,111,139,39,12,69,86,66
851,10,58,50,128,107,62,77,69,81
851,11,106,138,51,35,65,26,25,113
851,12,57,55,6,96,79,116,131,33
851,13,116,63,6,49,42,99,78,68
851,14,119,64,50,66,55,47,139,138
851,15,2,100,68,142,109,77,131,1
851,16,45,3,28,138,108,110,101,98
851,17,117,95,39,111,19,90,138,49
851,18,11,29,71,116,37,48,103,135
851,19,102,105,64,87,24,128,48,30
851,20,46,6,39,67,16,17,141,54
851,21,134,52,19,1,119,109,64,110
851,22,114,33,89,13,18,82,46,14
851,23,23,28,125,113,134,133,75,20
851,24,32,94,19,119,109,140,22,107
851,25,81,87,118,43,107,16,141,98
851,26,130,77,135,85,89,71,128,36
851,27,132,88,121,66,9,44,58,54
851,28,117,14,45,7,39,5,81,48
851,29,38,5,44,18,20,103,88,105
851,30,137,93,11,116,121,21,34,43
851,31,90,74,135,65,85,46,79,127
851,32,100,60,23,4,0,13,36,25
851,33,128,24,142,143,101,141,67,122
851,34,24,110,2,114,132,73,29,38
851,35,89,16,17,67,19,85,83,82
851,36,17,125,52,117,113,110,50,75
851,37,27,86,8,99,139,102,136,48
851,38,135,111,32,5,42,10,48,83
851,39,23,5,93,7,40,86,75,19
851,40,83,34,29,23,71,90,117,39
851,41,40,90,142,26,66,82,111,137
851,42,44,123,57,112,143,34,0,29
851,43,34,110,130,56,116,117,42,10
851,44,114,104,141,130,34,24,44,36
852,3,46,71,3,2,28,109,43,45
852,4,11,10,7,72,112,37,60,125
852,5,60,95,94,12,55,35,107,16
852,6,5,109,45,134,7,53,137,4
852,7,116,126,40,130,73,124,8,55
852,8,41,32,121,58,73,114,11,59
852,9,125,78,46,132,80,129,110,108
852,10,74,62,44,90,138,125,99,65
852,11,8,44,51,47,135,18,49,33
852,12,125,130,116,75,7,31,28,55
852,13,46,133,64,44,30,103,6,99
852,14,112,139,47,9,82,35,118,40
852,15,140,77,2,62,58,69,131,60
852,16,82,75,14,3,40,98,134,47
852,17,117,39,90,138,30,49,105,103
852,18,11,20,12,122,113,70,38,15
852,19,1,136,71,32,128,64,20,42
852,20,46,12,79,53,54,31,6,93
852,21,110,109,67,63,115,130,119,134
852,22,18,57,91,114,98,41,106,135
852,23,113,134,40,46,41,6,114,31
852,24,143,22,140,94,120,119,52,129
852,25,16,81,139,87,113,69,118,98
852,26,7,130,135,71,3,49,107,123
852,27,58,133,132,11,97,140,68,28
852,28,81,39,87,45,76,85,47,14
852,29,88,18,22,103,5,84,20,62
852,30,11,137,21,25,121,75,126,103
852,31,127,37,103,79,46,55,86,124
852,32,25,100,4,44,23,102,13,133
852,33,24,128,143,101,141,84,122,67
852,34,24,26,114,132,2,50,62,143
852,35,89,85,67,19,47,82,58,100
852,36,17,113,110,125,117,49,26,20
852,37,27,86,99,139,92,105,49,67
852,38,135,111,27,101,40,32,96,48
852,39,23,7,93,68,5,20,19,135
852,40,34,29,90,117,23,55,121,26
852,41,43,108,137,59,26,6,21,111
852,42,44,29,123,57,55,118,16,39
852,43,110,54,117,130,50,52,116,53
852,44,141,130,84,24,80,40,124,49
853,3,50,76,114,89,94,85,40,2
853,4,83,133,68,10,95,84,63,9
853,5,88,106,6,55,13,54,23,131
853,6,46,3,94,112,134,89,110,39
853,7,112,74,128,18,21,5,85,57
853,8,12,28,122,11,67,119,81,139
853,9,115,142,102,81,88,14,69,66
853,10,140,98,20,84,90,88,94,83
853,11,55,12,77,22,5,60,10,117
853,12,125,36,71,60,24,90,118,3
853,13,28,10,89,54,97,141,99,17
853,14,7,40,65,0,58,112,76,91
853,15,90,135,73,69,63,83,131,70
853,16,60,90,28,122,74,92,0,137
853,17,53,118,19,106,142,72,39,140
853,18,45,17,137,71,116,114,8,47
853,19,87,97,27,130,39,30,86,108
853,20,17,82,46,71,40,12,76,97
853,21,64,139,95,135,20,100,16,106
853,22,42,57,18,11,19,20,12,135
853,23,40,99,44,82,85,46,104,133
853,24,143,82,125,129,102,90,22,3
853,25,81,87,43,118,139,117,113,49
853,26,7,134,84,3,90,95,71,77
853,27,70,89,133,9,66,11,58,94
853,28,80,66,7,70,31,81,4,45
853,29,88,94,47,5,18,103,100,105
853,30,136,135,11,10,40,121,43,137
853,31,26,37,85,31,127,55,46,3
853,32,100,0,111,109,66,121,36,31
853,33,35,125,101,143,120,43,141,79
853,34,110,24,2,114,3,46,117,28
853,35,67,9,78,129,62,19,85,120
853,36,14,49,23,39,17,117,46,71
853,37,23,121,99,52,27,77,97,6
853,38,48,135,111,134,5,101,20,79
853,39,12,4,7,93,60,61,39,62
853,40,18,124,51,71,117,39,36,129
853,41,90,43,56,137,47,26,0,35
853,42,34,13,123,121,57,63,5,124
853,43,130,110,143,132,53,93,116,136
853,44,44,7,80,22,82,130,126,36
854,3,136,12,53,42,128,120,109,8
854,4,53,28,105,15,66,91,85,63
854,5,95,47,62,130,54,115,6,26
854,6,75,60,133,134,20,8,114,117
854,7,11,5,74,66,128,132,130,81
854,8,12,64,139,118,101,91,39,16
854,9,115,101,83,71,52,73,130,81
854,10,69,17,121,97,101,86,90,37
854,11,94,0,2,29,55,139,99,138
854,12,71,109,114,94,17,89,18,28
854,13,64,19,30,86,45,95,90,10
854,14,76,71,40,112,57,30,73,7
854,15,70,18,71,9,117,57,11,90
854,16,25,74,88,20,69,57,55,136
854,17,139,38,101,53,39,138,72,19
854,18,137,114,45,23,116,118,37,132
854,19,9,128,13,115,114,91,62,71
854,20,17,82,12,143,46,76,94,56
854,21,64,31,110,8,120,67,17,47
854,22,85,19,141,77,109,57,18,134
854,23,40,31,137,38,130,54,55,90
854,24,46,143,129,131,90,6,134,122
854,25,81,87,107,103,43,10,20,69
854,26,71,123,19,96,67,91,120,77
854,27,140,26,63,9,58,129,94,18
854,28,87,140,81,4,7,5,91,95
854,29,51,1,103,7,46,26,73,5
854,30,121,137,132,11,120,21,96,83
854,31,131,37,41,31,136,28,43,110
854,32,3,100,29,124,90,142,121,135
854,33,24,128,137,143,84,124,19,46
854,34,29,132,26,24,143,2,114,104
854,35,48,132,27,77,31,125,36,58
854,36,125,16,124,17,102,110,63,48
854,37,27,111,110,29,12,19,6,77
854,38,135,120,111,20,98,100,83,87
854,39,131,93,5,117,71,60,43,20
854,40,83,29,117,140,31,92,44,12
854,41,124,93,26,30,28,15,137,71
854,42,101,134,12,3,124,34,57,5
854,43,117,110,15,139,103,125,47,54
854,44,17,130,141,49,124,122,59,24
855,3,10,119,30,90,17,31,42,39
855,4,89,39,6,69,34,62,90,15
855,5,90,130,35,17,74,32,16,13
855,6,69,133,123,34,6,20,89,63
855,7,134,96,104,74,19,101,124,130
855,8,36,58,59,91,76,2,118,83
855,9,23,92,51,12,45,15,76,116
855,10,114,29,112,36,69,90,52,121
855,11,57,86,32,22,137,30,104,38
855,12,101,48,71,140,106,33,65,32
855,13,132,101,114,22,95,112,5,77
855,14,98,74,114,23,121,90,70,30
855,15,126,113,17,28,22,24,124,98
855,16,10,25,5,97,94,16,35,93
855,17,16,79,53,91,96,127,34,101
855,18,126,116,63,128,118,23,137,71
855,19,9,30,62,115,47,13,97,86
855,20,17,56,93,84,82,76,77,40
855,21,8,64,135,97,111,100,31,136
855,22,57,13,134,70,5,118,15,20
855,23,32,75,36,39,142,85,69,82
855,24,68,129,131,97,71,117,89,143
855,25,90,81,87,140,43,103,71,107
855,26,92,54,123,26,71,47,120,25
855,27,140,54,18,28,9,8,27,14
855,28,142,138,109,2,81,13,116,132
855,29,57,19,124,7,64,51,103,1
855,30,121,39,87,66,43,139,11,83
855,31,131,41,50,49,136,59,86,137
855,32,50,100,10,142,139,74,3,29
855,33,58,102,51,143,140,122,137,138
855,34,29,132,2,114,143,22,26,10
855,35,125,31,132,42,82,131,36,46
855,36,86,7,38,124,40,113,102,110
855,37,111,102,27,114,12,29,103,6
855,38,111,63,20,10,129,100,87,81
855,39,124,40,93,127,90,117,87,118
855,40,33,29,140,83,117,31,92,9
855,41,5,31,137,112,27,93,138,82
855,42,134,124,113,42,126,34,112,78
855,43,84,139,15,125,0,110,79,103
855,44,8,56,130,59,122,124,141,24
856,3,107,109,74,58,138,44,10,90
856,4,34,42,6,63,35,10,102,84
856,5,98,65,84,58,82,42,60,32
856,6,80,55,34,90,133,39,47,50
856,7,75,74,81,112,61,22,9,16
856,8,36,140,35,88,72,50,2,25
856,9,45,21,130,41,74,8,1,84
856,10,138,52,84,110,109,29,3,90
856,11,137,22,30,86,135,88,82,99
856,12,65,140,14,111,2,101,133,90
856,13,95,112,101,1,132,77,17,71
856,14,70,114,74,83,23,7,63,51
856,15,22,81,74,98,120,24,58,126
856,16,10,5,85,25,83,94,0,114
856,17,16,79,77,26,81,17,14,106
856,18,116,118,101,71,135,128,63,23
856,19,62,13,9,97,30,47,122,133
856,20,17,56,1,93,46,136,55,84
856,21,80,64,8,31,112,111,100,120
856,22,134,83,57,37,4,41,138,58
856,23,85,61,32,36,82,133,42,142
856,24,131,129,80,117,68,71,46,84
856,25,81,90,87,103,69,43,107,11
856,26,92,26,71,108,44,47,120,54
856,27,140,54,27,28,58,63,8,5
856,28,142,114,109,13,81,58,127,132
856,29,19,57,1,64,79,103,124,5
856,30,121,139,12,66,43,20,11,60
856,31,131,41,50,136,85,122,61,105
856,32,100,50,142,34,32,85,31,121
856,33,58,51,102,143,138,100,80,24
856,34,29,132,28,137,70,143,52,114
856,35,125,1,31,123,119,36,14,75
856,36,124,1,86,110,113,70,102,48
856,37,111,27,102,78,96,29,136,108
856,38,111,71,10,22,20,63,83,31
856,39,60,127,40,117,87,34,124,86
856,40,29,33,79,98,139,12,31,72
856,41,5,93,112,28,71,137,115,122
856,42,134,126,123,57,113,124,6,12
856,43,139,98,0,110,74,15,113,103
856,44,56,141,49,130,24,121,8,39
857,3,6,72,109,10,47,45,51,115
857,4,12,16,125,105,33,56,86,87
857,5,61,8,80,62,65,27,54,42
857,6,80,9,123,11,90,17,49,76
857,7,22,74,112,75,81,96,120,57
857,8,20,28,26,133,85,50,1,142
857,9,45,90,97,8,3,122,66,135
857,10,138,10,81,88,25,90,142,109
857,11,137,30,31,123,82,41,48,99
857,12,140,65,2,143,111,105,90,63
857,13,95,59,87,61,1,8,112,97
857,14,74,89,40,114,23,58,75,56
857,15,74,39,22,41,126,76,35,37
857,16,85,10,116,43,97,31,56,25
857,17,16,79,26,40,109,71,77,80
857,18,116,118,128,135,23,108,111,5
857,19,62,102,13,122,33,109,124,20
857,20,1,46,17,55,22,129,35,93
857,21,80,14,111,64,38,31,104,106
857,22,0,20,93,86,4,19,23,83
857,23,104,61,105,32,88,134,78,133
857,24,117,129,71,97,105,139,45,108
857,25,81,11,87,45,71,69,107,103
857,26,26,54,124,71,92,44,70,120
857,27,140,23,133,68,66,121,125,58
857,28,40,137,81,127,4,13,93,6
857,29,19,1,64,103,5,122,79,33
857,30,139,20,121,43,88,66,54,11
857,31,131,41,79,36,31,82,46,116
857,32,100,34,3,110,50,10,85,142
857,33,51,58,102,143,44,14,80,83
857,34,29,28,137,132,70,143,9,44
857,35,66,125,123,1,25,67,14,10
857,36,136,124,1,137,110,34,37,14
857,37,29,102,60,27,96,136,121,108
857,38,111,71,22,129,24,20,45,36
857,39,87,60,34,75,117,83,63,127
857,40,79,29,35,33,132,72,98,140
857,41,5,28,27,115,137,122,112,93
857,42,134,126,110,57,42,123,51,78
857,43,98,74,0,110,113,79,4,120
857,44,56,49,19,141,39,130,24,40
858,3,143,104,27,13,89,63,28,133
858,4,90,27,117,1,19,72,13,43
858,5,33,108,28,143,61,131,64,75
858,6,33,83,18,70,90,53,103,134
858,7,103,22,99,26,139,25,121,124
858,8,28,99,46,127,20,6,142,89
858,9,45,76,14,66,59,142,112,133
858,10,2,138,121,20,32,103,89,90
858,11,137,30,128,82,45,139,76,77
858,12,65,140,63,88,95,99,105,33
858,13,101,137,112,23,110,81,136,96
858,14,40,0,63,9,74,2,83,23
858,15,24,126,22,39,44,64,98,93
858,16,25,10,56,116,5,97,28,0
858,17,16,101,79,76,30,136,106,81
858,18,116,128,126,71,118,23,63,135
858,19,9,62,30,122,13,115,128,47
858,20,17,93,56,82,46,84,1,76
858,21,102,64,8,135,107,28,94,58
858,22,57,70,83,15,33,32,141,4
858,23,134,7,30,80,82,142,99,57
858,24,94,105,137,24,60,37,97,103
858,25,81,87,11,118,107,139,103,113
858,26,7,93,71,124,123,50,130,26
858,27,121,133,132,97,140,28,27,58
858,28,137,81,127,93,4,6,39,45
858,29,19,103,1,33,64,88,18,5
858,30,139,43,20,54,11,121,71,105
858,31,79,41,83,46,55,90,131,82
858,32,100,34,121,85,50,3,20,105
858,33,51,24,142,143,138,44,135,102
858,34,28,29,137,2,47,63,57,3
858,35,19,66,67,12,16,3,82,10
858,36,17,137,113,49,39,46,14,110
858,37,29,8,60,96,136,23,102,27
858,38,111,71,48,22,45,95,84,129
858,39,75,87,60,90,100,34,131,143
858,40,18,123,132,26,109,71,140,19
858,41,28,130,115,137,21,138,85,107
858,42,23,57,113,108,34,105,126,5
858,43,110,32,124,113,74,24,109,76
858,44,36,37,106,40,34,49,130,82
859,3,126,45,104,90,54,86,72,134
859,4,85,96,88,63,116,13,125,34
859,5,30,7,9,80,95,139,103,64
859,6,142,48,73,135,5,16,42,15
859,7,91,98,122,19,126,108,124,71
859,8,43,112,126,12,55,66,27,45
859,9,64,52,125,29,17,76,58,73
859,10,102,50,128,65,69,21,83,62
859,11,6,106,8,138,102,101,33,1
859,12,57,131,55,21,6,65,137,116
859,13,6,42,98,46,63,96,64,0
859,14,64,138,73,143,103,119,28,124
859,15,2,68,59,109,142,80,53,102
859,16,108,101,45,46,14,25,75,87
859,17,117,39,101,138,30,16,76,95
859,18,11,57,114,132,103,23,118,20
859,19,38,9,128,136,71,105,114,108
859,20,58,82,39,46,12,24,79,31
859,21,52,110,63,109,116,134,67,47
859,22,106,18,57,33,19,94,41,142
859,23,28,80,134,41,6,101,125,113
859,24,32,94,22,140,103,119,90,0
859,25,87,16,139,70,81,118,113,117
859,26,7,135,130,71,93,91,129,44
859,27,121,132,14,66,133,58,97,137
859,28,81,86,39,14,76,98,51,117
859,29,38,15,18,89,47,103,5,42
859,30,21,11,116,137,114,75,74,105
859,31,79,74,69,46,108,124,55,102
859,32,44,12,25,23,100,105,4,130
859,33,24,128,101,143,67,6,112,30
859,34,20,38,24,26,2,1,143,114
859,35,19,89,83,67,17,12,48,82
859,36,17,113,125,110,18,117,51,97
859,37,99,27,48,86,136,102,139,134
859,38,135,111,42,109,27,74,97,47
859,39,23,20,75,134,5,22,57,73
859,40,55,29,132,53,23,90,26,18
859,41,54,28,142,20,107,137,82,21
859,42,44,123,39,29,57,126,134,108
859,43,110,34,10,97,50,124,70,25
859,44,84,104,49,24,130,141,36,34
860,3,119,117,129,2,66,90,97,39
860,4,7,2,129,88,39,133,85,99
860,5,59,90,23,32,95,84,12,133
860,6,16,126,37,120,48,21,61,49
860,7,33,96,126,46,71,19,38,39
860,8,50,49,5,12,9,136,27,68
860,9,58,0,51,89,120,130,86,92
860,10,55,66,89,90,138,38,21,12
860,11,129,49,47,135,139,69,42,33
860,12,43,119,75,140,71,24,138,21
860,13,103,17,44,134,104,132,38,4
860,14,107,30,79,44,85,23,112,40
860,15,113,11,116,126,79,110,39,24
860,16,12,88,40,75,112,133,82,118
860,17,118,95,101,39,24,106,85,6
860,18,57,23,118,20,8,17,116,113
860,19,87,38,108,71,62,115,13,33
860,20,82,24,46,58,12,50,79,40
860,21,110,96,116,67,64,5,136,133
860,22,57,135,18,11,70,63,85,30
860,23,31,134,40,69,56,46,101,90
860,24,90,129,70,143,28,53,59,7
860,25,69,34,139,98,87,113,125,60
860,26,71,7,129,44,84,118,108,91
860,27,140,14,133,9,97,58,11,66
860,28,2,76,7,142,81,90,21,5
860,29,24,18,36,16,77,97,5,132
860,30,137,11,132,120,121,45,89,43
860,31,131,69,86,134,46,31,135,136
860,32,107,139,100,25,87,105,125,29
860,33,128,143,137,24,127,112,98,80
860,34,104,55,38,110,13,24,26,56
860,35,120,77,12,67,95,131,36,82
860,36,15,125,37,9,69,86,117,17
860,37,53,121,102,110,27,16,9,7
860,38,84,135,10,92,104,101,20,50
860,39,127,131,83,119,71,110,52,53
860,40,43,29,132,26,105,137,59,51
860,41,28,43,8,93,137,26,89,15
860,42,12,1,134,34,57,6,138,39
860,43,58,17,110,36,120,54,97,77
860,44,130,124,80,141,49,24,17,122
861,3,52,134,16,9,34,79,93,66
861,4,62,105,39,86,7,2,69,119
861,5,51,116,65,2,139,78,88,61
861,6,129,63,80,83,52,84,61,118
861,7,9,112,22,75,99,74,114,119
861,8,84,139,49,46,30,59,28,40
861,9,117,142,83,89,64,134,14,88
861,10,55,101,59,98,90,99,44,24
861,11,0,53,68,49,55,128,104,5
861,12,43,17,119,89,84,70,69,138
861,13,17,126,49,54,101,104,44,96
861,14,36,40,18,108,34,19,107,82
861,15,94,128,116,134,39,120,124,80
861,16,12,57,112,61,113,116,56,67
861,17,23,20,66,1,106,38,81,6
861,18,77,1,57,34,132,100,70,69
861,19,27,32,42,73,94,33,71,85
861,20,82,40,46,62,52,47,134,79
861,21,116,113,110,95,48,47,31,130
861,22,57,12,83,102,139,98,104,19
861,23,7,50,44,78,104,133,101,85
861,24,90,129,17,27,108,82,3,105
861,25,69,34,139,98,45,113,17,125
861,26,124,136,84,71,7,22,103,44
861,27,14,11,26,27,140,28,97,44
861,28,6,2,76,47,7,132,23,25
861,29,100,18,36,66,5,103,113,77
861,30,11,137,43,88,93,9,135,131
861,31,31,131,69,103,114,50,86,110
861,32,107,105,100,29,121,90,54,69
861,33,120,130,128,143,84,97,91,41
861,34,55,143,121,13,123,39,24,26
861,35,77,41,120,95,117,46,37,87
861,36,14,37,9,62,113,104,125,49
861,37,121,134,51,10,102,27,108,23
861,38,128,135,34,27,108,20,73,84
861,39,44,62,20,136,63,27,69,26
861,40,132,18,24,94,29,131,105,117
861,41,139,103,130,54,28,138,26,137
861,42,46,105,120,134,5,43,108,78
861,43,17,100,142,110,139,122,24,53
861,44,103,44,24,80,124,93,130,36
862,3,114,135,16,2,86,54,79,124
862,4,82,79,87,76,37,23,15,9
862,5,85,21,79,102,89,12,138,137
862,6,100,114,60,21,129,63,141,83
862,7,65,70,143,140,137,30,5,41
862,8,139,49,143,91,59,84,50,121
862,9,135,83,128,58,89,142,40,14
862,10,71,96,97,131,55,90,79,137
862,11,0,27,68,95,53,71,33,79
862,12,43,39,119,138,118,143,124,23
862,13,17,35,49,126,54,132,101,104
862,14,16,36,40,74,35,28,47,33
862,15,91,99,116,39,94,24,123,9
862,16,57,12,61,116,18,74,88,67
862,17,106,95,39,90,6,35,59,65
862,18,75,57,118,77,113,142,81,53
862,19,87,13,75,73,62,32,27,38
862,20,82,40,46,17,80,5,100,12
862,21,110,64,116,96,31,37,46,133
862,22,57,25,135,77,70,130,98,56
862,23,56,89,40,31,90,142,109,137
862,24,90,131,129,104,43,6,24,124
862,25,69,87,34,71,81,103,55,113
862,26,67,54,118,129,84,120,138,124
862,27,140,97,9,54,26,63,125,14
862,28,76,118,87,2,36,5,47,6
862,29,26,137,18,47,5,36,103,46
862,30,137,121,11,132,15,66,21,119
862,31,131,110,69,137,37,46,103,134
862,32,107,100,23,90,29,55,36,87
862,33,128,137,143,24,141,84,127,19
862,34,29,24,13,104,132,114,143,62
862,35,48,77,120,132,125,82,36,46
862,36,125,102,9,38,96,1,124,108
862,37,27,111,12,19,110,7,71,53
862,38,135,111,15,100,10,83,84,20
862,39,93,71,112,43,131,44,47,141
862,40,83,29,105,51,70,117,92,98
862,41,93,26,137,124,71,112,82,97
862,42,101,134,18,34,124,138,12,3
862,43,110,17,125,117,103,15,52,128
862,44,17,130,24,124,141,49,34,107
863,3,105,3,75,138,51,66,109,68
863,4,118,6,42,9,76,83,39,108
863,5,109,121,105,70,35,136,62,28
863,6,12,8,110,63,132,42,94,6
863,7,75,74,13,101,39,81,0,112
863,8,36,50,44,72,12,116,11,3
863,9,130,90,92,45,75,40,133,51
863,10,73,110,29,81,109,114,80,125
863,11,95,68,90,89,112,32,22,75
863,12,129,118,106,101,3,14,105,28
863,13,17,111,28,107,104,101,114,120
863,14,114,132,74,89,9,23,63,47
863,15,17,22,126,113,39,24,141,74
863,16,97,5,10,4,12,16,71,85
863,17,106,39,96,95,79,90,6,77
863,18,116,63,23,126,57,45,73,71
863,19,13,47,62,30,87,9,132,115
863,20,82,84,40,17,76,93,30,62
863,21,64,116,31,8,46,135,94,110
863,22,57,134,83,40,13,70,77,118
863,23,56,69,36,75,126,58,67,129
863,24,68,80,37,6,129,97,45,10
863,25,69,87,90,43,11,81,55,118
863,26,54,71,137,120,67,26,12,7
863,27,140,54,5,14,26,9,68,125
863,28,142,109,76,77,114,21,132,138
863,29,124,18,5,36,140,103,19,122
863,30,66,121,11,139,43,39,34,132
863,31,131,50,110,46,54,36,41,137
863,32,107,50,100,36,72,10,23,139
863,33,58,143,51,130,140,137,14,80
863,34,29,117,132,62,143,28,24,114
863,35,125,131,31,41,123,48,12,132
863,36,40,86,113,9,110,70,14,1
863,37,111,27,12,121,10,51,6,108
863,38,111,71,81,6,87,63,20,22
863,39,127,40,124,20,90,93,75,60
863,40,33,29,18,98,26,140,31,132
863,41,23,136,112,93,27,137,26,28
863,42,134,113,123,105,57,1,124,12
863,43,17,58,139,48,110,103,120,97
863,44,105,116,130,24,141,124,80,49
864,3,107,109,74,115,5,49,88,51
864,4,16,3,63,6,35,66,143,136
864,5,82,86,60,115,58,104,12,78
864,6,44,55,11,34,50,39,127,139
864,7,75,74,139,81,9,112,95,127
864,8,0,12,140,35,50,88,20,142
864,9,45,21,74,1,130,122,125,135
864,10,80,138,52,84,110,99,121,81
864,11,137,22,30,99,68,135,92,86
864,12,14,65,111,2,129,140,90,138
864,13,17,111,95,131,23,59,41,101
864,14,114,83,74,70,63,7,23,40
864,15,22,81,120,74,126,88,58,24
864,16,10,97,5,0,116,94,67,63
864,17,77,106,16,79,81,26,109,39
864,18,116,118,101,128,71,63,135,5
864,19,62,13,97,30,9,47,33,64
864,20,17,56,40,82,1,46,93,136
864,21,80,64,31,106,123,8,100,138
864,22,134,57,83,31,0,4,78,17
864,23,85,61,104,82,56,36,133,30
864,24,80,68,97,129,92,131,45,37
864,25,69,90,87,81,11,55,103,86
864,26,26,108,54,12,70,120,71,124
864,27,140,54,5,28,23,9,27,26
864,28,58,114,109,142,119,76,81,132
864,29,124,79,19,18,103,5,122,92
864,30,66,139,121,11,12,43,137,34
864,31,131,50,110,105,54,46,137,122
864,32,107,100,110,72,31,7,50,29
864,33,58,100,80,143,30,14,121,51
864,34,29,132,70,24,90,127,110,143
864,35,41,123,25,31,1,82,46,125
864,36,40,38,110,70,1,102,48,9
864,37,111,121,27,10,102,68,96,141
864,38,71,111,5,20,31,83,22,10
864,39,127,86,117,40,60,83,19,87
864,40,29,33,98,132,35,46,139,51
864,41,112,93,28,61,71,137,125,138
864,42,123,134,105,113,34,57,12,131
864,43,17,58,110,139,74,120,113,103
864,44,105,141,49,130,13,80,24,121
865,3,143,13,34,104,89,102,133,116
865,4,12,125,52,3,75,117,88,33
865,5,98,3,115,141,134,76,2,8
865,6,44,119,123,83,18,90,70,39
865,7,99,112,139,128,6,121,13,101
865,8,28,99,124,119,46,67,98,74
865,9,142,66,143,45,27,49,86,14
865,10,80,73,99,20,138,103,45,11
865,11,137,30,77,128,116,76,68,75
865,12,65,63,88,105,140,33,0,5
865,13,17,101,23,10,104,48,100,54
865,14,40,63,114,88,74,0,34,46
865,15,39,44,22,73,83,126,24,93
865,16,97,12,116,28,56,5,4,57
865,17,106,39,101,95,63,66,109,1
865,18,116,23,57,75,53,47,1,63
865,19,62,13,87,0,20,73,59,60
865,20,82,84,76,63,40,17,94,93
865,21,64,28,102,95,11,116,96,85
865,22,57,26,83,137,70,130,19,32
865,23,99,30,77,101,134,50,7,110
865,24,137,37,105,54,98,112,129,60
865,25,69,117,11,87,139,118,34,113
865,26,124,7,71,12,84,134,103,44
865,27,140,14,11,97,121,27,133,9
865,28,40,119,137,6,77,76,127,47
865,29,18,58,103,36,100,47,5,27
865,30,139,11,54,43,93,135,88,100
865,31,131,86,50,31,69,110,81,124
865,32,107,129,72,105,30,31,121,130
865,33,66,143,51,130,91,45,54,83
865,34,137,24,70,28,121,90,36,47
865,35,41,77,66,46,67,25,123,3
865,36,62,136,14,37,104,110,84,131
865,37,121,10,60,108,134,23,96,67
865,38,71,22,84,45,128,27,96,101
865,39,87,12,26,63,75,60,121,53
865,40,18,132,123,19,26,29,120,46
865,41,130,28,115,61,136,77,137,138
865,42,23,105,108,113,57,5,34,32
865,43,17,142,110,48,74,113,24,109
865,44,116,129,36,40,130,109,34,80
866,3,11,54,53,102,79,80,127,74
866,4,46,77,49,110,81,15,136,83
866,5,43,45,49,73,95,21,35,2
866,6,78,130,68,121,97,142,101,118
866,7,98,24,119,105,143,38,123,87
866,8,43,126,96,135,103,6,114,59
866,9,141,9,30,113,29,52,73,36
866,10,102,42,127,49,23,41,24,65
866,11,6,138,120,64,35,29,33,68
866,12,137,131,11,55,43,16,119,96
866,13,6,17,44,20,42,96,33,126
866,14,78,138,36,69,100,30,19,57
866,15,59,3,66,87,94,107,135,139
866,16,12,87,101,108,46,25,112,28
866,17,39,101,116,138,106,95,117,1
866,18,57,11,29,122,59,19,23,45
866,19,38,136,71,9,128,105,118,20
866,20,58,82,31,24,39,46,12,69
866,21,116,52,105,102,110,63,109,67
866,22,57,33,82,93,106,94,51,77
866,23,80,19,77,60,6,64,114,41
866,24,140,0,94,103,126,86,22,137
866,25,54,70,117,139,24,141,113,23
866,26,135,130,113,44,7,79,35,129
866,27,121,137,27,46,11,58,133,88
866,28,98,86,126,67,46,130,18,120
866,29,42,48,38,0,103,32,29,47
866,30,114,116,75,21,80,11,105,19
866,31,102,78,108,24,28,85,136,121
866,32,130,25,12,44,80,138,118,79
866,33,131,85,17,67,11,112,71,121
866,34,38,26,20,75,82,47,24,116
866,35,57,76,67,83,133,10,138,89
866,36,51,92,17,77,18,37,128,97
866,37,135,99,136,48,139,8,105,6
866,38,42,11,104,95,59,54,20,88
866,39,134,104,20,22,43,60,119,0
866,40,61,53,90,24,55,26,29,126
866,41,25,45,39,54,28,137,26,21
866,42,69,70,108,39,57,113,126,6
866,43,49,78,124,110,96,24,93,50
866,44,113,61,118,36,112,40,34,141
867,3,50,123,12,42,136,87,63,6
867,4,53,24,88,130,33,15,133,143
867,5,59,95,18,12,119,103,70,110
867,6,60,109,46,80,120,70,142,133
867,7,121,100,66,14,126,71,21,38
867,8,12,59,125,3,33,104,53,134
867,9,81,117,97,99,71,29,60,89
867,10,130,69,66,101,44,79,99,90
867,11,138,49,29,47,46,117,23,58
867,12,71,18,24,119,21,121,16,140
867,13,13,19,6,122,130,64,5,134
867,14,57,30,83,85,106,3,135,70
867,15,110,70,18,88,118,133,16,69
867,16,40,25,82,14,112,101,18,49
867,17,116,103,85,138,39,101,90,100
867,18,12,11,122,59,132,19,69,16
867,19,136,71,21,32,73,118,94,131
867,20,31,69,140,79,111,39,132,137
867,21,109,105,63,4,103,130,107,124
867,22,98,33,109,140,142,51,82,94
867,23,41,80,19,60,114,64,132,134
867,24,140,103,28,16,0,126,119,38
867,25,107,24,139,141,70,54,66,6
867,26,44,7,113,84,3,129,13,79
867,27,46,27,58,11,135,82,66,121
867,28,91,51,86,120,5,7,64,33
867,29,51,1,77,42,66,31,122,103
867,30,99,86,80,35,13,76,11,21
867,31,69,96,28,86,24,78,31,41
867,32,3,92,13,124,105,121,80,130
867,33,98,121,67,143,24,34,85,112
867,34,20,38,140,26,92,24,25,70
867,35,120,76,12,10,133,17,130,62
867,36,37,138,92,1,77,117,17,15
867,37,99,72,115,136,27,84,75,48
867,38,42,33,10,11,108,104,20,88
867,39,46,119,4,131,143,47,73,135
867,40,24,137,29,90,132,26,53,4
867,41,54,142,28,37,26,137,51,107
867,42,21,47,30,44,91,57,55,76
867,43,10,63,110,108,15,124,96,97
867,44,81,36,86,42,0,104,130,40
868,3,54,86,30,109,125,43,39,61
868,4,44,102,6,15,63,92,113,100
868,5,67,50,35,121,73,82,102,94
868,6,19,37,8,133,63,55,39,38
868,7,45,70,128,134,21,76,12,18
868,8,50,59,79,104,63,114,71,40
868,9,90,102,75,7,92,24,134,45
868,10,29,81,10,73,109,110,138,116
868,11,49,112,95,143,104,89,44,51
868,12,14,111,129,95,135,118,99,71
868,13,111,28,19,101,107,90,127,55
868,14,114,47,40,57,83,36,74,13
868,15,58,22,110,135,90,131,89,74
868,16,97,25,112,32,14,83,71,85
868,17,16,94,55,121,141,126,39,34
868,18,23,45,77,115,9,57,137,107
868,19,13,33,27,78,62,94,71,20
868,20,76,1,106,79,97,35,2,132
868,21,20,110,107,31,142,132,119,120
868,22,98,65,141,63,142,117,134,104
868,23,129,67,78,85,101,142,36,58
868,24,13,33,16,119,80,143,140,28
868,25,107,87,118,43,141,139,117,14
868,26,89,108,91,10,12,103,122,125
868,27,5,66,88,121,90,38,132,103
868,28,142,99,90,4,0,51,132,114
868,29,124,100,122,79,0,62,113,58
868,30,10,32,104,70,43,35,34,55
868,31,41,80,64,126,31,56,45,131
868,32,3,29,32,83,9,66,7,134
868,33,121,141,143,130,24,123,96,89
868,34,38,100,20,24,70,47,143,21
868,35,130,131,129,120,28,67,117,9
868,36,135,77,102,40,23,15,113,14
868,37,111,99,136,20,48,36,24,33
868,38,48,10,46,34,111,121,42,53
868,39,127,62,40,4,126,60,49,89
868,40,29,121,109,33,79,132,49,90
868,41,23,128,142,27,93,132,137,138
868,42,111,41,126,1,76,42,2,22
868,43,58,97,13,110,104,12,98,112
868,44,105,49,80,130,39,65,59,135
869,3,125,50,49,55,121,26,77,76
869,4,117,3,16,62,90,20,69,21
869,5,66,115,88,27,117,55,71,25
869,6,44,89,133,130,119,98,11,127
869,7,21,29,127,30,13,112,39,74
869,8,56,95,46,133,68,80,114,118
869,9,27,75,102,89,117,66,86,138
869,10,5,73,98,84,29,101,99,80
869,11,44,55,30,128,13,49,59,46
869,12,18,95,128,111,46,14,36,22
869,13,101,70,19,12,127,10,107,90
869,14,40,21,114,74,57,47,91,123
869,15,121,115,73,58,135,22,131,89
869,16,97,25,20,32,71,83,84,125
869,17,141,16,55,94,105,109,58,8
869,18,23,77,9,17,137,45,115,57
869,19,13,33,94,70,71,20,121,11
869,20,76,63,79,2,73,93,121,51
869,21,128,107,132,47,117,31,95,130
869,22,65,139,104,115,19,83,117,137
869,23,44,58,85,129,133,101,8,30
869,24,99,50,143,100,108,125,13,49
869,25,107,118,141,43,139,87,81,113
869,26,122,91,89,71,124,82,10,60
869,27,66,88,103,132,121,78,54,97
869,28,51,81,40,142,99,45,38,4
869,29,100,58,51,103,27,0,20,62
869,30,104,135,13,10,43,123,55,21
869,31,31,127,41,80,46,77,139,55
869,32,66,83,47,3,29,105,76,109
869,33,24,96,141,143,95,98,78,101
869,34,20,24,47,38,70,30,52,114
869,35,70,82,38,130,12,9,33,120
869,36,135,17,77,1,14,125,102,117
869,37,99,40,128,102,29,48,136,72
869,38,31,30,42,10,48,33,34,121
869,39,5,46,101,134,26,40,62,44
869,40,29,90,132,26,116,83,65,4
869,41,142,66,28,137,138,130,6,132
869,42,111,126,30,134,46,47,22,108
869,43,13,10,124,63,130,53,110,24
869,44,36,86,58,81,42,49,41,0
870,3,59,72,104,37,86,74,12,48
870,4,73,80,96,93,20,7,109,122
870,5,9,30,91,99,93,42,35,95
870,6,66,116,42,92,142,48,38,74
870,7,118,27,63,122,98,133,17,135
870,8,137,22,17,93,25,118,109,47
870,9,140,52,131,89,95,103,129,29
870,10,83,13,128,102,132,27,79,18
870,11,1,132,8,101,0,16,106,78
870,12,7,71,57,42,95,94,18,108
870,13,70,6,19,60,101,13,127,33
870,14,73,57,36,47,106,21,40,69
870,15,117,102,68,62,25,109,73,134
870,16,59,27,20,25,112,46,71,108
870,17,16,141,39,138,43,34,94,51
870,18,122,107,115,23,69,12,16,9
870,19,71,32,95,78,21,73,118,33
870,20,79,127,76,2,132,41,106,31
870,21,110,63,132,9,103,107,130,4
870,22,125,98,133,142,104,115,65,141
870,23,54,137,41,95,47,98,129,134
870,24,140,50,52,99,32,22,19,90
870,25,107,118,87,139,43,60,141,38
870,26,122,91,10,71,35,135,40,3
870,27,66,54,88,132,103,136,128,69
870,28,51,81,45,5,73,96,38,79
870,29,3,51,20,5,34,128,87,134
870,30,13,121,137,43,34,132,96,21
870,31,77,41,127,69,80,65,94,46
870,32,100,92,13,29,3,105,57,12
870,33,24,96,98,128,143,141,67,95
870,34,20,47,24,140,38,125,52,143
870,35,12,70,82,60,130,17,38,69
870,36,17,45,1,77,125,14,102,141
870,37,99,40,128,48,102,136,72,30
870,38,42,10,30,33,31,53,45,32
870,39,46,40,101,5,134,75,132,4
870,40,132,29,116,90,17,26,36,71
870,41,142,66,6,28,137,132,37,101
870,42,126,30,47,21,44,39,76,134
870,43,10,124,63,110,54,97,96,139
870,44,81,58,36,86,0,42,34,40
871,3,18,49,35,17,38,40,24,76
871,4,126,95,68,85,86,52,102,78
871,5,116,83,109,58,6,89,73,62
871,6,77,96,67,35,92,114,85,65
871,7,128,112,18,5,21,127,60,26
871,8,28,47,133,68,3,53,12,46
871,9,142,45,49,31,115,66,83,59
871,10,37,14,20,140,99,9,83,70
871,11,53,1,62,55,49,5,104,0
871,12,24,99,83,102,111,95,71,106
871,13,101,128,95,90,19,127,12,97
871,14,74,40,106,58,63,91,99,83
871,15,129,69,39,128,90,135,124,131
871,16,125,25,116,97,118,43,71,112
871,17,55,101,0,94,42,58,121,126
871,18,23,77,118,116,57,122,47,15
871,19,62,20,84,13,104,94,71,27
871,20,63,76,121,127,79,101,93,18
871,21,31,104,107,78,17,117,59,133
871,22,119,125,14,135,78,118,83,13
871,23,89,130,31,133,90,17,36,129
871,24,89,90,143,97,88,134,131,129
871,25,107,87,22,81,118,141,14,43
871,26,96,67,12,71,40,139,44,91
871,27,54,140,68,66,13,107,97,132
871,28,118,77,0,81,79,73,45,96
871,29,51,73,5,63,137,62,132,7
871,30,132,137,121,43,68,83,16,1
871,31,41,76,69,31,77,37,135,46
871,32,106,100,29,47,133,75,137,23
871,33,128,24,96,141,83,143,78,95
871,34,20,38,24,52,47,29,114,65
871,35,48,12,117,27,68,130,70,38
871,36,125,108,102,17,113,77,105,124
871,37,76,99,111,136,102,110,53,40
871,38,111,10,31,135,53,121,45,20
871,39,40,5,119,131,60,57,34,46
871,40,29,83,105,28,36,26,132,93
871,41,136,93,132,67,142,28,82,26
871,42,134,20,126,76,96,34,57,47
871,43,132,52,48,139,117,97,128,110
871,44,116,49,83,141,17,36,24,68
872,3,7,115,142,126,0,103,42,134
872,4,132,71,0,83,7,42,136,22
872,5,92,94,37,46,131,17,115,134
872,6,117,19,140,24,57,102,85,50
872,7,105,35,127,83,101,124,97,66
872,8,41,103,89,33,52,66,43,16
872,9,48,139,3,113,129,46,10,75
872,10,62,63,12,136,111,65,56,90
872,11,45,51,65,113,100,110,98,123
872,12,128,97,143,74,86,7,83,36
872,13,7,135,101,31,95,19,6,33
872,14,56,139,51,40,131,74,2,58
872,15,77,129,39,90,40,33,69,131
872,16,63,134,98,125,84,53,71,25
872,17,47,28,68,90,55,103,0,101
872,18,23,77,57,122,116,118,17,137
872,19,13,71,26,62,70,87,20,21
872,20,63,76,95,82,79,121,54,127
872,21,107,63,26,28,17,132,48,115
872,22,94,72,100,119,111,57,78,70
872,23,59,41,51,114,57,101,112,18
872,24,114,54,109,124,84,7,44,24
872,25,107,87,118,81,141,60,20,11
872,26,76,35,110,71,143,36,67,3
872,27,128,68,28,54,66,140,127,103
872,28,83,85,51,79,81,132,91,101
872,29,22,54,51,31,47,5,25,71
872,30,13,54,121,43,137,76,47,115
872,31,136,41,46,137,44,32,74,77
872,32,68,13,92,57,3,100,94,134
872,33,96,5,98,143,140,141,24,67
872,34,20,140,63,38,29,79,24,52
872,35,70,130,38,120,60,12,69,63
872,36,17,45,14,125,77,65,102,1
872,37,99,128,40,102,136,9,111,101
872,38,10,33,42,30,111,58,31,98
872,39,46,101,26,75,40,134,132,4
872,40,29,132,26,17,130,116,7,71
872,41,63,142,87,66,28,132,137,94
872,42,30,21,20,47,44,134,91,95
872,43,63,95,10,82,110,123,138,108
872,44,17,70,95,86,81,42,68,0
873,3,49,50,44,85,52,42,57,17
873,4,15,86,143,42,83,84,85,117
873,5,118,48,68,8,70,55,6,13
873,6,76,77,31,34,135,53,15,105
873,7,112,18,21,13,70,103,114,111
873,8,68,47,133,28,101,40,30,44
873,9,115,31,48,114,52,108,86,126
873,10,37,20,19,83,23,89,9,78
873,11,7,30,45,119,53,55,29,62
873,12,86,24,99,128,63,83,111,100
873,13,101,128,88,135,100,90,89,97
873,14,74,40,58,126,99,92,34,88
873,15,39,69,120,123,135,74,94,128
873,16,63,43,25,133,71,116,125,67
873,17,47,55,58,90,91,95,94,16
873,18,77,116,23,13,17,113,57,38
873,19,87,62,102,20,13,0,100,109
873,20,63,15,53,95,46,76,6,93
873,21,31,99,107,132,104,115,139,28
873,22,93,72,119,46,41,77,19,57
873,23,89,130,142,90,133,1,73,112
873,24,6,131,104,134,89,129,97,88
873,25,107,22,87,118,81,43,21,11
873,26,96,67,71,54,91,19,44,122
873,27,54,140,68,13,66,97,77,47
873,28,118,0,140,51,45,73,79,101
873,29,51,5,137,7,132,46,41,113
873,30,132,137,121,43,83,86,68,11
873,31,41,131,107,137,20,37,36,135
873,32,100,106,29,137,23,18,1,2
873,33,128,96,83,24,84,141,143,25
873,34,29,38,52,24,114,47,65,103
873,35,48,27,36,68,12,38,87,82
873,36,125,108,102,17,113,63,129,124
873,37,111,53,102,110,136,95,44,39
873,38,135,111,31,45,10,55,53,20
873,39,40,5,119,60,131,71,135,93
873,40,29,83,36,26,132,28,4,101
873,41,93,132,124,137,82,28,46,26
873,42,134,126,57,2,96,5,119,138
873,43,117,139,97,130,15,110,54,1
873,44,17,49,141,24,121,130,59,116
874,3,54,86,30,109,125,134,61,65
874,4,44,42,6,40,102,15,27,83
874,5,67,82,35,97,72,73,60,134
874,6,19,8,37,34,50,55,134,12
874,7,45,21,76,75,39,103,134,12
874,8,50,59,133,63,0,114,104,26
874,9,90,102,75,128,134,92,130,108
874,10,29,81,138,110,90,109,73,80
874,11,30,95,89,49,104,112,33,22
874,12,14,111,129,95,88,128,29,135
874,13,101,28,90,132,95,19,111,128
874,14,114,47,74,89,83,40,13,109
874,15,22,58,39,90,113,88,74,110
874,16,97,85,83,43,4,93,25,71
874,17,55,79,42,16,17,94,92,105
874,18,23,116,118,45,135,47,137,77
874,19,13,62,47,132,4,143,20,46
874,20,76,84,63,121,93,127,70,73
874,21,64,31,59,88,100,47,107,125
874,22,134,14,13,70,117,78,83,57
874,23,69,129,36,75,89,67,97,101
874,24,68,80,97,6,92,13,132,104
874,25,107,87,81,11,118,90,141,43
874,26,12,96,71,108,125,3,44,54
874,27,140,54,68,5,13,58,107,47
874,28,90,109,142,0,73,45,23,132
874,29,124,79,7,5,132,62,66,51
874,30,66,121,43,137,132,52,47,86
874,31,41,131,107,50,105,94,137,64
874,32,100,33,62,36,18,47,83,29
874,33,96,83,84,80,143,58,51,68
874,34,38,29,70,47,20,35,41,120
874,35,131,68,36,130,123,91,63,41
874,36,102,135,106,40,86,105,113,72
874,37,111,102,96,18,29,63,136,20
874,38,111,10,46,31,55,53,13,81
874,39,40,127,60,87,119,76,120,118
874,40,29,33,36,94,101,79,102,28
874,41,23,93,141,137,82,28,71,128
874,42,134,126,83,42,119,57,118,5
874,43,58,139,120,103,54,15,71,12
874,44,105,121,24,49,141,59,40,122
875,3,6,72,109,10,47,88,51,58
875,4,16,86,90,3,42,59,62,33
875,5,74,115,66,18,65,62,117,83
875,6,119,11,44,17,55,34,39,49
875,7,81,75,74,112,132,124,57,21
875,8,20,133,28,68,75,85,71,82
875,9,45,90,97,66,128,75,129,27
875,10,10,91,81,25,88,70,5,99
875,11,30,104,115,137,128,99,68,135
875,12,140,111,2,95,63,65,18,82
875,13,4,97,95,59,21,87,89,128
875,14,74,89,40,58,34,114,44,11
875,15,74,39,22,126,41,105,6,26
875,16,97,85,43,116,26,25,4,67
875,17,79,42,16,26,80,109,71,40
875,18,116,118,23,128,77,5,113,111
875,19,62,102,20,80,106,46,75,22
875,20,1,35,70,77,93,129,63,46
875,21,31,14,80,59,104,88,120,139
875,22,20,83,102,19,86,32,89,41
875,23,104,61,78,129,36,69,29,50
875,24,117,68,80,129,38,40,139,105
875,25,107,11,81,87,141,60,45,22
875,26,26,71,10,124,129,122,134,81
875,27,68,0,54,140,66,136,128,132
875,28,40,4,13,108,73,81,77,51
875,29,79,19,81,124,122,58,5,51
875,30,43,52,20,121,88,139,45,85
875,31,107,41,56,36,131,46,26,50
875,32,110,18,100,62,85,75,33,19
875,33,83,96,51,143,24,141,14,79
875,34,70,41,38,105,47,52,20,19
875,35,123,66,117,36,68,130,41,82
875,36,14,34,72,106,45,70,113,49
875,37,60,111,102,96,106,23,99,136
875,38,111,125,53,140,22,24,80,31
875,39,82,40,87,127,62,5,83,60
875,40,29,94,36,79,35,101,6,132
875,41,93,141,128,137,132,29,107,125
875,42,134,42,51,136,126,114,5,83
875,43,58,120,39,52,113,1,60,139
875,44,24,121,49,141,105,59,125,19
876,3,143,13,34,104,89,9,116,28
876,4,90,27,119,117,1,88,31,20
876,5,33,117,25,139,88,115,64,118
876,6,83,81,135,8,71,70,72,113
876,7,103,99,26,112,116,121,87,58
876,8,28,99,133,26,71,4,114,46
876,9,142,66,49,45,76,86,143,23
876,10,32,20,128,138,59,25,94,133
876,11,30,128,77,76,137,139,5,113
876,12,63,95,128,81,105,70,18,1
876,13,101,100,97,128,37,21,89,23
876,14,40,58,34,11,99,117,22,74
876,15,39,128,94,6,74,134,80,27
876,16,97,116,93,121,25,71,124,4
876,17,42,55,133,109,88,10,66,94
876,18,116,23,77,53,34,17,1,113
876,19,62,13,104,20,106,0,15,54
876,20,63,76,70,84,17,71,93,121
876,21,59,64,95,100,139,31,107,119
876,22,70,83,14,6,15,26,121,61
876,23,99,30,7,82,77,129,101,97
876,24,37,137,112,60,119,104,10,50
876,25,11,107,87,81,118,141,43,109
876,26,50,71,124,36,34,89,85,113
876,27,88,121,82,97,140,66,107,54
876,28,40,77,45,73,70,51,137,81
876,29,111,19,60,53,5,103,124,28
876,30,52,43,20,85,121,11,137,133
876,31,107,41,90,55,83,139,94,50
876,32,100,85,75,18,92,9,36,83
876,33,83,96,141,51,143,24,142,71
876,34,20,24,52,114,38,127,70,29
876,35,123,17,70,60,82,68,125,10
876,36,77,34,113,45,17,72,14,136
876,37,99,111,96,60,134,40,102,136
876,38,108,42,111,125,24,22,140,34
876,39,40,87,12,11,82,46,4,20
876,40,36,94,29,132,26,116,79,51
876,41,18,132,142,111,83,77,26,137
876,42,23,87,134,113,30,108,39,106
876,43,55,124,110,24,139,53,10,11
876,44,36,30,58,116,86,34,40,37
877,3,1,2,104,102,134,107,19,25
877,4,11,71,136,23,79,142,125,83
877,5,94,46,131,138,102,80,141,3
877,6,85,98,12,95,117,61,133,102
877,7,105,23,71,55,50,135,60,76
877,8,41,115,117,102,78,4,114,118
877,9,46,139,36,59,79,10,66,47
877,10,62,142,12,81,73,69,133,137
877,11,51,65,113,35,33,45,76,59
877,12,143,116,95,130,125,97,55,3
877,13,101,68,133,46,31,100,6,19
877,14,56,139,64,40,45,59,74,52
877,15,112,77,2,69,39,131,62,134
877,16,31,98,75,25,97,14,125,43
877,17,55,28,117,138,58,90,42,16
877,18,23,30,116,137,9,122,118,45
877,19,13,71,62,121,94,118,20,48
877,20,54,76,63,79,39,16,127,17
877,21,107,63,59,100,67,138,26,47
877,22,94,70,48,13,91,106,109,46
877,23,41,129,59,82,119,77,73,64
877,24,119,54,50,104,103,109,90,140
877,25,107,81,141,118,87,139,60,125
877,26,36,71,91,40,110,122,10,44
877,27,66,128,132,103,88,9,136,63
877,28,81,91,51,83,73,5,45,7
877,29,22,51,111,53,38,5,32,75
877,30,13,52,85,43,11,80,49,99
877,31,69,86,77,94,41,16,127,79
877,32,13,92,100,3,120,105,38,78
877,33,143,24,67,141,98,121,126,95
877,34,20,24,38,47,42,125,21,2
877,35,12,82,70,120,60,3,67,17
877,36,45,17,77,138,117,15,14,92
877,37,99,102,136,128,48,27,30,105
877,38,42,33,30,108,5,84,45,10
877,39,46,4,73,5,19,60,134,44
877,40,132,29,116,107,65,50,17,137
877,41,142,66,101,28,65,21,89,137
877,42,44,21,30,47,39,108,17,5
877,43,10,63,124,110,97,108,24,53
877,44,81,86,0,36,58,42,34,40
878,3,13,25,133,104,32,87,18,17
878,4,84,95,68,5,83,91,138,18
878,5,16,95,11,50,104,74,93,141
878,6,77,89,81,102,117,59,96,132
878,7,128,112,74,99,60,110,18,13
878,8,28,71,29,133,142,72,85,26
878,9,83,114,31,143,14,142,66,108
878,10,37,133,53,9,90,10,86,94
878,11,7,55,0,115,49,31,39,3
878,12,125,99,106,24,100,86,105,63
878,13,101,128,13,97,89,49,90,79
878,14,40,117,58,83,65,7,44,24
878,15,69,93,94,129,96,39,26,128
878,16,125,67,25,88,97,124,112,79
878,17,142,88,58,19,55,34,133,105
878,18,17,23,77,118,53,34,8,45
878,19,62,13,87,130,9,22,39,34
878,20,63,17,15,76,32,93,136,133
878,21,31,64,104,136,88,59,17,138
878,22,70,93,83,19,94,78,41,77
878,23,89,130,30,7,90,63,31,104
878,24,104,119,90,6,143,84,3,103
878,25,107,87,81,22,60,118,103,138
878,26,96,36,50,71,58,21,44,10
878,27,68,140,128,66,14,26,107,132
878,28,73,4,81,140,75,124,50,54
878,29,137,47,5,28,81,103,75,41
878,30,79,137,52,121,43,45,49,131
878,31,41,37,107,99,20,69,143,105
878,32,100,29,90,106,75,125,121,88
878,33,143,80,141,83,128,31,104,68
878,34,29,127,103,132,110,90,114,24
878,35,27,54,123,72,82,68,67,75
878,36,108,125,117,17,45,15,124,102
878,37,102,19,111,76,27,138,141,96
878,38,135,15,83,128,111,24,53,10
878,39,93,44,40,87,19,6,11,83
878,40,29,94,83,132,117,140,101,51
878,41,41,28,8,97,141,26,93,91
878,42,142,23,1,113,134,9,126,50
878,43,47,110,55,124,139,125,6,104
878,44,36,141,130,58,24,49,40,124
879,3,126,134,86,2,72,17,129,45
879,4,85,116,96,93,138,48,11,119
879,5,7,67,38,48,30,15,58,37
879,6,142,109,139,5,135,48,121,69
879,7,91,98,122,55,124,81,19,50
879,8,112,126,43,66,85,46,72,137
879,9,64,52,39,66,80,76,125,75
879,10,102,50,128,56,65,62,58,82
879,11,6,8,106,132,138,1,102,117
879,12,57,130,7,55,95,6,116,131
879,13,6,101,19,42,140,46,13,98
879,14,64,45,139,138,73,134,47,40
879,15,109,2,142,68,69,59,4,77
879,16,108,98,45,101,46,25,125,75
879,17,138,28,55,116,117,105,39,68
879,18,23,17,122,45,77,81,116,118
879,19,71,94,121,136,118,13,64,33
879,20,54,31,79,76,63,69,16,93
879,21,63,103,107,34,50,48,134,130
879,22,94,106,51,142,82,18,93,91
879,23,64,41,6,134,80,129,98,66
879,24,32,54,119,140,103,22,86,90
879,25,107,118,81,139,141,87,54,113
879,26,135,122,36,91,139,10,40,50
879,27,66,121,132,128,141,88,136,28
879,28,81,124,51,79,117,86,96,126
879,29,38,134,111,15,22,42,3,53
879,30,21,52,13,96,11,80,116,114
879,31,85,28,79,86,16,56,48,102
879,32,13,92,12,130,100,44,38,66
879,33,24,67,143,141,121,112,120,85
879,34,20,47,24,30,101,38,125,132
879,35,82,130,118,12,106,17,117,124
879,36,51,17,138,61,77,117,49,4
879,37,99,27,48,136,30,102,128,114
879,38,42,117,30,45,27,76,84,33
879,39,134,46,5,23,60,4,7,43
879,40,132,109,29,116,127,17,36,71
879,41,28,142,101,21,20,138,66,137
879,42,44,39,30,108,57,5,21,17
879,43,124,10,110,97,34,54,63,96
879,44,36,58,81,34,86,40,126,45
880,3,41,4,89,42,96,142,71,24
880,4,42,86,102,89,68,9,126,2
880,5,50,42,110,32,44,107,120,132
880,6,127,18,50,16,125,6,82,89
880,7,112,9,110,21,38,131,52,133
880,8,58,28,133,62,34,6,68,26
880,9,22,102,66,76,83,117,109,130
880,10,45,129,68,137,90,15,133,140
880,11,104,5,39,49,111,127,92,54
880,12,126,138,106,24,22,112,100,118
880,13,90,53,101,103,75,33,76,94
880,14,0,40,91,75,67,11,85,108
880,15,76,64,80,135,39,24,128,46
880,16,118,99,116,125,67,5,101,129
880,17,67,48,108,142,16,66,39,118
880,18,0,77,1,17,115,81,23,13
880,19,129,33,20,104,64,32,105,26
880,20,47,3,77,82,5,32,15,48
880,21,120,110,20,17,14,115,8,132
880,22,19,78,86,104,46,98,83,41
880,23,98,103,63,74,102,49,36,134
880,24,33,129,84,135,44,108,139,3
880,25,125,81,20,61,139,5,11,111
880,26,3,92,110,75,138,140,85,19
880,27,25,66,33,103,132,10,9,26
880,28,124,81,123,138,31,2,25,134
880,29,134,27,81,11,116,126,67,49
880,30,44,87,68,43,66,136,67,131
880,31,93,81,28,127,114,80,34,63
880,32,70,38,120,35,41,7,45,69
880,33,143,125,123,138,38,100,140,80
880,34,67,24,47,101,41,30,44,16
880,35,9,124,118,62,133,25,106,70
880,36,49,46,138,61,50,111,30,104
880,37,72,136,99,135,33,50,37,27
880,38,30,134,34,84,77,111,76,87
880,39,51,19,98,52,100,122,109,18
880,40,90,113,44,50,132,39,71,29
880,41,28,90,43,111,137,101,142,107
880,42,0,22,115,10,96,43,5,124
880,43,24,110,127,120,87,59,124,96
880,44,58,48,108,34,44,18,22,45
881,3,17,93,109,139,4,96,117,136
881,4,104,23,88,116,6,22,53,120
881,5,41,66,32,31,37,48,135,14
881,6,112,105,99,23,31,114,73,100
881,7,0,30,101,65,85,9,98,76
881,8,26,98,62,68,15,37,109,95
881,9,83,24,120,40,16,81,37,84
881,10,8,129,88,110,45,68,90,89
881,11,26,143,89,33,5,112,45,9
881,12,126,106,25,52,84,98,128,135
881,13,90,53,135,124,61,78,103,101
881,14,0,91,37,103,56,40,75,11
881,15,64,76,86,24,63,80,46,11
881,16,100,116,132,80,25,125,4,94
881,17,67,39,16,108,72,142,53,66
881,18,17,77,0,1,115,81,12,113
881,19,20,129,33,104,26,105,64,92
881,20,82,47,108,40,32,76,5,13
881,21,120,110,2,106,62,116,132,4
881,22,19,46,70,0,86,114,98,93
881,23,11,98,68,134,101,3,102,113
881,24,129,102,94,19,109,90,84,139
881,25,81,118,141,107,11,10,139,88
881,26,85,138,75,40,122,10,139,45
881,27,66,103,95,76,9,136,33,125
881,28,81,51,65,79,45,142,134,91
881,29,134,27,116,94,11,51,5,111
881,30,67,93,43,68,13,87,66,42
881,31,56,80,46,131,31,44,126,127
881,32,70,120,38,128,81,56,97,35
881,33,143,121,101,28,141,38,24,114
881,34,24,21,30,41,10,67,20,26
881,35,9,130,25,12,62,118,106,82
881,36,49,46,61,29,138,63,50,30
881,37,99,27,128,48,75,114,121,30
881,38,84,30,134,88,79,121,53,80
881,39,51,132,60,122,87,32,20,4
881,40,90,132,29,71,109,7,117,130
881,41,28,90,142,43,101,137,21,109
881,42,0,135,115,22,96,103,41,50
881,43,110,127,59,109,116,61,52,87
881,44,51,77,123,44,86,85,68,140
882,3,101,93,109,75,143,26,44,27
882,4,113,35,116,88,34,90,6,75
882,5,121,64,104,58,51,115,66,135
882,6,123,130,81,24,39,117,44,73
882,7,130,137,66,97,76,99,87,114
882,8,26,62,58,83,132,114,124,16
882,9,27,8,75,60,89,127,113,66
882,10,90,4,79,18,143,126,140,52
882,11,38,5,26,9,0,4,13,32
882,12,84,126,98,25,7,106,127,116
882,13,92,94,90,101,120,121,127,78
882,14,21,7,0,40,120,29,109,11
882,15,64,80,11,131,112,41,4,79
882,16,20,125,116,137,89,43,60,25
882,17,67,48,85,108,101,19,142,55
882,18,77,17,13,1,113,81,142,100
882,19,104,20,54,26,84,13,46,3
882,20,47,42,77,76,11,108,103,110
882,21,104,107,97,50,31,47,59,114
882,22,46,19,44,0,86,83,70,88
882,23,98,11,38,33,134,102,133,82
882,24,18,129,84,36,139,14,26,109
882,25,81,141,11,136,93,107,67,125
882,26,40,75,85,3,123,138,113,90
882,27,66,103,76,95,108,130,132,125
882,28,81,51,134,66,138,45,2,13
882,29,134,27,94,116,103,11,5,47
882,30,67,87,43,93,68,44,66,11
882,31,80,56,31,46,44,139,26,86
882,32,70,120,41,38,97,56,66,128
882,33,143,101,28,35,125,38,121,140
882,34,24,21,30,47,67,2,117,10
882,35,9,62,130,118,82,25,124,12
882,36,49,46,61,138,63,48,99,14
882,37,99,128,27,121,48,72,75,33
882,38,30,84,134,88,97,143,45,76
882,39,51,87,4,122,60,132,66,109
882,40,90,132,109,29,116,71,117,124
882,41,28,90,142,43,37,26,66,96
882,42,115,0,34,50,30,124,57,56
882,43,110,87,59,32,52,130,103,109
882,44,44,22,86,7,49,36,59,6
883,3,26,136,127,119,32,50,142,120
883,4,116,100,104,35,126,119,4,93
883,5,23,31,13,127,76,20,86,111
883,6,60,96,116,44,20,52,73,49
883,7,112,75,102,131,18,46,99,123
883,8,35,81,6,64,128,16,139,3
883,9,142,14,115,58,76,49,54,129
883,10,18,101,19,25,44,20,90,80
883,11,53,140,9,26,55,98,143,62
883,12,82,126,24,71,99,49,95,25
883,13,101,3,23,130,17,55,34,115
883,14,7,76,103,91,40,50,2,115
883,15,40,129,46,39,131,44,23,128
883,16,125,61,132,116,69,3,17,83
883,17,39,94,139,16,66,123,142,71
883,18,37,115,114,113,140,122,1,132
883,19,33,129,20,136,64,140,71,92
883,20,46,5,79,37,80,82,52,132
883,21,110,120,80,115,1,133,62,91
883,22,46,98,19,77,11,111,141,78
883,23,68,130,38,42,11,90,133,98
883,24,44,131,43,129,114,46,84,26
883,25,81,20,22,10,34,114,5,30
883,26,110,92,138,123,44,47,73,69
883,27,95,16,66,33,125,103,94,108
883,28,81,132,112,51,13,140,75,124
883,29,134,11,103,51,5,41,71,26
883,30,87,132,11,55,43,135,138,93
883,31,76,56,31,118,13,7,143,112
883,32,109,38,128,51,106,59,36,14
883,33,100,83,143,24,121,127,85,73
883,34,24,21,50,0,88,36,44,103
883,35,21,118,134,124,130,106,45,84
883,36,65,29,25,108,11,104,132,8
883,37,27,33,76,129,30,125,36,9
883,38,84,87,117,143,77,45,88,18
883,39,100,87,80,132,64,12,60,47
883,40,35,122,79,132,29,109,117,130
883,41,109,28,102,136,90,89,55,96
883,42,84,135,6,34,115,56,57,51
883,43,3,112,110,140,52,1,53,54
883,44,19,123,99,130,51,85,73,36
884,3,84,26,143,127,48,49,134,102
884,4,61,126,51,84,135,76,66,104
884,5,53,140,139,98,105,28,11,116
884,6,87,96,46,37,77,75,51,31
884,7,18,21,112,78,59,0,5,11
884,8,64,6,139,29,119,39,71,30
884,9,34,115,142,49,83,14,92,126
884,10,37,19,18,101,121,20,133,130
884,11,55,53,0,94,140,60,29,99
884,12,71,109,114,82,99,41,106,36
884,13,101,90,134,130,91,35,23,127
884,14,7,40,71,91,76,58,103,8
884,15,128,131,129,39,26,6,116,135
884,16,125,61,79,60,99,83,116,54
884,17,19,66,16,139,71,142,133,75
884,18,37,77,1,113,17,114,45,49
884,19,104,27,20,22,32,3,54,130
884,20,63,76,47,35,53,11,17,108
884,21,47,50,110,97,31,83,80,142
884,22,46,70,19,77,83,130,6,119
884,23,130,89,11,85,42,38,102,131
884,24,131,43,139,129,109,117,3,84
884,25,81,10,141,22,118,61,113,125
884,26,96,10,85,44,40,71,120,123
884,27,66,22,121,108,91,103,130,141
884,28,81,13,51,112,79,45,135,140
884,29,134,26,103,66,53,41,63,75
884,30,11,43,139,87,111,83,9,132
884,31,76,31,85,41,56,26,35,112
884,32,34,106,100,128,29,69,59,63
884,33,24,141,83,127,120,95,143,78
884,34,24,30,70,120,117,21,44,88
884,35,130,132,104,77,33,117,41,10
884,36,34,77,26,14,29,49,63,104
884,37,27,47,29,117,57,92,136,105
884,38,84,88,117,121,89,53,62,143
884,39,87,80,5,60,44,47,86,119
884,40,29,65,71,101,36,91,132,26
884,41,93,82,138,136,15,115,26,89
884,42,34,118,110,50,108,10,31,114
884,43,1,52,110,54,130,116,25,53
884,44,130,49,24,125,83,59,52,141
885,3,28,102,143,84,4,24,136,15
885,4,102,42,127,18,121,135,69,51
885,5,84,132,57,110,117,13,35,77
885,6,94,134,110,81,46,37,112,48
885,7,112,74,128,88,13,26,122,18
885,8,111,28,128,6,11,71,5,127
885,9,49,15,102,31,142,143,62,67
885,10,20,140,15,137,81,77,123,88
885,11,24,22,12,60,35,79,5,113
885,12,82,103,99,95,134,33,5,17
885,13,12,101,0,19,120,89,100,136
885,14,4,40,7,8,58,11,19,97
885,15,90,135,39,143,6,26,102,27
885,16,93,60,15,43,125,24,71,3
885,17,55,94,42,16,133,19,47,65
885,18,17,9,45,77,113,23,137,1
885,19,39,65,20,61,104,125,38,46
885,20,73,93,76,53,63,40,4,25
885,21,50,139,106,110,20,13,142,107
885,22,70,56,83,20,32,62,137,15
885,23,134,99,30,11,82,4,77,142
885,24,6,70,102,129,60,3,72,25
885,25,81,11,103,87,141,118,43,34
885,26,120,50,85,134,44,71,77,36
885,27,63,66,130,22,121,132,125,58
885,28,137,81,45,87,140,51,124,119
885,29,60,53,134,28,103,5,66,33
885,30,96,11,137,43,55,20,101,139
885,31,41,26,131,37,107,105,6,85
885,32,100,45,34,18,38,66,37,10
885,33,24,104,83,57,143,141,73,79
885,34,29,132,24,114,105,2,110,88
885,35,58,54,5,45,67,125,132,46
885,36,34,14,113,126,63,76,68,90
885,37,27,92,96,68,32,23,102,128
885,38,135,88,6,111,20,7,58,117
885,39,87,93,47,7,34,12,19,55
885,40,36,71,34,83,117,77,26,51
885,41,26,77,137,138,43,28,115,0
885,42,87,23,113,34,121,5,57,10
885,43,110,130,24,53,82,124,132,50
885,44,16,30,36,130,80,49,58,34
886,3,100,76,94,134,39,43,68,19
886,4,17,54,60,40,21,83,15,6
886,5,122,90,82,60,111,52,93,5
886,6,15,65,69,134,59,12,40,53
886,7,73,108,57,60,59,135,85,140
886,8,56,108,79,121,16,71,118,114
886,9,32,7,0,69,108,130,36,64
886,10,23,74,139,89,134,67,38,69
886,11,135,46,93,35,117,33,110,70
886,12,56,53,76,8,71,120,95,138
886,13,30,101,130,126,6,4,78,90
886,14,112,8,91,40,7,83,106,103
886,15,71,132,18,103,46,26,69,111
886,16,143,55,84,125,25,120,54,116
886,17,19,41,90,42,0,94,139,138
886,18,17,137,81,12,77,135,113,37
886,19,91,39,33,20,140,71,26,123
886,20,17,93,0,76,112,53,127,120
886,21,111,110,33,100,70,3,97,72
886,22,85,70,56,19,116,25,14,78
886,23,4,137,31,56,11,90,131,142
886,24,6,129,120,131,90,121,128,113
886,25,103,81,87,55,113,118,43,71
886,26,120,36,71,49,119,96,41,21
886,27,63,140,125,26,68,9,58,54
886,28,87,81,76,91,34,5,71,45
886,29,84,103,5,51,66,46,113,75
886,30,96,137,117,11,121,21,54,101
886,31,131,37,103,41,110,29,75,46
886,32,100,45,37,3,142,66,111,23
886,33,73,24,104,143,137,80,19,34
886,34,29,132,62,143,26,48,50,114
886,35,125,67,58,132,25,27,82,28
886,36,17,106,117,102,63,113,97,125
886,37,27,50,121,76,111,101,7,77
886,38,135,0,101,5,48,83,58,100
886,39,26,7,5,93,75,83,96,47
886,40,34,18,29,83,121,129,117,51
886,41,108,112,0,26,107,86,120,71
886,42,12,120,57,123,76,9,134,5
886,43,130,110,15,103,76,125,53,54
886,44,93,130,80,141,124,57,107,122
887,3,50,76,89,114,94,65,40,12
887,4,68,133,10,3,83,42,15,95
887,5,88,105,82,55,86,136,27,106
887,6,94,110,74,112,134,39,89,65
887,7,112,18,74,128,21,5,85,57
887,8,28,12,56,122,44,67,84,11
887,9,115,142,81,102,88,74,14,51
887,10,140,98,20,94,90,136,83,9
887,11,12,22,77,55,5,140,117,20
887,12,36,71,24,81,60,90,100,103
887,13,112,10,89,56,1,97,28,54
887,14,7,40,65,0,58,67,88,107
887,15,90,63,135,98,83,64,131,6
887,16,60,90,4,122,25,92,28,137
887,17,19,72,53,39,66,95,29,94
887,18,45,17,8,137,120,81,71,75
887,19,39,130,87,30,85,86,94,3
887,20,17,71,93,22,46,76,87,25
887,21,111,95,31,16,13,139,20,110
887,22,19,42,20,12,85,70,83,102
887,23,56,99,85,133,44,104,48,101
887,24,6,129,82,132,42,124,72,90
887,25,81,103,87,43,71,113,49,11
887,26,120,71,134,119,58,84,60,19
887,27,70,89,125,26,63,58,27,14
887,28,80,81,31,45,70,34,13,10
887,29,94,100,103,47,131,113,105,5
887,30,11,54,96,43,135,34,55,110
887,31,131,110,41,85,77,46,37,29
887,32,100,111,3,45,121,109,31,114
887,33,73,143,104,28,19,5,120,68
887,34,16,13,143,26,50,29,132,3
887,35,67,25,75,120,82,58,5,4
887,36,23,14,49,117,17,46,106,63
887,37,121,50,27,23,99,77,9,57
887,38,48,5,111,112,0,34,135,117
887,39,26,75,61,7,39,93,60,132
887,40,18,129,83,29,124,51,36,121
887,41,90,56,12,28,26,71,0,130
887,42,34,4,110,12,124,57,121,5
887,43,110,76,142,132,55,103,15,108
887,44,87,44,7,76,22,33,34,4
888,3,40,24,115,118,53,124,50,13
888,4,107,124,68,76,112,126,86,15
888,5,120,140,44,8,40,38,47,50
888,6,104,57,19,110,50,96,71,15
888,7,110,5,112,22,75,18,14,70
888,8,44,132,61,118,40,39,83,138
888,9,83,43,116,45,130,79,137,31
888,10,94,21,20,101,89,83,90,140
888,11,140,79,99,123,11,12,67,55
888,12,103,142,13,17,136,36,47,114
888,13,112,101,1,54,34,75,118,10
888,14,7,40,113,23,94,65,63,122
888,15,123,98,120,131,83,63,74,126
888,16,28,60,120,0,79,92,93,143
888,17,19,95,53,72,90,39,126,94
888,18,45,137,75,71,118,8,23,17
888,19,87,105,130,20,94,64,140,62
888,20,93,17,46,22,76,67,82,25
888,21,111,102,1,80,135,54,110,139
888,22,77,57,70,19,0,83,56,130
888,23,134,88,30,80,133,56,20,130
888,24,137,60,103,94,37,6,110,142
888,25,81,54,11,141,139,113,125,69
888,26,85,50,41,135,71,113,44,40
888,27,66,132,121,95,27,33,137,28
888,28,140,137,81,130,124,75,51,36
888,29,60,33,103,42,119,47,134,135
888,30,139,38,121,43,131,28,105,80
888,31,41,83,131,136,85,76,81,31
888,32,34,116,100,130,18,26,85,134
888,33,57,83,142,14,143,139,71,60
888,34,29,47,75,70,143,9,105,94
888,35,111,118,26,41,84,82,54,110
888,36,72,84,66,113,104,68,102,76
888,37,98,96,63,139,27,6,9,136
888,38,135,111,109,45,125,22,24,7
888,39,87,136,89,19,11,121,6,108
888,40,123,96,36,113,48,26,77,83
888,41,52,88,138,137,115,111,123,86
888,42,23,87,108,5,113,39,91,127
888,43,24,50,110,116,93,30,131,139
888,44,36,129,40,58,95,34,30,2
